Fecha/Hora,glb,dir,dif,sct,ghi,dirh,difh,dni,temp,vel,shadow,cloud
2007-01-01 00:00:00,0.00,0.00,0.00,0.00,0.00,0.00,0.00,0.00,18.13,0.47,1.00,0.00
2007-01-01 01:00:00,0.00,0.00,0.00,0.00,0.00,0.00,0.00,0.00,17.66,0.39,1.00,0.00
2007-01-01 02:00:00,0.00,0.00,0.00,0.00,0.00,0.00,0.00,0.00,16.46,0.30,1.00,0.00
2007-01-01 03:00:00,0.00,0.00,0.00,0.00,0.00,0.00,0.00,0.00,15.38,0.21,1.00,0.00
2007-01-01 04:00:00,0.00,0.00,0.00,0.00,0.00,0.00,0.00,0.00,14.40,0.21,1.00,0.00
2007-01-01 05:00:00,0.00,0.00,0.00,0.00,0.00,0.00,0.00,0.00,13.47,0.21,1.00,0.00
2007-01-01 06:00:00,16.41,0.00,16.07,0.34,17.48,0.00,17.48,0.00,14.40,0.28,1.00,0.00
2007-01-01 07:00:00,93.32,44.83,43.78,4.71,243.34,195.72,47.62,743.62,16.60,0.43,0.00,0.00
2007-01-01 08:00:00,327.75,257.40,61.32,9.03,466.46,399.76,66.70,869.54,19.31,0.80,0.00,0.00
2007-01-01 09:00:00,564.83,476.68,75.04,13.11,677.40,595.78,81.62,931.33,22.35,1.26,0.00,0.00
2007-01-01 10:00:00,772.31,669.91,85.79,16.61,857.74,764.42,93.32,966.65,25.26,1.70,0.00,0.00
2007-01-01 11:00:00,929.78,817.04,93.51,19.23,993.24,891.52,101.72,987.58,27.29,2.10,0.00,0.00
2007-01-01 12:00:00,1019.23,900.76,97.76,20.70,1069.22,962.88,106.34,994.83,28.82,2.66,0.00,0.00
2007-01-01 13:00:00,1036.73,917.19,98.55,20.98,1083.66,976.46,107.20,994.57,30.12,3.05,0.00,0.00
2007-01-01 14:00:00,980.94,865.03,95.87,20.05,1035.60,931.32,104.28,987.08,28.97,3.13,0.00,0.00
2007-01-01 15:00:00,857.82,749.92,89.89,18.00,930.00,832.22,97.78,972.53,28.43,3.12,0.00,0.00
2007-01-01 16:00:00,676.49,580.76,80.75,14.97,773.44,685.60,87.84,946.58,27.51,2.96,0.00,0.00
2007-01-01 17:00:00,453.58,373.73,68.66,11.19,578.10,503.42,74.68,901.90,25.89,2.67,0.00,0.00
2007-01-01 18:00:00,213.19,152.84,53.39,6.95,359.12,301.04,58.08,816.33,24.27,1.83,0.00,0.00
2007-01-01 19:00:00,35.73,0.00,33.00,2.73,140.86,104.96,35.90,621.68,22.44,1.17,0.00,0.00
2007-01-01 20:00:00,0.00,0.00,0.00,0.00,0.00,0.00,0.00,0.00,20.92,0.57,1.00,0.00
2007-01-01 21:00:00,0.00,0.00,0.00,0.00,0.00,0.00,0.00,0.00,19.69,0.38,1.00,0.00
2007-01-01 22:00:00,0.00,0.00,0.00,0.00,0.00,0.00,0.00,0.00,18.93,0.25,1.00,0.00
2007-01-01 23:00:00,0.00,0.00,0.00,0.00,0.00,0.00,0.00,0.00,18.17,0.21,1.00,0.00
2007-01-02 00:00:00,0.00,0.00,0.00,0.00,0.00,0.00,0.00,0.00,17.54,0.33,1.00,0.00
2007-01-02 01:00:00,0.00,0.00,0.00,0.00,0.00,0.00,0.00,0.00,17.17,0.31,1.00,0.00
2007-01-02 02:00:00,0.00,0.00,0.00,0.00,0.00,0.00,0.00,0.00,16.42,0.23,1.00,0.00
2007-01-02 03:00:00,0.00,0.00,0.00,0.00,0.00,0.00,0.00,0.00,15.56,0.13,1.00,0.00
2007-01-02 04:00:00,0.00,0.00,0.00,0.00,0.00,0.00,0.00,0.00,14.65,0.07,1.00,0.00
2007-01-02 05:00:00,0.00,0.00,0.00,0.00,0.00,0.00,0.00,0.00,14.16,0.10,1.00,0.00
2007-01-02 06:00:00,15.92,0.00,15.59,0.33,16.96,0.00,16.96,0.00,15.14,0.29,1.00,0.00
2007-01-02 07:00:00,92.07,43.72,43.65,4.70,242.82,195.34,47.48,748.88,17.23,0.43,0.00,0.00
2007-01-02 08:00:00,327.30,257.07,61.21,9.03,466.22,399.64,66.58,873.41,20.17,0.82,0.00,0.00
2007-01-02 09:00:00,566.20,478.00,75.05,13.14,678.88,597.24,81.64,936.37,22.92,1.23,0.00,0.00
2007-01-02 10:00:00,775.95,673.32,85.96,16.67,861.32,767.82,93.50,972.79,25.53,1.67,0.00,0.00
2007-01-02 11:00:00,935.47,822.35,93.79,19.33,998.68,896.66,102.02,994.43,27.47,2.06,0.00,0.00
2007-01-02 12:00:00,1028.33,909.24,98.22,20.87,1077.94,971.10,106.84,1003.96,28.75,2.60,0.00,0.00
2007-01-02 13:00:00,1048.75,928.35,99.20,21.20,1095.26,987.36,107.90,1005.87,29.71,2.95,0.00,0.00
2007-01-02 14:00:00,994.93,877.95,96.66,20.32,1049.36,944.22,105.14,1000.51,29.06,3.11,0.00,0.00
2007-01-02 15:00:00,871.54,762.61,90.66,18.27,943.76,845.14,98.62,987.11,28.28,3.03,0.00,0.00
2007-01-02 16:00:00,689.09,592.34,81.53,15.23,786.62,697.94,88.68,962.66,27.28,2.93,0.00,0.00
2007-01-02 17:00:00,463.73,382.96,69.35,11.42,589.68,514.24,75.44,919.85,25.70,2.56,0.00,0.00
2007-01-02 18:00:00,218.29,157.35,53.85,7.09,366.02,307.44,58.58,831.85,23.64,1.58,0.00,0.00
2007-01-02 19:00:00,36.09,0.00,33.30,2.79,143.96,107.74,36.22,635.55,21.11,0.79,0.00,0.00
2007-01-02 20:00:00,0.00,0.00,0.00,0.00,0.00,0.00,0.00,0.00,19.33,0.19,1.00,0.00
2007-01-02 21:00:00,0.00,0.00,0.00,0.00,0.00,0.00,0.00,0.00,18.04,0.23,1.00,0.00
2007-01-02 22:00:00,0.00,0.00,0.00,0.00,0.00,0.00,0.00,0.00,17.10,0.54,1.00,0.00
2007-01-02 23:00:00,0.00,0.00,0.00,0.00,0.00,0.00,0.00,0.00,16.21,0.50,1.00,0.00
2007-01-03 00:00:00,0.00,0.00,0.00,0.00,0.00,0.00,0.00,0.00,15.59,0.51,1.00,0.00
2007-01-03 01:00:00,0.00,0.00,0.00,0.00,0.00,0.00,0.00,0.00,14.95,0.50,1.00,0.00
2007-01-03 02:00:00,0.00,0.00,0.00,0.00,0.00,0.00,0.00,0.00,14.46,0.47,1.00,0.00
2007-01-03 03:00:00,0.00,0.00,0.00,0.00,0.00,0.00,0.00,0.00,13.87,0.36,1.00,0.00
2007-01-03 04:00:00,0.00,0.00,0.00,0.00,0.00,0.00,0.00,0.00,13.28,0.34,1.00,0.00
2007-01-03 05:00:00,0.00,0.00,0.00,0.00,0.00,0.00,0.00,0.00,14.22,0.20,1.00,0.00
2007-01-03 06:00:00,15.47,0.00,15.15,0.32,16.48,0.00,16.48,0.00,15.29,0.09,1.00,0.00
2007-01-03 07:00:00,91.65,43.18,43.72,4.75,245.22,197.66,47.56,764.70,18.33,0.28,0.00,0.00
2007-01-03 08:00:00,330.37,259.80,61.45,9.12,471.12,404.28,66.84,887.77,21.17,0.75,0.00,0.00
2007-01-03 09:00:00,570.85,482.28,75.33,13.25,684.22,602.28,81.94,946.86,23.94,1.23,0.00,0.00
2007-01-03 10:00:00,780.50,677.54,86.20,16.76,865.78,772.02,93.76,979.84,26.45,1.61,0.00,0.00
2007-01-03 11:00:00,938.89,825.54,93.96,19.39,1001.56,899.36,102.20,998.60,28.62,2.18,0.00,0.00
2007-01-03 12:00:00,1029.65,910.47,98.30,20.88,1078.46,971.54,106.92,1005.06,29.93,2.70,0.00,0.00
2007-01-03 13:00:00,1047.80,927.48,99.16,21.17,1093.34,985.48,107.86,1004.16,30.57,2.99,0.00,0.00
2007-01-03 14:00:00,992.29,875.56,96.49,20.24,1045.44,940.48,104.96,996.42,31.24,3.11,0.00,0.00
2007-01-03 15:00:00,867.31,758.73,90.43,18.16,937.96,839.60,98.36,980.12,30.24,3.12,0.00,0.00
2007-01-03 16:00:00,684.41,588.09,81.21,15.10,779.90,691.56,88.34,953.07,28.88,2.88,0.00,0.00
2007-01-03 17:00:00,459.74,379.45,69.01,11.29,582.94,507.88,75.06,907.30,27.32,2.63,0.00,0.00
2007-01-03 18:00:00,219.73,158.75,53.89,7.09,366.20,307.58,58.62,830.41,25.23,1.71,0.00,0.00
2007-01-03 19:00:00,36.34,0.00,33.50,2.84,146.54,110.10,36.44,646.85,22.85,0.92,0.00,0.00
2007-01-03 20:00:00,0.00,0.00,0.00,0.00,0.00,0.00,0.00,0.00,21.23,0.33,1.00,0.00
2007-01-03 21:00:00,0.00,0.00,0.00,0.00,0.00,0.00,0.00,0.00,19.84,0.14,1.00,0.00
2007-01-03 22:00:00,0.00,0.00,0.00,0.00,0.00,0.00,0.00,0.00,18.61,0.46,1.00,0.00
2007-01-03 23:00:00,0.00,0.00,0.00,0.00,0.00,0.00,0.00,0.00,17.60,0.46,1.00,0.00
2007-01-04 00:00:00,0.00,0.00,0.00,0.00,0.00,0.00,0.00,0.00,16.77,0.49,1.00,0.00
2007-01-04 01:00:00,0.00,0.00,0.00,0.00,0.00,0.00,0.00,0.00,16.08,0.46,1.00,0.00
2007-01-04 02:00:00,0.00,0.00,0.00,0.00,0.00,0.00,0.00,0.00,15.32,0.44,1.00,0.00
2007-01-04 03:00:00,0.00,0.00,0.00,0.00,0.00,0.00,0.00,0.00,14.42,0.48,1.00,0.00
2007-01-04 04:00:00,0.00,0.00,0.00,0.00,0.00,0.00,0.00,0.00,13.44,0.44,1.00,0.00
2007-01-04 05:00:00,0.00,0.00,0.00,0.00,0.00,0.00,0.00,0.00,14.72,0.33,1.00,0.00
2007-01-04 06:00:00,14.78,0.00,14.47,0.30,15.74,0.00,15.74,0.00,16.24,0.18,1.00,0.00
2007-01-04 07:00:00,89.31,41.37,43.28,4.66,240.64,193.56,47.08,755.74,19.22,0.22,0.00,0.00
2007-01-04 08:00:00,327.31,257.15,61.12,9.04,466.76,400.28,66.48,882.90,22.41,0.70,0.00,0.00
2007-01-04 09:00:00,567.92,479.71,75.04,13.17,680.32,598.70,81.62,944.04,25.59,1.13,0.00,0.00
2007-01-04 10:00:00,778.40,675.76,85.94,16.70,862.84,769.36,93.48,978.34,28.43,1.56,0.00,0.00
2007-01-04 11:00:00,938.15,825.02,93.77,19.36,999.96,897.96,102.00,998.22,30.83,2.03,0.00,0.00
2007-01-04 12:00:00,1030.19,911.15,98.17,20.87,1078.04,971.26,106.78,1005.48,32.35,2.50,0.00,0.00
2007-01-04 13:00:00,1049.46,929.23,99.05,21.18,1094.04,986.30,107.74,1005.24,33.14,2.91,0.00,0.00
2007-01-04 14:00:00,994.77,878.06,96.44,20.27,1046.88,941.98,104.90,997.89,32.67,3.01,0.00,0.00
2007-01-04 15:00:00,870.91,762.28,90.43,18.21,940.60,842.24,98.36,982.69,31.81,3.01,0.00,0.00
2007-01-04 16:00:00,688.45,592.02,81.27,15.16,783.12,694.72,88.40,956.63,30.78,2.81,0.00,0.00
2007-01-04 17:00:00,463.56,383.11,69.10,11.35,586.20,511.04,75.16,911.77,29.51,2.56,0.00,0.00
2007-01-04 18:00:00,220.81,159.91,53.82,7.08,365.92,307.38,58.54,828.42,27.43,1.55,0.00,0.00
2007-01-04 19:00:00,36.22,0.00,33.41,2.81,145.04,108.70,36.34,636.69,24.93,0.78,0.00,0.00
2007-01-04 20:00:00,0.00,0.00,0.00,0.00,0.00,0.00,0.00,0.00,22.94,0.21,1.00,0.00
2007-01-04 21:00:00,0.00,0.00,0.00,0.00,0.00,0.00,0.00,0.00,21.49,0.34,1.00,0.00
2007-01-04 22:00:00,0.00,0.00,0.00,0.00,0.00,0.00,0.00,0.00,20.20,0.62,1.00,0.00
2007-01-04 23:00:00,0.00,0.00,0.00,0.00,0.00,0.00,0.00,0.00,18.93,0.75,1.00,0.00
2007-01-05 00:00:00,0.00,0.00,0.00,0.00,0.00,0.00,0.00,0.00,17.90,0.81,1.00,0.00
2007-01-05 01:00:00,0.00,0.00,0.00,0.00,0.00,0.00,0.00,0.00,17.21,0.76,1.00,0.00
2007-01-05 02:00:00,0.00,0.00,0.00,0.00,0.00,0.00,0.00,0.00,16.63,0.78,1.00,0.00
2007-01-05 03:00:00,0.00,0.00,0.00,0.00,0.00,0.00,0.00,0.00,15.99,0.64,1.00,0.00
2007-01-05 04:00:00,0.00,0.00,0.00,0.00,0.00,0.00,0.00,0.00,15.14,0.55,1.00,0.00
2007-01-05 05:00:00,0.00,0.00,0.00,0.00,0.00,0.00,0.00,0.00,16.10,0.33,1.00,0.00
2007-01-05 06:00:00,14.23,0.00,13.94,0.29,15.16,0.00,15.16,0.00,17.48,0.20,1.00,0.00
2007-01-05 07:00:00,87.43,39.80,43.02,4.60,237.78,190.98,46.80,753.11,20.14,0.15,0.00,0.00
2007-01-05 08:00:00,324.59,254.77,60.86,8.96,462.98,396.78,66.20,879.71,23.07,0.62,0.00,0.00
2007-01-05 09:00:00,564.88,477.01,74.78,13.09,676.20,594.86,81.34,940.79,26.07,1.02,0.00,0.00
2007-01-05 10:00:00,775.09,672.78,85.68,16.62,858.48,765.28,93.20,975.02,28.56,1.47,0.00,0.00
2007-01-05 11:00:00,934.61,821.83,93.51,19.27,995.30,893.58,101.72,994.62,30.76,1.79,0.00,0.00
2007-01-05 12:00:00,1026.36,907.71,97.87,20.77,1073.02,966.56,106.46,1001.32,32.01,2.40,0.00,0.00
2007-01-05 13:00:00,1045.83,925.97,98.77,21.08,1089.06,981.62,107.44,1000.78,32.69,2.88,0.00,0.00
2007-01-05 14:00:00,991.07,874.80,96.11,20.17,1041.82,937.28,104.54,992.79,31.95,2.95,0.00,0.00
2007-01-05 15:00:00,868.52,760.23,90.15,18.13,936.64,838.58,98.06,978.01,31.21,2.91,0.00,0.00
2007-01-05 16:00:00,686.93,590.82,81.01,15.10,779.92,691.80,88.12,951.82,30.22,2.84,0.00,0.00
2007-01-05 17:00:00,463.13,382.91,68.91,11.31,584.04,509.08,74.96,907.33,28.70,2.65,0.00,0.00
2007-01-05 18:00:00,222.41,161.52,53.80,7.09,366.42,307.90,58.52,828.37,26.46,1.79,0.00,0.00
2007-01-05 19:00:00,36.32,0.00,33.48,2.83,146.42,110.00,36.42,642.37,23.70,1.14,0.00,0.00
2007-01-05 20:00:00,0.00,0.00,0.00,0.00,0.00,0.00,0.00,0.00,21.71,0.33,1.00,0.00
2007-01-05 21:00:00,0.00,0.00,0.00,0.00,0.00,0.00,0.00,0.00,20.32,0.16,1.00,0.00
2007-01-05 22:00:00,0.00,0.00,0.00,0.00,0.00,0.00,0.00,0.00,19.27,0.41,1.00,0.00
2007-01-05 23:00:00,0.00,0.00,0.00,0.00,0.00,0.00,0.00,0.00,18.34,0.54,1.00,0.00
2007-01-06 00:00:00,0.00,0.00,0.00,0.00,0.00,0.00,0.00,0.00,17.50,0.62,1.00,0.00
2007-01-06 01:00:00,0.00,0.00,0.00,0.00,0.00,0.00,0.00,0.00,16.78,0.51,1.00,0.00
2007-01-06 02:00:00,0.00,0.00,0.00,0.00,0.00,0.00,0.00,0.00,15.89,0.59,1.00,0.00
2007-01-06 03:00:00,0.00,0.00,0.00,0.00,0.00,0.00,0.00,0.00,15.12,0.58,1.00,0.00
2007-01-06 04:00:00,0.00,0.00,0.00,0.00,0.00,0.00,0.00,0.00,14.50,0.46,1.00,0.00
2007-01-06 05:00:00,0.00,0.00,0.00,0.00,0.00,0.00,0.00,0.00,14.95,0.27,1.00,0.00
2007-01-06 06:00:00,13.44,0.00,13.16,0.28,14.32,0.00,14.32,0.00,16.26,0.08,1.00,0.00
2007-01-06 07:00:00,84.67,37.70,42.49,4.48,231.20,184.98,46.22,736.31,18.89,0.30,0.00,0.00
2007-01-06 08:00:00,318.37,249.31,60.27,8.78,453.78,388.22,65.56,864.92,21.37,0.75,0.00,0.00
2007-01-06 09:00:00,555.37,468.49,74.02,12.86,664.22,583.70,80.52,926.11,24.19,1.19,0.00,0.00
2007-01-06 10:00:00,762.75,661.64,84.76,16.34,843.98,751.78,92.20,959.81,26.48,1.68,0.00,0.00
2007-01-06 11:00:00,919.87,808.48,92.45,18.95,978.68,878.12,100.56,978.59,28.25,2.20,0.00,0.00
2007-01-06 12:00:00,1010.58,893.36,96.79,20.43,1055.50,950.22,105.28,985.09,28.97,2.83,0.00,0.00
2007-01-06 13:00:00,1029.58,911.16,97.69,20.73,1070.98,964.72,106.26,983.86,28.68,3.21,0.00,0.00
2007-01-06 14:00:00,975.46,860.56,95.08,19.83,1024.08,920.66,103.42,975.18,28.13,3.48,0.00,0.00
2007-01-06 15:00:00,854.06,747.08,89.18,17.80,919.68,822.68,97.00,959.16,27.12,3.30,0.00,0.00
2007-01-06 16:00:00,675.00,580.05,80.15,14.81,764.82,677.64,87.18,931.73,26.32,3.17,0.00,0.00
2007-01-06 17:00:00,454.69,375.45,68.18,11.06,571.48,497.32,74.16,885.46,25.01,2.88,0.00,0.00
2007-01-06 18:00:00,219.33,159.10,53.28,6.95,358.86,300.90,57.96,808.48,23.46,2.17,0.00,0.00
2007-01-06 19:00:00,36.00,0.00,33.22,2.78,143.36,107.22,36.14,624.88,21.85,1.28,0.00,0.00
2007-01-06 20:00:00,0.00,0.00,0.00,0.00,0.00,0.00,0.00,0.00,20.57,0.62,1.00,0.00
2007-01-06 21:00:00,0.00,0.00,0.00,0.00,0.00,0.00,0.00,0.00,19.46,0.45,1.00,0.00
2007-01-06 22:00:00,0.00,0.00,0.00,0.00,0.00,0.00,0.00,0.00,18.71,0.36,1.00,0.00
2007-01-06 23:00:00,0.00,0.00,0.00,0.00,0.00,0.00,0.00,0.00,18.24,0.33,1.00,0.00
2007-01-07 00:00:00,0.00,0.00,0.00,0.00,0.00,0.00,0.00,0.00,17.69,0.51,1.00,0.00
2007-01-07 01:00:00,0.00,0.00,0.00,0.00,0.00,0.00,0.00,0.00,17.29,0.58,1.00,0.00
2007-01-07 02:00:00,0.00,0.00,0.00,0.00,0.00,0.00,0.00,0.00,17.04,0.82,1.00,0.00
2007-01-07 03:00:00,0.00,0.00,0.00,0.00,0.00,0.00,0.00,0.00,16.27,0.54,1.00,0.00
2007-01-07 04:00:00,0.00,0.00,0.00,0.00,0.00,0.00,0.00,0.00,15.31,0.43,1.00,0.00
2007-01-07 05:00:00,0.00,0.00,0.00,0.00,0.00,0.00,0.00,0.00,14.46,0.43,1.00,0.00
2007-01-07 06:00:00,12.47,0.00,12.21,0.26,13.28,0.00,13.28,0.00,15.96,0.43,1.00,0.00
2007-01-07 07:00:00,80.69,34.81,41.61,4.27,220.46,175.20,45.26,704.49,18.35,0.56,0.00,0.00
2007-01-07 08:00:00,308.25,240.46,59.30,8.50,438.92,374.42,64.50,838.55,20.66,1.00,0.00,0.00
2007-01-07 09:00:00,541.28,455.73,73.03,12.52,646.70,567.26,79.44,902.75,23.45,1.57,0.00,0.00
2007-01-07 10:00:00,746.49,646.71,83.81,15.97,825.10,733.94,91.16,938.86,25.30,2.02,0.00,0.00
2007-01-07 11:00:00,903.13,792.96,91.58,18.58,959.88,860.26,99.62,959.92,27.06,2.51,0.00,0.00
2007-01-07 12:00:00,996.40,880.16,96.11,20.13,1039.58,935.04,104.54,970.10,28.24,3.03,0.00,0.00
2007-01-07 13:00:00,1018.98,901.27,97.21,20.50,1058.74,953.00,105.74,972.25,29.39,3.41,0.00,0.00
2007-01-07 14:00:00,968.93,854.42,94.84,19.67,1015.92,912.76,103.16,966.82,28.83,3.37,0.00,0.00
2007-01-07 15:00:00,851.14,744.30,89.12,17.72,915.08,818.14,96.94,953.57,27.63,3.26,0.00,0.00
2007-01-07 16:00:00,675.24,580.22,80.24,14.78,763.52,676.24,87.28,929.19,26.33,3.00,0.00,0.00
2007-01-07 17:00:00,456.93,377.46,68.38,11.08,572.54,498.16,74.38,886.05,24.79,2.57,0.00,0.00
2007-01-07 18:00:00,219.55,159.40,53.25,6.91,356.90,298.98,57.92,802.28,22.90,1.90,0.00,0.00
2007-01-07 19:00:00,35.77,0.00,33.04,2.73,140.98,105.04,35.94,610.95,21.07,0.97,0.00,0.00
2007-01-07 20:00:00,0.00,0.00,0.00,0.00,0.00,0.00,0.00,0.00,19.28,0.60,1.00,0.00
2007-01-07 21:00:00,0.00,0.00,0.00,0.00,0.00,0.00,0.00,0.00,17.41,0.17,1.00,0.00
2007-01-07 22:00:00,0.00,0.00,0.00,0.00,0.00,0.00,0.00,0.00,16.36,0.27,1.00,0.00
2007-01-07 23:00:00,0.00,0.00,0.00,0.00,0.00,0.00,0.00,0.00,15.57,0.28,1.00,0.00
2007-01-08 00:00:00,0.00,0.00,0.00,0.00,0.00,0.00,0.00,0.00,14.84,0.31,1.00,0.00
2007-01-08 01:00:00,0.00,0.00,0.00,0.00,0.00,0.00,0.00,0.00,14.01,0.20,1.00,0.00
2007-01-08 02:00:00,0.00,0.00,0.00,0.00,0.00,0.00,0.00,0.00,14.66,0.19,1.00,0.00
2007-01-08 03:00:00,0.00,0.00,0.00,0.00,0.00,0.00,0.00,0.00,15.74,0.10,1.00,0.00
2007-01-08 04:00:00,0.00,0.00,0.00,0.00,0.00,0.00,0.00,0.00,16.13,0.08,1.00,0.00
2007-01-08 05:00:00,0.00,0.00,0.00,0.00,0.00,0.00,0.00,0.00,17.31,0.25,1.00,0.00
2007-01-08 06:00:00,12.18,0.00,11.93,0.25,12.98,0.00,12.98,0.00,18.46,0.24,1.00,0.00
2007-01-08 07:00:00,81.50,35.03,42.09,4.38,226.22,180.44,45.78,733.04,20.63,0.46,0.00,0.00
2007-01-08 08:00:00,316.30,247.45,60.12,8.72,450.58,385.18,65.40,867.20,23.02,0.83,0.00,0.00
2007-01-08 09:00:00,557.29,470.21,74.21,12.88,665.28,584.56,80.72,933.31,25.59,1.30,0.00,0.00
2007-01-08 10:00:00,770.37,668.61,85.30,16.47,850.60,757.82,92.78,971.44,28.13,1.67,0.00,0.00
2007-01-08 11:00:00,933.89,821.35,93.35,19.19,991.42,889.88,101.54,994.35,29.93,2.21,0.00,0.00
2007-01-08 12:00:00,1028.86,910.23,97.87,20.76,1072.12,965.66,106.46,1002.69,31.38,2.67,0.00,0.00
2007-01-08 13:00:00,1051.08,931.07,98.90,21.12,1090.70,983.12,107.58,1003.37,32.51,3.07,0.00,0.00
2007-01-08 14:00:00,998.86,882.22,96.40,20.25,1045.88,941.02,104.86,996.75,31.85,3.21,0.00,0.00
2007-01-08 15:00:00,876.32,767.63,90.48,18.21,940.64,842.22,98.42,981.33,31.21,3.23,0.00,0.00
2007-01-08 16:00:00,694.38,597.88,81.32,15.17,783.56,695.10,88.46,954.63,30.20,3.01,0.00,0.00
2007-01-08 17:00:00,469.71,389.14,69.21,11.36,587.00,511.72,75.28,909.46,28.67,2.75,0.00,0.00
2007-01-08 18:00:00,225.57,164.71,53.80,7.06,364.90,306.38,58.52,821.42,26.65,1.81,0.00,0.00
2007-01-08 19:00:00,36.14,0.00,33.35,2.79,144.00,107.72,36.28,625.91,24.11,1.07,0.00,0.00
2007-01-08 20:00:00,0.00,0.00,0.00,0.00,0.00,0.00,0.00,0.00,22.12,0.47,1.00,0.00
2007-01-08 21:00:00,0.00,0.00,0.00,0.00,0.00,0.00,0.00,0.00,20.56,0.14,1.00,0.00
2007-01-08 22:00:00,0.00,0.00,0.00,0.00,0.00,0.00,0.00,0.00,19.15,0.43,1.00,0.00
2007-01-08 23:00:00,0.00,0.00,0.00,0.00,0.00,0.00,0.00,0.00,18.09,0.55,1.00,0.00
2007-01-09 00:00:00,0.00,0.00,0.00,0.00,0.00,0.00,0.00,0.00,17.38,0.51,1.00,0.00
2007-01-09 01:00:00,0.00,0.00,0.00,0.00,0.00,0.00,0.00,0.00,16.62,0.59,1.00,0.00
2007-01-09 02:00:00,0.00,0.00,0.00,0.00,0.00,0.00,0.00,0.00,16.35,0.52,1.00,0.00
2007-01-09 03:00:00,0.00,0.00,0.00,0.00,0.00,0.00,0.00,0.00,16.11,0.46,1.00,0.00
2007-01-09 04:00:00,0.00,0.00,0.00,0.00,0.00,0.00,0.00,0.00,15.17,0.51,1.00,0.00
2007-01-09 05:00:00,0.00,0.00,0.00,0.00,0.00,0.00,0.00,0.00,15.82,0.38,1.00,0.00
2007-01-09 06:00:00,5.99,0.00,5.87,0.12,6.38,0.00,6.38,0.00,16.50,0.27,1.00,1.00
2007-01-09 07:00:00,81.57,34.86,42.25,4.46,230.36,184.40,45.96,757.46,18.75,0.07,0.00,0.00
2007-01-09 08:00:00,323.03,253.50,60.62,8.91,460.40,394.46,65.94,892.81,21.63,0.49,0.00,0.00
2007-01-09 09:00:00,567.43,479.53,74.80,13.10,676.76,595.40,81.36,953.52,23.77,1.15,0.00,0.00
2007-01-09 10:00:00,781.18,678.64,85.87,16.68,861.52,768.12,93.40,986.71,26.59,1.59,0.00,0.00
2007-01-09 11:00:00,943.54,830.32,93.85,19.37,1000.48,898.40,102.08,1005.19,28.20,2.19,0.00,0.00
2007-01-09 12:00:00,1035.72,916.66,98.19,20.87,1077.92,971.12,106.80,1009.20,29.03,2.78,0.00,0.00
2007-01-09 13:00:00,1055.03,934.77,99.09,21.17,1093.34,985.56,107.78,1006.29,29.53,3.21,0.00,0.00
2007-01-09 14:00:00,1000.10,883.42,96.44,20.24,1045.64,940.74,104.90,996.57,29.11,3.31,0.00,0.00
2007-01-09 15:00:00,878.06,769.33,90.52,18.21,940.88,842.42,98.46,981.46,28.19,3.26,0.00,0.00
2007-01-09 16:00:00,696.39,599.79,81.42,15.18,784.16,695.60,88.56,955.01,27.19,2.99,0.00,0.00
2007-01-09 17:00:00,471.78,391.10,69.30,11.38,587.68,512.30,75.38,910.03,25.85,2.70,0.00,0.00
2007-01-09 18:00:00,228.95,167.78,54.04,7.13,368.32,309.54,58.78,829.17,24.02,1.79,0.00,0.00
2007-01-09 19:00:00,36.50,0.00,33.65,2.85,147.08,110.48,36.60,641.31,21.72,1.01,0.00,0.00
2007-01-09 20:00:00,0.00,0.00,0.00,0.00,0.00,0.00,0.00,0.00,20.02,0.49,1.00,0.00
2007-01-09 21:00:00,0.00,0.00,0.00,0.00,0.00,0.00,0.00,0.00,18.63,0.18,1.00,0.00
2007-01-09 22:00:00,0.00,0.00,0.00,0.00,0.00,0.00,0.00,0.00,17.75,0.42,1.00,0.00
2007-01-09 23:00:00,0.00,0.00,0.00,0.00,0.00,0.00,0.00,0.00,17.38,0.61,1.00,0.00
2007-01-10 00:00:00,0.00,0.00,0.00,0.00,0.00,0.00,0.00,0.00,17.36,0.55,1.00,0.00
2007-01-10 01:00:00,0.00,0.00,0.00,0.00,0.00,0.00,0.00,0.00,16.87,0.67,1.00,0.00
2007-01-10 02:00:00,0.00,0.00,0.00,0.00,0.00,0.00,0.00,0.00,16.39,0.50,1.00,0.00
2007-01-10 03:00:00,0.00,0.00,0.00,0.00,0.00,0.00,0.00,0.00,15.41,0.41,1.00,0.00
2007-01-10 04:00:00,0.00,0.00,0.00,0.00,0.00,0.00,0.00,0.00,14.20,0.50,1.00,0.00
2007-01-10 05:00:00,0.00,0.00,0.00,0.00,0.00,0.00,0.00,0.00,13.79,0.47,1.00,0.00
2007-01-10 06:00:00,10.81,0.00,10.59,0.22,11.52,0.00,11.52,0.00,13.35,0.30,1.00,0.00
2007-01-10 07:00:00,79.62,33.27,41.98,4.38,226.12,180.46,45.66,749.09,15.93,0.13,0.00,0.00
2007-01-10 08:00:00,319.75,250.54,60.40,8.81,455.18,389.48,65.70,886.25,19.06,0.52,0.00,0.00
2007-01-10 09:00:00,565.22,477.50,74.69,13.03,673.20,591.96,81.24,951.13,22.01,1.07,0.00,0.00
2007-01-10 10:00:00,781.40,678.83,85.90,16.66,860.64,767.20,93.44,987.62,25.52,1.56,0.00,0.00
2007-01-10 11:00:00,946.94,833.55,93.97,19.41,1002.78,900.56,102.22,1009.02,27.79,2.00,0.00,0.00
2007-01-10 12:00:00,1040.98,921.57,98.46,20.95,1082.00,974.90,107.10,1013.99,29.22,2.61,0.00,0.00
2007-01-10 13:00:00,1061.61,940.94,99.40,21.27,1098.72,990.60,108.12,1011.88,30.08,3.03,0.00,0.00
2007-01-10 14:00:00,1007.63,890.48,96.79,20.36,1051.92,946.64,105.28,1002.95,29.71,3.12,0.00,0.00
2007-01-10 15:00:00,883.67,774.56,90.81,18.30,945.24,846.46,98.78,985.96,28.76,3.12,0.00,0.00
2007-01-10 16:00:00,700.57,603.71,81.62,15.24,787.06,698.28,88.78,958.37,27.83,2.90,0.00,0.00
2007-01-10 17:00:00,474.55,393.71,69.43,11.41,589.24,513.72,75.52,912.08,26.59,2.68,0.00,0.00
2007-01-10 18:00:00,230.91,169.61,54.15,7.15,369.22,310.32,58.90,830.90,24.65,1.85,0.00,0.00
2007-01-10 19:00:00,36.53,0.00,33.68,2.85,147.22,110.58,36.64,641.89,22.36,1.17,0.00,0.00
2007-01-10 20:00:00,0.00,0.00,0.00,0.00,0.00,0.00,0.00,0.00,20.70,0.44,1.00,0.00
2007-01-10 21:00:00,0.00,0.00,0.00,0.00,0.00,0.00,0.00,0.00,19.36,0.19,1.00,0.00
2007-01-10 22:00:00,0.00,0.00,0.00,0.00,0.00,0.00,0.00,0.00,18.35,0.57,1.00,0.00
2007-01-10 23:00:00,0.00,0.00,0.00,0.00,0.00,0.00,0.00,0.00,17.57,0.47,1.00,0.00
2007-01-11 00:00:00,0.00,0.00,0.00,0.00,0.00,0.00,0.00,0.00,16.99,0.54,1.00,0.00
2007-01-11 01:00:00,0.00,0.00,0.00,0.00,0.00,0.00,0.00,0.00,16.47,0.54,1.00,0.00
2007-01-11 02:00:00,0.00,0.00,0.00,0.00,0.00,0.00,0.00,0.00,15.87,0.61,1.00,0.00
2007-01-11 03:00:00,0.00,0.00,0.00,0.00,0.00,0.00,0.00,0.00,15.16,0.52,1.00,0.00
2007-01-11 04:00:00,0.00,0.00,0.00,0.00,0.00,0.00,0.00,0.00,14.17,0.42,1.00,0.00
2007-01-11 05:00:00,0.00,0.00,0.00,0.00,0.00,0.00,0.00,0.00,14.93,0.41,1.00,0.00
2007-01-11 06:00:00,10.18,0.00,9.97,0.21,10.84,0.00,10.84,0.00,15.66,0.21,1.00,0.00
2007-01-11 07:00:00,78.40,32.17,41.88,4.35,224.50,178.94,45.56,751.23,18.05,0.15,0.00,0.00
2007-01-11 08:00:00,319.40,250.15,60.46,8.79,454.26,388.50,65.76,888.78,20.94,0.67,0.00,0.00
2007-01-11 09:00:00,565.14,477.33,74.80,13.01,672.18,590.82,81.36,952.43,23.90,1.20,0.00,0.00
2007-01-11 10:00:00,781.23,678.58,86.01,16.63,859.26,765.70,93.56,987.79,26.52,1.73,0.00,0.00
2007-01-11 11:00:00,946.35,832.88,94.10,19.38,1000.80,898.44,102.36,1008.07,28.46,2.20,0.00,0.00
2007-01-11 12:00:00,1041.30,921.79,98.59,20.92,1080.84,973.60,107.24,1013.55,29.92,2.74,0.00,0.00
2007-01-11 13:00:00,1062.81,942.00,99.55,21.26,1098.34,990.06,108.28,1011.84,31.04,3.18,0.00,0.00
2007-01-11 14:00:00,1009.46,892.14,96.95,20.37,1052.20,946.74,105.46,1003.24,31.73,3.14,0.00,0.00
2007-01-11 15:00:00,888.60,779.14,91.09,18.37,948.76,849.68,99.08,989.71,31.26,3.10,0.00,0.00
2007-01-11 16:00:00,707.34,609.98,82.00,15.35,792.86,703.66,89.20,965.44,30.30,3.03,0.00,0.00
2007-01-11 17:00:00,481.31,399.93,69.85,11.53,595.72,519.74,75.98,922.54,28.96,2.57,0.00,0.00
2007-01-11 18:00:00,233.95,172.40,54.35,7.20,371.82,312.70,59.12,836.91,26.84,1.66,0.00,0.00
2007-01-11 19:00:00,36.58,0.00,33.72,2.86,147.50,110.82,36.68,643.92,24.42,0.58,0.00,0.00
2007-01-11 20:00:00,0.00,0.00,0.00,0.00,0.00,0.00,0.00,0.00,22.42,0.27,1.00,0.00
2007-01-11 21:00:00,0.00,0.00,0.00,0.00,0.00,0.00,0.00,0.00,20.54,0.46,1.00,0.00
2007-01-11 22:00:00,0.00,0.00,0.00,0.00,0.00,0.00,0.00,0.00,19.31,0.77,1.00,0.00
2007-01-11 23:00:00,0.00,0.00,0.00,0.00,0.00,0.00,0.00,0.00,18.15,0.90,1.00,0.00
2007-01-12 00:00:00,0.00,0.00,0.00,0.00,0.00,0.00,0.00,0.00,17.42,0.73,1.00,0.00
2007-01-12 01:00:00,0.00,0.00,0.00,0.00,0.00,0.00,0.00,0.00,16.37,0.63,1.00,0.00
2007-01-12 02:00:00,0.00,0.00,0.00,0.00,0.00,0.00,0.00,0.00,15.62,0.51,1.00,0.00
2007-01-12 03:00:00,0.00,0.00,0.00,0.00,0.00,0.00,0.00,0.00,15.18,0.64,1.00,0.00
2007-01-12 04:00:00,0.00,0.00,0.00,0.00,0.00,0.00,0.00,0.00,14.10,0.71,1.00,0.00
2007-01-12 05:00:00,0.00,0.00,0.00,0.00,0.00,0.00,0.00,0.00,15.97,0.59,1.00,0.00
2007-01-12 06:00:00,9.14,0.00,8.95,0.19,9.74,0.00,9.74,0.00,17.64,0.34,1.00,0.00
2007-01-12 07:00:00,74.38,29.48,40.78,4.12,212.72,168.36,44.36,714.96,22.19,0.04,0.00,0.00
2007-01-12 08:00:00,306.75,239.32,59.00,8.43,435.38,371.20,64.18,853.80,25.84,0.50,0.00,0.00
2007-01-12 09:00:00,546.14,460.48,73.11,12.55,648.50,568.98,79.52,920.48,28.64,1.05,0.00,0.00
2007-01-12 10:00:00,757.56,657.30,84.16,16.11,831.98,740.44,91.54,957.25,31.40,1.54,0.00,0.00
2007-01-12 11:00:00,920.02,809.05,92.15,18.81,971.54,871.30,100.24,979.02,33.18,1.94,0.00,0.00
2007-01-12 12:00:00,1018.00,900.70,96.88,20.43,1055.18,949.80,105.38,989.68,34.38,2.45,0.00,0.00
2007-01-12 13:00:00,1044.10,925.13,98.11,20.86,1077.44,970.72,106.72,992.59,33.96,3.00,0.00,0.00
2007-01-12 14:00:00,996.01,880.09,95.85,20.07,1036.46,932.20,104.26,988.07,33.55,3.07,0.00,0.00
2007-01-12 15:00:00,877.69,769.45,90.13,18.11,935.34,837.30,98.04,975.29,32.63,3.07,0.00,0.00
2007-01-12 16:00:00,699.01,602.70,81.18,15.13,781.64,693.34,88.30,951.12,31.51,3.07,0.00,0.00
2007-01-12 17:00:00,476.23,395.67,69.19,11.37,587.42,512.16,75.26,908.85,30.12,2.57,0.00,0.00
2007-01-12 18:00:00,234.21,172.90,54.15,7.16,369.90,311.00,58.90,832.36,27.54,1.80,0.00,0.00
2007-01-12 19:00:00,36.65,0.00,33.78,2.87,148.44,111.70,36.74,649.69,24.90,0.80,0.00,0.00
2007-01-12 20:00:00,0.00,0.00,0.00,0.00,0.00,0.00,0.00,0.00,23.00,0.18,1.00,0.00
2007-01-12 21:00:00,0.00,0.00,0.00,0.00,0.00,0.00,0.00,0.00,21.62,0.29,1.00,0.00
2007-01-12 22:00:00,0.00,0.00,0.00,0.00,0.00,0.00,0.00,0.00,20.36,0.46,1.00,0.00
2007-01-12 23:00:00,0.00,0.00,0.00,0.00,0.00,0.00,0.00,0.00,19.29,0.66,1.00,0.00
2007-01-13 00:00:00,0.00,0.00,0.00,0.00,0.00,0.00,0.00,0.00,18.25,0.64,1.00,0.00
2007-01-13 01:00:00,0.00,0.00,0.00,0.00,0.00,0.00,0.00,0.00,17.38,0.55,1.00,0.00
2007-01-13 02:00:00,0.00,0.00,0.00,0.00,0.00,0.00,0.00,0.00,16.61,0.53,1.00,0.00
2007-01-13 03:00:00,0.00,0.00,0.00,0.00,0.00,0.00,0.00,0.00,16.27,0.51,1.00,0.00
2007-01-13 04:00:00,0.00,0.00,0.00,0.00,0.00,0.00,0.00,0.00,15.75,0.55,1.00,0.00
2007-01-13 05:00:00,0.00,0.00,0.00,0.00,0.00,0.00,0.00,0.00,16.83,0.27,1.00,0.00
2007-01-13 06:00:00,8.32,0.00,8.15,0.17,8.86,0.00,8.86,0.00,18.03,0.20,1.00,0.00
2007-01-13 07:00:00,72.55,28.19,40.32,4.05,208.98,165.12,43.86,709.38,21.12,0.15,0.00,0.00
2007-01-13 08:00:00,303.84,236.94,58.56,8.34,430.78,367.08,63.70,849.24,23.99,0.58,0.00,0.00
2007-01-13 09:00:00,543.10,457.93,72.70,12.46,643.84,564.76,79.08,916.71,26.11,1.13,0.00,0.00
2007-01-13 10:00:00,754.58,654.77,83.79,16.02,827.40,736.26,91.14,954.03,28.70,1.60,0.00,0.00
2007-01-13 11:00:00,917.28,806.72,91.84,18.73,967.24,867.34,99.90,975.97,30.47,2.16,0.00,0.00
2007-01-13 12:00:00,1015.04,898.17,96.53,20.34,1050.56,945.56,105.00,986.17,31.61,2.71,0.00,0.00
2007-01-13 13:00:00,1041.01,922.48,97.76,20.77,1072.60,966.26,106.34,988.59,31.03,3.27,0.00,0.00
2007-01-13 14:00:00,992.91,877.48,95.46,19.97,1031.48,927.64,103.84,983.54,30.14,3.29,0.00,0.00
2007-01-13 15:00:00,873.89,766.19,89.71,17.99,929.46,831.88,97.58,969.08,29.11,3.38,0.00,0.00
2007-01-13 16:00:00,694.70,598.96,80.74,15.00,774.96,687.14,87.82,942.62,27.78,3.30,0.00,0.00
2007-01-13 17:00:00,472.51,392.51,68.75,11.24,580.76,505.98,74.78,897.88,26.46,2.85,0.00,0.00
2007-01-13 18:00:00,232.32,171.55,53.71,7.06,364.54,306.12,58.42,819.66,24.19,2.51,0.00,0.00
2007-01-13 19:00:00,36.22,0.00,33.41,2.81,145.10,108.76,36.34,633.22,22.46,1.35,0.00,0.00
2007-01-13 20:00:00,0.00,0.00,0.00,0.00,0.00,0.00,0.00,0.00,21.06,0.76,1.00,0.00
2007-01-13 21:00:00,0.00,0.00,0.00,0.00,0.00,0.00,0.00,0.00,19.77,0.09,1.00,0.00
2007-01-13 22:00:00,0.00,0.00,0.00,0.00,0.00,0.00,0.00,0.00,19.06,0.17,1.00,0.00
2007-01-13 23:00:00,0.00,0.00,0.00,0.00,0.00,0.00,0.00,0.00,18.57,0.37,1.00,0.00
2007-01-14 00:00:00,0.00,0.00,0.00,0.00,0.00,0.00,0.00,0.00,17.54,0.46,1.00,0.00
2007-01-14 01:00:00,0.00,0.00,0.00,0.00,0.00,0.00,0.00,0.00,16.91,0.51,1.00,0.00
2007-01-14 02:00:00,0.00,0.00,0.00,0.00,0.00,0.00,0.00,0.00,16.30,0.42,1.00,0.00
2007-01-14 03:00:00,0.00,0.00,0.00,0.00,0.00,0.00,0.00,0.00,16.00,0.36,1.00,0.00
2007-01-14 04:00:00,0.00,0.00,0.00,0.00,0.00,0.00,0.00,0.00,15.30,0.36,1.00,0.00
2007-01-14 05:00:00,0.00,0.00,0.00,0.00,0.00,0.00,0.00,0.00,14.54,0.19,1.00,0.00
2007-01-14 06:00:00,7.53,0.00,7.37,0.16,8.02,0.00,8.02,0.00,15.51,0.11,1.00,0.00
2007-01-14 07:00:00,71.32,27.15,40.16,4.01,207.16,163.48,43.68,711.15,18.72,0.30,0.00,0.00
2007-01-14 08:00:00,304.15,237.21,58.60,8.34,430.58,366.84,63.74,853.67,21.63,0.69,0.00,0.00
2007-01-14 09:00:00,544.38,459.09,72.81,12.47,644.22,565.02,79.20,920.21,24.64,1.13,0.00,0.00
2007-01-14 10:00:00,756.73,656.77,83.92,16.04,828.40,737.12,91.28,957.21,27.13,1.69,0.00,0.00
2007-01-14 11:00:00,919.48,808.80,91.93,18.74,968.00,868.00,100.00,978.21,28.93,2.16,0.00,0.00
2007-01-14 12:00:00,1015.41,898.59,96.51,20.31,1049.28,944.30,104.98,985.83,29.95,2.65,0.00,0.00
2007-01-14 13:00:00,1039.19,920.88,97.62,20.70,1069.00,962.82,106.18,985.67,30.72,3.22,0.00,0.00
2007-01-14 14:00:00,989.36,874.27,95.22,19.86,1026.02,922.44,103.58,978.33,29.72,3.20,0.00,0.00
2007-01-14 15:00:00,871.28,763.89,89.49,17.90,924.82,827.48,97.34,964.05,28.93,3.31,0.00,0.00
2007-01-14 16:00:00,693.64,598.13,80.57,14.94,771.80,684.16,87.64,938.53,27.82,3.25,0.00,0.00
2007-01-14 17:00:00,472.34,392.52,68.62,11.20,578.46,503.82,74.64,894.05,26.61,2.83,0.00,0.00
2007-01-14 18:00:00,231.88,171.39,53.49,7.00,361.46,303.28,58.18,812.40,24.77,2.40,0.00,0.00
2007-01-14 19:00:00,35.91,0.00,33.15,2.76,142.50,106.44,36.06,620.96,23.34,1.40,0.00,0.00
2007-01-14 20:00:00,0.00,0.00,0.00,0.00,0.00,0.00,0.00,0.00,21.47,0.86,1.00,0.00
2007-01-14 21:00:00,0.00,0.00,0.00,0.00,0.00,0.00,0.00,0.00,19.82,0.40,1.00,0.00
2007-01-14 22:00:00,0.00,0.00,0.00,0.00,0.00,0.00,0.00,0.00,18.61,0.35,1.00,0.00
2007-01-14 23:00:00,0.00,0.00,0.00,0.00,0.00,0.00,0.00,0.00,17.78,0.47,1.00,0.00
2007-01-15 00:00:00,0.00,0.00,0.00,0.00,0.00,0.00,0.00,0.00,17.08,0.43,1.00,0.00
2007-01-15 01:00:00,0.00,0.00,0.00,0.00,0.00,0.00,0.00,0.00,16.70,0.37,1.00,0.00
2007-01-15 02:00:00,0.00,0.00,0.00,0.00,0.00,0.00,0.00,0.00,16.60,0.26,1.00,0.00
2007-01-15 03:00:00,0.00,0.00,0.00,0.00,0.00,0.00,0.00,0.00,16.26,0.10,1.00,0.00
2007-01-15 04:00:00,0.00,0.00,0.00,0.00,0.00,0.00,0.00,0.00,15.50,0.02,1.00,0.00
2007-01-15 05:00:00,0.00,0.00,0.00,0.00,0.00,0.00,0.00,0.00,15.05,0.18,1.00,0.00
2007-01-15 06:00:00,6.65,0.00,6.51,0.14,7.08,0.00,7.08,0.00,16.34,0.23,1.00,0.00
2007-01-15 07:00:00,69.45,25.76,39.77,3.92,202.40,159.14,43.26,700.56,18.83,0.54,0.00,0.00
2007-01-15 08:00:00,300.63,234.14,58.27,8.22,424.80,361.42,63.38,846.02,21.09,0.97,0.00,0.00
2007-01-15 09:00:00,539.91,455.10,72.46,12.35,637.68,558.86,78.82,913.46,23.71,1.37,0.00,0.00
2007-01-15 10:00:00,751.22,651.79,83.53,15.89,820.92,730.06,90.86,950.25,25.86,1.80,0.00,0.00
2007-01-15 11:00:00,913.73,803.59,91.55,18.59,960.36,860.78,99.58,971.49,27.55,2.45,0.00,0.00
2007-01-15 12:00:00,1010.35,893.99,96.18,20.18,1042.38,937.76,104.62,979.98,28.72,2.88,0.00,0.00
2007-01-15 13:00:00,1035.17,917.23,97.36,20.58,1063.06,957.16,105.90,980.51,28.43,3.35,0.00,0.00
2007-01-15 14:00:00,986.02,871.27,94.99,19.76,1020.72,917.40,103.32,973.34,28.22,3.54,0.00,0.00
2007-01-15 15:00:00,869.34,762.19,89.32,17.83,920.88,823.72,97.16,959.87,27.32,3.51,0.00,0.00
2007-01-15 16:00:00,693.07,597.73,80.44,14.89,769.18,681.68,87.50,935.28,26.46,3.36,0.00,0.00
2007-01-15 17:00:00,472.64,392.97,68.51,11.17,576.78,502.26,74.52,891.51,25.51,3.03,0.00,0.00
2007-01-15 18:00:00,232.76,172.37,53.41,6.98,360.46,302.36,58.10,810.29,23.89,2.53,0.00,0.00
2007-01-15 19:00:00,35.82,0.00,33.08,2.75,141.82,105.84,35.98,619.32,22.42,1.42,0.00,0.00
2007-01-15 20:00:00,0.00,0.00,0.00,0.00,0.00,0.00,0.00,0.00,21.00,0.83,1.00,0.00
2007-01-15 21:00:00,0.00,0.00,0.00,0.00,0.00,0.00,0.00,0.00,19.81,0.50,1.00,0.00
2007-01-15 22:00:00,0.00,0.00,0.00,0.00,0.00,0.00,0.00,0.00,18.86,0.22,1.00,0.00
2007-01-15 23:00:00,0.00,0.00,0.00,0.00,0.00,0.00,0.00,0.00,18.24,0.27,1.00,0.00
2007-01-16 00:00:00,0.00,0.00,0.00,0.00,0.00,0.00,0.00,0.00,17.80,0.34,1.00,0.00
2007-01-16 01:00:00,0.00,0.00,0.00,0.00,0.00,0.00,0.00,0.00,17.64,0.24,1.00,0.00
2007-01-16 02:00:00,0.00,0.00,0.00,0.00,0.00,0.00,0.00,0.00,17.35,0.18,1.00,0.00
2007-01-16 03:00:00,0.00,0.00,0.00,0.00,0.00,0.00,0.00,0.00,17.07,0.08,1.00,0.00
2007-01-16 04:00:00,0.00,0.00,0.00,0.00,0.00,0.00,0.00,0.00,16.21,0.12,1.00,0.00
2007-01-16 05:00:00,0.00,0.00,0.00,0.00,0.00,0.00,0.00,0.00,15.80,0.18,1.00,0.00
2007-01-16 06:00:00,1.95,0.00,1.91,0.04,2.08,0.00,2.08,0.00,16.99,0.11,1.00,1.00
2007-01-16 07:00:00,67.06,24.16,39.11,3.79,196.02,153.48,42.54,684.35,19.36,0.38,0.00,0.00
2007-01-16 08:00:00,174.04,2.30,168.13,3.61,186.42,3.54,182.88,8.34,21.42,0.93,0.00,1.00
2007-01-16 09:00:00,372.13,4.67,359.77,7.69,397.06,5.72,391.34,9.38,24.16,1.35,0.00,1.00
2007-01-16 10:00:00,582.63,16.37,554.23,12.03,621.16,18.30,602.86,23.87,26.08,1.87,0.00,1.00
2007-01-16 11:00:00,737.26,35.83,686.25,15.19,784.76,38.30,746.46,43.29,27.87,2.37,0.00,1.00
2007-01-16 12:00:00,1000.53,885.14,95.45,19.95,1030.48,926.66,103.82,969.42,29.01,2.79,0.00,0.00
2007-01-16 13:00:00,1026.61,909.53,96.70,20.38,1052.50,947.32,105.18,971.08,29.86,3.28,0.00,0.00
2007-01-16 14:00:00,979.57,865.54,94.43,19.59,1012.14,909.42,102.72,965.30,29.13,3.61,0.00,0.00
2007-01-16 15:00:00,862.81,756.40,88.75,17.66,911.98,815.44,96.54,950.52,28.19,3.50,0.00,0.00
2007-01-16 16:00:00,687.18,592.56,79.89,14.73,760.62,673.72,86.90,924.51,26.91,3.26,0.00,0.00
2007-01-16 17:00:00,468.13,389.14,67.98,11.02,569.12,495.18,73.94,879.17,25.55,2.98,0.00,0.00
2007-01-16 18:00:00,231.17,171.25,53.05,6.88,355.56,297.86,57.70,798.93,23.63,2.22,0.00,0.00
2007-01-16 19:00:00,35.48,0.00,32.78,2.70,139.36,103.70,35.66,609.25,22.02,1.38,0.00,0.00
2007-01-16 20:00:00,0.00,0.00,0.00,0.00,0.00,0.00,0.00,0.00,20.44,0.75,1.00,0.00
2007-01-16 21:00:00,0.00,0.00,0.00,0.00,0.00,0.00,0.00,0.00,19.21,0.49,1.00,0.00
2007-01-16 22:00:00,0.00,0.00,0.00,0.00,0.00,0.00,0.00,0.00,18.22,0.06,1.00,0.00
2007-01-16 23:00:00,0.00,0.00,0.00,0.00,0.00,0.00,0.00,0.00,17.69,0.21,1.00,0.00
2007-01-17 00:00:00,0.00,0.00,0.00,0.00,0.00,0.00,0.00,0.00,17.35,0.40,1.00,0.00
2007-01-17 01:00:00,0.00,0.00,0.00,0.00,0.00,0.00,0.00,0.00,16.98,0.29,1.00,0.00
2007-01-17 02:00:00,0.00,0.00,0.00,0.00,0.00,0.00,0.00,0.00,16.79,0.29,1.00,0.00
2007-01-17 03:00:00,0.00,0.00,0.00,0.00,0.00,0.00,0.00,0.00,16.10,0.09,1.00,0.00
2007-01-17 04:00:00,0.00,0.00,0.00,0.00,0.00,0.00,0.00,0.00,15.18,0.12,1.00,0.00
2007-01-17 05:00:00,0.00,0.00,0.00,0.00,0.00,0.00,0.00,0.00,14.79,0.21,1.00,0.00
2007-01-17 06:00:00,4.92,0.00,4.82,0.10,5.24,0.00,5.24,0.00,15.99,0.08,1.00,0.00
2007-01-17 07:00:00,66.33,23.52,39.03,3.78,195.36,152.90,42.46,690.14,18.35,0.31,0.00,0.00
2007-01-17 08:00:00,296.85,231.04,57.72,8.09,417.86,355.08,62.78,841.14,20.70,0.74,0.00,0.00
2007-01-17 09:00:00,535.53,451.46,71.87,12.20,629.98,551.80,78.18,908.29,23.17,1.10,0.00,0.00
2007-01-17 10:00:00,746.70,648.02,82.94,15.74,812.92,722.70,90.22,945.08,25.82,1.66,0.00,0.00
2007-01-17 11:00:00,908.34,799.02,90.90,18.42,951.30,852.42,98.88,965.16,27.78,1.96,0.00,0.00
2007-01-17 12:00:00,1006.27,890.63,95.61,20.03,1034.54,930.54,104.00,974.53,29.31,2.47,0.00,0.00
2007-01-17 13:00:00,1032.44,915.16,96.82,20.45,1056.50,951.18,105.32,975.77,30.44,2.91,0.00,0.00
2007-01-17 14:00:00,985.01,870.82,94.53,19.67,1015.78,912.96,102.82,969.54,29.95,3.27,0.00,0.00
2007-01-17 15:00:00,867.86,761.31,88.83,17.72,915.32,818.70,96.62,954.62,29.16,3.24,0.00,0.00
2007-01-17 16:00:00,691.46,596.75,79.93,14.78,763.28,676.34,86.94,928.41,27.90,3.11,0.00,0.00
2007-01-17 17:00:00,471.51,392.45,67.99,11.06,571.18,497.22,73.96,883.24,26.66,2.82,0.00,0.00
2007-01-17 18:00:00,232.44,172.60,52.95,6.88,355.38,297.78,57.60,799.75,24.51,2.21,0.00,0.00
2007-01-17 19:00:00,35.31,0.00,32.64,2.68,138.20,102.70,35.50,605.21,22.79,1.34,0.00,0.00
2007-01-17 20:00:00,0.00,0.00,0.00,0.00,0.00,0.00,0.00,0.00,21.23,0.70,1.00,0.00
2007-01-17 21:00:00,0.00,0.00,0.00,0.00,0.00,0.00,0.00,0.00,20.19,0.35,1.00,0.00
2007-01-17 22:00:00,0.00,0.00,0.00,0.00,0.00,0.00,0.00,0.00,19.05,0.23,1.00,0.00
2007-01-17 23:00:00,0.00,0.00,0.00,0.00,0.00,0.00,0.00,0.00,18.33,0.39,1.00,0.00
2007-01-18 00:00:00,0.00,0.00,0.00,0.00,0.00,0.00,0.00,0.00,17.85,0.50,1.00,0.00
2007-01-18 01:00:00,0.00,0.00,0.00,0.00,0.00,0.00,0.00,0.00,17.46,0.42,1.00,0.00
2007-01-18 02:00:00,0.00,0.00,0.00,0.00,0.00,0.00,0.00,0.00,16.80,0.39,1.00,0.00
2007-01-18 03:00:00,0.00,0.00,0.00,0.00,0.00,0.00,0.00,0.00,15.83,0.33,1.00,0.00
2007-01-18 04:00:00,0.00,0.00,0.00,0.00,0.00,0.00,0.00,0.00,14.69,0.35,1.00,0.00
2007-01-18 05:00:00,0.00,0.00,0.00,0.00,0.00,0.00,0.00,0.00,15.25,0.33,1.00,0.00
2007-01-18 06:00:00,4.15,0.00,4.06,0.09,4.42,0.00,4.42,0.00,16.52,0.11,1.00,0.00
2007-01-18 07:00:00,65.46,22.81,38.87,3.77,194.82,152.54,42.28,697.63,19.46,0.33,0.00,0.00
2007-01-18 08:00:00,298.26,232.45,57.70,8.11,418.98,356.22,62.76,848.93,21.66,0.86,0.00,0.00
2007-01-18 09:00:00,537.81,453.66,71.93,12.22,631.28,553.04,78.24,913.67,23.90,1.21,0.00,0.00
2007-01-18 10:00:00,748.53,649.77,83.02,15.74,813.26,722.96,90.30,947.65,25.63,1.78,0.00,0.00
2007-01-18 11:00:00,909.39,800.03,90.96,18.40,950.62,851.68,98.94,965.84,27.36,2.12,0.00,0.00
2007-01-18 12:00:00,1007.14,891.48,95.65,20.01,1033.58,929.54,104.04,974.54,28.64,2.67,0.00,0.00
2007-01-18 13:00:00,1033.06,915.77,96.86,20.43,1055.18,949.82,105.36,975.12,29.14,3.19,0.00,0.00
2007-01-18 14:00:00,823.89,53.40,753.54,16.95,875.52,55.86,819.66,59.35,29.72,3.37,0.00,1.00
2007-01-18 15:00:00,721.64,33.08,673.69,14.87,768.28,35.48,732.80,41.39,28.63,3.30,0.00,1.00
2007-01-18 16:00:00,692.06,597.33,79.98,14.75,761.84,674.84,87.00,926.81,27.32,3.00,0.00,0.00
2007-01-18 17:00:00,472.19,393.10,68.05,11.03,569.82,495.80,74.02,881.40,26.08,2.72,0.00,0.00
2007-01-18 18:00:00,233.58,173.76,52.95,6.87,354.82,297.22,57.60,799.29,24.10,2.16,0.00,0.00
2007-01-18 19:00:00,35.19,0.00,32.53,2.67,137.72,102.34,35.38,606.16,22.56,1.47,0.00,0.00
2007-01-18 20:00:00,0.00,0.00,0.00,0.00,0.00,0.00,0.00,0.00,21.21,0.85,1.00,0.00
2007-01-18 21:00:00,0.00,0.00,0.00,0.00,0.00,0.00,0.00,0.00,20.33,0.57,1.00,0.00
2007-01-18 22:00:00,0.00,0.00,0.00,0.00,0.00,0.00,0.00,0.00,19.43,0.21,1.00,0.00
2007-01-18 23:00:00,0.00,0.00,0.00,0.00,0.00,0.00,0.00,0.00,18.98,0.13,1.00,0.00
2007-01-19 00:00:00,0.00,0.00,0.00,0.00,0.00,0.00,0.00,0.00,18.89,0.35,1.00,0.00
2007-01-19 01:00:00,0.00,0.00,0.00,0.00,0.00,0.00,0.00,0.00,18.58,0.32,1.00,0.00
2007-01-19 02:00:00,0.00,0.00,0.00,0.00,0.00,0.00,0.00,0.00,18.60,0.39,1.00,0.00
2007-01-19 03:00:00,0.00,0.00,0.00,0.00,0.00,0.00,0.00,0.00,17.49,0.23,1.00,0.00
2007-01-19 04:00:00,0.00,0.00,0.00,0.00,0.00,0.00,0.00,0.00,16.51,0.15,1.00,0.00
2007-01-19 05:00:00,0.00,0.00,0.00,0.00,0.00,0.00,0.00,0.00,15.06,0.11,1.00,0.00
2007-01-19 06:00:00,0.84,0.00,0.83,0.02,0.90,0.00,0.90,0.00,15.93,0.17,1.00,1.00
2007-01-19 07:00:00,39.78,0.21,38.72,0.84,43.56,1.44,42.12,6.67,17.87,0.45,0.00,1.00
2007-01-19 08:00:00,132.74,2.25,127.73,2.76,142.38,3.44,138.94,8.25,19.51,0.86,0.00,1.00
2007-01-19 09:00:00,152.63,4.46,145.02,3.16,163.16,5.42,157.74,8.99,21.34,1.28,0.00,1.00
2007-01-19 10:00:00,248.60,6.45,237.02,5.13,264.98,7.16,257.82,9.41,23.64,1.77,0.00,1.00
2007-01-19 11:00:00,385.28,8.00,369.33,7.94,410.24,8.50,401.74,9.65,24.98,2.28,0.00,1.00
2007-01-19 12:00:00,464.02,10.05,444.41,9.56,493.86,10.46,483.40,10.98,25.71,2.71,0.00,1.00
2007-01-19 13:00:00,631.83,23.50,595.32,13.01,671.88,24.32,647.56,24.99,26.13,3.18,0.00,1.00
2007-01-19 14:00:00,664.96,26.96,624.30,13.69,707.22,28.14,679.08,29.92,25.65,3.32,0.00,1.00
2007-01-19 15:00:00,875.96,768.87,89.29,17.80,919.64,822.52,97.12,959.98,24.90,3.36,0.00,0.00
2007-01-19 16:00:00,698.62,603.42,80.35,14.85,766.90,679.50,87.40,933.67,23.87,3.06,0.00,0.00
2007-01-19 17:00:00,477.22,397.75,68.36,11.11,573.76,499.40,74.36,888.48,22.80,2.89,0.00,0.00
2007-01-19 18:00:00,235.83,175.82,53.12,6.89,355.94,298.16,57.78,803.22,21.37,2.07,0.00,0.00
2007-01-19 19:00:00,35.18,0.00,32.53,2.65,137.10,101.72,35.38,605.57,20.01,1.26,0.00,0.00
2007-01-19 20:00:00,0.00,0.00,0.00,0.00,0.00,0.00,0.00,0.00,18.67,0.70,1.00,0.00
2007-01-19 21:00:00,0.00,0.00,0.00,0.00,0.00,0.00,0.00,0.00,17.69,0.41,1.00,0.00
2007-01-19 22:00:00,0.00,0.00,0.00,0.00,0.00,0.00,0.00,0.00,16.80,0.25,1.00,0.00
2007-01-19 23:00:00,0.00,0.00,0.00,0.00,0.00,0.00,0.00,0.00,16.25,0.27,1.00,0.00
2007-01-20 00:00:00,0.00,0.00,0.00,0.00,0.00,0.00,0.00,0.00,15.57,0.30,1.00,0.00
2007-01-20 01:00:00,0.00,0.00,0.00,0.00,0.00,0.00,0.00,0.00,14.97,0.27,1.00,0.00
2007-01-20 02:00:00,0.00,0.00,0.00,0.00,0.00,0.00,0.00,0.00,14.28,0.09,1.00,0.00
2007-01-20 03:00:00,0.00,0.00,0.00,0.00,0.00,0.00,0.00,0.00,13.68,0.12,1.00,0.00
2007-01-20 04:00:00,0.00,0.00,0.00,0.00,0.00,0.00,0.00,0.00,12.94,0.21,1.00,0.00
2007-01-20 05:00:00,0.00,0.00,0.00,0.00,0.00,0.00,0.00,0.00,14.14,0.16,1.00,0.00
2007-01-20 06:00:00,2.50,0.00,2.45,0.05,2.66,0.00,2.66,0.00,15.79,0.08,1.00,0.00
2007-01-20 07:00:00,62.98,20.98,38.34,3.67,189.40,147.70,41.70,693.88,18.50,0.37,0.00,0.00
2007-01-20 08:00:00,296.40,230.94,57.44,8.02,414.26,351.78,62.48,848.94,20.84,0.83,0.00,0.00
2007-01-20 09:00:00,539.03,454.91,71.93,12.19,629.64,551.40,78.24,917.72,23.55,1.29,0.00,0.00
2007-01-20 10:00:00,754.13,655.08,83.25,15.80,815.88,725.32,90.56,955.28,26.31,1.67,0.00,0.00
2007-01-20 11:00:00,919.42,809.47,91.42,18.53,957.30,857.86,99.44,976.06,28.75,2.30,0.00,0.00
2007-01-20 12:00:00,1019.41,902.99,96.24,20.17,1042.12,937.44,104.68,985.13,30.45,2.76,0.00,0.00
2007-01-20 13:00:00,1046.72,928.58,97.52,20.62,1065.00,958.92,106.08,986.09,29.35,2.99,0.00,0.00
2007-01-20 14:00:00,999.61,884.53,95.24,19.83,1024.48,920.88,103.60,979.73,28.66,3.22,0.00,0.00
2007-01-20 15:00:00,882.41,774.94,89.58,17.89,924.20,826.76,97.44,965.44,27.15,2.83,0.00,0.00
2007-01-20 16:00:00,704.77,609.17,80.66,14.94,771.46,683.72,87.74,940.09,25.74,2.77,0.00,0.00
2007-01-20 17:00:00,482.30,402.47,68.66,11.18,577.66,502.98,74.68,895.77,24.35,2.47,0.00,0.00
2007-01-20 18:00:00,238.76,178.50,53.32,6.93,358.16,300.16,58.00,810.38,22.32,1.81,0.00,0.00
2007-01-20 19:00:00,35.24,0.00,32.58,2.66,137.52,102.08,35.44,611.47,20.26,1.24,0.00,0.00
2007-01-20 20:00:00,0.00,0.00,0.00,0.00,0.00,0.00,0.00,0.00,18.76,0.65,1.00,0.00
2007-01-20 21:00:00,0.00,0.00,0.00,0.00,0.00,0.00,0.00,0.00,17.46,0.36,1.00,0.00
2007-01-20 22:00:00,0.00,0.00,0.00,0.00,0.00,0.00,0.00,0.00,16.27,0.14,1.00,0.00
2007-01-20 23:00:00,0.00,0.00,0.00,0.00,0.00,0.00,0.00,0.00,15.18,0.16,1.00,0.00
2007-01-21 00:00:00,0.00,0.00,0.00,0.00,0.00,0.00,0.00,0.00,14.04,0.24,1.00,0.00
2007-01-21 01:00:00,0.00,0.00,0.00,0.00,0.00,0.00,0.00,0.00,13.10,0.29,1.00,0.00
2007-01-21 02:00:00,0.00,0.00,0.00,0.00,0.00,0.00,0.00,0.00,13.76,0.25,1.00,0.00
2007-01-21 03:00:00,0.00,0.00,0.00,0.00,0.00,0.00,0.00,0.00,14.80,0.11,1.00,0.00
2007-01-21 04:00:00,0.00,0.00,0.00,0.00,0.00,0.00,0.00,0.00,14.88,0.20,1.00,0.00
2007-01-21 05:00:00,0.00,0.00,0.00,0.00,0.00,0.00,0.00,0.00,15.91,0.17,1.00,0.00
2007-01-21 06:00:00,1.73,0.00,1.69,0.04,1.84,0.00,1.84,0.00,16.26,0.14,1.00,0.00
2007-01-21 07:00:00,61.89,20.12,38.13,3.63,187.60,146.12,41.48,696.51,18.22,0.16,0.00,0.00
2007-01-21 08:00:00,297.54,232.05,57.46,8.03,414.80,352.30,62.50,855.44,20.74,0.56,0.00,0.00
2007-01-21 09:00:00,543.82,459.38,72.17,12.27,633.66,555.16,78.50,927.42,23.56,1.10,0.00,0.00
2007-01-21 10:00:00,763.34,663.66,83.73,15.95,823.94,732.86,91.08,967.68,26.01,1.51,0.00,0.00
2007-01-21 11:00:00,933.12,822.23,92.12,18.77,969.52,869.32,100.20,990.79,27.46,2.09,0.00,0.00
2007-01-21 12:00:00,1031.48,914.32,96.79,20.37,1052.36,947.08,105.28,996.44,28.10,2.62,0.00,0.00
2007-01-21 13:00:00,737.59,38.05,684.37,15.17,783.62,39.20,744.42,40.35,28.02,2.97,0.00,1.00
2007-01-21 14:00:00,562.88,16.73,534.56,11.59,598.84,17.38,581.46,18.50,27.89,2.93,0.00,1.00
2007-01-21 15:00:00,467.84,9.85,448.34,9.64,498.16,10.48,487.68,12.25,27.63,2.77,0.00,1.00
2007-01-21 16:00:00,315.25,6.15,302.59,6.51,336.02,6.88,329.14,9.47,27.19,2.59,0.00,1.00
2007-01-21 17:00:00,247.63,4.07,238.44,5.12,264.42,5.06,259.36,9.02,25.95,2.36,0.00,1.00
2007-01-21 18:00:00,78.92,1.81,75.46,1.65,85.10,3.02,82.08,8.17,24.47,1.61,0.00,1.00
2007-01-21 19:00:00,35.21,0.00,32.54,2.67,137.72,102.32,35.40,616.73,22.86,0.85,0.00,0.00
2007-01-21 20:00:00,0.00,0.00,0.00,0.00,0.00,0.00,0.00,0.00,21.71,0.62,1.00,0.00
2007-01-21 21:00:00,0.00,0.00,0.00,0.00,0.00,0.00,0.00,0.00,20.50,0.30,1.00,0.00
2007-01-21 22:00:00,0.00,0.00,0.00,0.00,0.00,0.00,0.00,0.00,19.99,0.34,1.00,0.00
2007-01-21 23:00:00,0.00,0.00,0.00,0.00,0.00,0.00,0.00,0.00,19.51,0.32,1.00,0.00
2007-01-22 00:00:00,0.00,0.00,0.00,0.00,0.00,0.00,0.00,0.00,19.28,0.24,1.00,0.00
2007-01-22 01:00:00,0.00,0.00,0.00,0.00,0.00,0.00,0.00,0.00,18.86,0.29,1.00,0.00
2007-01-22 02:00:00,0.00,0.00,0.00,0.00,0.00,0.00,0.00,0.00,19.02,0.11,1.00,0.00
2007-01-22 03:00:00,0.00,0.00,0.00,0.00,0.00,0.00,0.00,0.00,18.52,0.21,1.00,0.00
2007-01-22 04:00:00,0.00,0.00,0.00,0.00,0.00,0.00,0.00,0.00,17.91,0.22,1.00,0.00
2007-01-22 05:00:00,0.00,0.00,0.00,0.00,0.00,0.00,0.00,0.00,17.68,0.18,1.00,0.00
2007-01-22 06:00:00,0.00,0.00,0.00,0.00,0.00,0.00,0.00,0.00,17.50,0.17,1.00,1.00
2007-01-22 07:00:00,42.14,0.19,41.06,0.89,46.10,1.44,44.66,6.96,19.08,0.22,0.00,1.00
2007-01-22 08:00:00,159.20,2.31,153.58,3.30,170.56,3.50,167.06,8.55,20.97,0.72,0.00,1.00
2007-01-22 09:00:00,194.40,4.57,185.82,4.02,207.62,5.50,202.12,9.22,23.14,1.21,0.00,1.00
2007-01-22 10:00:00,330.15,6.56,316.78,6.81,351.80,7.22,344.58,9.56,24.48,1.65,0.00,1.00
2007-01-22 11:00:00,253.96,8.10,240.63,5.23,270.28,8.54,261.74,9.75,25.32,2.15,0.00,1.00
2007-01-22 12:00:00,297.10,9.04,281.94,6.12,316.02,9.34,306.68,9.84,25.53,2.68,0.00,1.00
2007-01-22 13:00:00,265.73,9.28,250.98,5.47,282.54,9.54,273.00,9.83,25.47,2.96,0.00,1.00
2007-01-22 14:00:00,288.79,8.82,274.02,5.95,307.20,9.14,298.06,9.74,25.84,3.41,0.00,1.00
2007-01-22 15:00:00,587.64,18.08,557.45,12.11,625.54,19.18,606.36,22.43,25.08,3.47,0.00,1.00
2007-01-22 16:00:00,705.95,610.58,80.50,14.87,768.14,680.58,87.56,937.32,23.42,3.08,0.00,0.00
2007-01-22 17:00:00,484.23,404.55,68.55,11.14,575.30,500.74,74.56,893.85,21.70,2.83,0.00,0.00
2007-01-22 18:00:00,241.32,181.15,53.25,6.92,357.34,299.42,57.92,811.93,19.58,2.16,0.00,0.00
2007-01-22 19:00:00,35.06,0.00,32.42,2.65,136.66,101.40,35.26,615.65,17.84,1.48,0.00,0.00
2007-01-22 20:00:00,0.00,0.00,0.00,0.00,0.00,0.00,0.00,0.00,16.36,0.93,1.00,0.00
2007-01-22 21:00:00,0.00,0.00,0.00,0.00,0.00,0.00,0.00,0.00,15.46,0.61,1.00,0.00
2007-01-22 22:00:00,0.00,0.00,0.00,0.00,0.00,0.00,0.00,0.00,14.21,0.15,1.00,0.00
2007-01-22 23:00:00,0.00,0.00,0.00,0.00,0.00,0.00,0.00,0.00,13.48,0.28,1.00,0.00
2007-01-23 00:00:00,0.00,0.00,0.00,0.00,0.00,0.00,0.00,0.00,12.66,0.47,1.00,0.00
2007-01-23 01:00:00,0.00,0.00,0.00,0.00,0.00,0.00,0.00,0.00,11.99,0.48,1.00,0.00
2007-01-23 02:00:00,0.00,0.00,0.00,0.00,0.00,0.00,0.00,0.00,12.60,0.47,1.00,0.00
2007-01-23 03:00:00,0.00,0.00,0.00,0.00,0.00,0.00,0.00,0.00,13.50,0.33,1.00,0.00
2007-01-23 04:00:00,0.00,0.00,0.00,0.00,0.00,0.00,0.00,0.00,13.58,0.35,1.00,0.00
2007-01-23 05:00:00,0.00,0.00,0.00,0.00,0.00,0.00,0.00,0.00,14.41,0.32,1.00,0.00
2007-01-23 06:00:00,0.06,0.00,0.06,0.00,0.06,0.00,0.06,0.00,15.20,0.18,1.00,0.00
2007-01-23 07:00:00,59.43,18.48,37.44,3.51,181.42,140.70,40.72,689.76,18.34,0.15,0.00,0.00
2007-01-23 08:00:00,294.65,229.77,56.98,7.90,408.18,346.20,61.98,851.50,21.06,0.61,0.00,0.00
2007-01-23 09:00:00,540.14,456.35,71.67,12.12,625.88,547.92,77.96,922.45,23.81,1.06,0.00,0.00
2007-01-23 10:00:00,757.94,659.05,83.13,15.76,814.16,723.74,90.42,960.42,26.38,1.61,0.00,0.00
2007-01-23 11:00:00,925.92,815.94,91.44,18.54,957.82,858.36,99.46,981.69,28.12,1.98,0.00,0.00
2007-01-23 12:00:00,1028.64,912.08,96.33,20.23,1045.04,940.26,104.78,991.79,29.47,2.46,0.00,0.00
2007-01-23 13:00:00,1058.12,939.70,97.71,20.71,1069.84,963.56,106.28,993.67,30.42,2.84,0.00,0.00
2007-01-23 14:00:00,1012.04,896.61,95.48,19.95,1030.36,926.50,103.86,987.98,29.82,2.87,0.00,0.00
2007-01-23 15:00:00,893.29,785.60,89.71,17.98,928.66,831.08,97.58,972.64,29.31,2.91,0.00,0.00
2007-01-23 16:00:00,713.26,617.62,80.66,14.98,773.74,686.00,87.74,945.72,28.31,2.76,0.00,0.00
2007-01-23 17:00:00,488.24,408.55,68.51,11.19,577.80,503.28,74.52,899.78,27.01,2.54,0.00,0.00
2007-01-23 18:00:00,242.67,182.60,53.16,6.91,357.06,299.24,57.82,813.59,24.87,1.63,0.00,0.00
2007-01-23 19:00:00,34.79,0.00,32.18,2.61,134.90,99.90,35.00,611.02,22.63,1.07,0.00,0.00
2007-01-23 20:00:00,0.00,0.00,0.00,0.00,0.00,0.00,0.00,0.00,20.97,0.46,1.00,0.00
2007-01-23 21:00:00,0.00,0.00,0.00,0.00,0.00,0.00,0.00,0.00,19.70,0.12,1.00,0.00
2007-01-23 22:00:00,0.00,0.00,0.00,0.00,0.00,0.00,0.00,0.00,18.62,0.22,1.00,0.00
2007-01-23 23:00:00,0.00,0.00,0.00,0.00,0.00,0.00,0.00,0.00,17.89,0.33,1.00,0.00
2007-01-24 00:00:00,0.00,0.00,0.00,0.00,0.00,0.00,0.00,0.00,16.94,0.32,1.00,0.00
2007-01-24 01:00:00,0.00,0.00,0.00,0.00,0.00,0.00,0.00,0.00,16.22,0.28,1.00,0.00
2007-01-24 02:00:00,0.00,0.00,0.00,0.00,0.00,0.00,0.00,0.00,15.47,0.24,1.00,0.00
2007-01-24 03:00:00,0.00,0.00,0.00,0.00,0.00,0.00,0.00,0.00,14.89,0.17,1.00,0.00
2007-01-24 04:00:00,0.00,0.00,0.00,0.00,0.00,0.00,0.00,0.00,13.99,0.17,1.00,0.00
2007-01-24 05:00:00,0.00,0.00,0.00,0.00,0.00,0.00,0.00,0.00,13.35,0.18,1.00,0.00
2007-01-24 06:00:00,0.04,0.00,0.04,0.00,0.04,0.00,0.04,0.00,15.04,0.14,1.00,0.00
2007-01-24 07:00:00,57.60,17.34,36.87,3.40,175.44,135.34,40.10,673.65,18.49,0.39,0.00,0.00
2007-01-24 08:00:00,289.59,225.52,56.34,7.74,399.62,338.34,61.28,837.76,21.30,0.84,0.00,0.00
2007-01-24 09:00:00,532.29,449.49,70.90,11.90,614.90,537.78,77.12,908.82,24.27,1.20,0.00,0.00
2007-01-24 10:00:00,747.71,649.96,82.24,15.51,801.14,711.68,89.46,946.87,26.59,1.61,0.00,0.00
2007-01-24 11:00:00,913.77,805.09,90.43,18.26,943.08,844.72,98.36,967.88,28.88,2.04,0.00,0.00
2007-01-24 12:00:00,1015.31,900.05,95.34,19.93,1029.30,925.60,103.70,977.59,30.51,2.52,0.00,0.00
2007-01-24 13:00:00,1044.29,927.20,96.70,20.40,1053.60,948.42,105.18,979.05,29.95,2.96,0.00,0.00
2007-01-24 14:00:00,998.48,884.36,94.49,19.64,1014.26,911.48,102.78,972.79,29.41,3.17,0.00,0.00
2007-01-24 15:00:00,883.59,776.90,88.95,17.74,916.20,819.44,96.76,959.83,28.26,3.03,0.00,0.00
2007-01-24 16:00:00,707.38,612.44,80.13,14.81,765.02,677.86,87.16,935.43,27.03,2.80,0.00,0.00
2007-01-24 17:00:00,485.58,406.30,68.20,11.08,572.22,498.04,74.18,891.79,25.61,2.56,0.00,0.00
2007-01-24 18:00:00,242.26,182.49,52.92,6.86,354.12,296.56,57.56,808.81,23.45,1.82,0.00,0.00
2007-01-24 19:00:00,34.54,0.00,31.96,2.58,133.30,98.54,34.76,607.82,21.06,1.19,0.00,0.00
2007-01-24 20:00:00,0.00,0.00,0.00,0.00,0.00,0.00,0.00,0.00,19.19,0.61,1.00,0.00
2007-01-24 21:00:00,0.00,0.00,0.00,0.00,0.00,0.00,0.00,0.00,18.03,0.36,1.00,0.00
2007-01-24 22:00:00,0.00,0.00,0.00,0.00,0.00,0.00,0.00,0.00,17.29,0.16,1.00,0.00
2007-01-24 23:00:00,0.00,0.00,0.00,0.00,0.00,0.00,0.00,0.00,16.74,0.19,1.00,0.00
2007-01-25 00:00:00,0.00,0.00,0.00,0.00,0.00,0.00,0.00,0.00,16.08,0.31,1.00,0.00
2007-01-25 01:00:00,0.00,0.00,0.00,0.00,0.00,0.00,0.00,0.00,15.42,0.30,1.00,0.00
2007-01-25 02:00:00,0.00,0.00,0.00,0.00,0.00,0.00,0.00,0.00,14.75,0.14,1.00,0.00
2007-01-25 03:00:00,0.00,0.00,0.00,0.00,0.00,0.00,0.00,0.00,14.31,0.21,1.00,0.00
2007-01-25 04:00:00,0.00,0.00,0.00,0.00,0.00,0.00,0.00,0.00,13.45,0.12,1.00,0.00
2007-01-25 05:00:00,0.00,0.00,0.00,0.00,0.00,0.00,0.00,0.00,14.27,0.24,1.00,0.00
2007-01-25 06:00:00,0.00,0.00,0.00,0.00,0.00,0.00,0.00,0.00,15.53,0.29,1.00,0.00
2007-01-25 07:00:00,56.16,16.45,36.41,3.31,170.80,131.20,39.60,662.63,18.24,0.49,0.00,0.00
2007-01-25 08:00:00,286.23,222.66,55.95,7.62,393.46,332.60,60.86,829.12,20.68,0.85,0.00,0.00
2007-01-25 09:00:00,528.79,446.36,70.64,11.79,608.98,532.14,76.84,902.73,23.00,1.23,0.00,0.00
2007-01-25 10:00:00,744.91,647.42,82.08,15.41,796.06,706.78,89.28,942.67,24.62,1.69,0.00,0.00
2007-01-25 11:00:00,912.21,803.62,90.41,18.18,939.28,840.94,98.34,965.25,26.29,2.26,0.00,0.00
2007-01-25 12:00:00,1015.07,899.84,95.35,19.88,1026.72,923.00,103.72,976.18,27.23,2.70,0.00,0.00
2007-01-25 13:00:00,1045.33,928.17,96.79,20.37,1052.28,947.00,105.28,978.64,27.99,3.04,0.00,0.00
2007-01-25 14:00:00,1000.65,886.38,94.64,19.63,1014.04,911.10,102.94,973.34,27.31,3.18,0.00,0.00
2007-01-25 15:00:00,884.76,778.06,88.99,17.71,915.00,818.20,96.80,959.30,26.52,3.16,0.00,0.00
2007-01-25 16:00:00,707.73,612.85,80.11,14.77,762.98,675.84,87.14,933.72,25.24,2.85,0.00,0.00
2007-01-25 17:00:00,485.38,406.29,68.07,11.03,569.60,495.56,74.04,888.74,23.66,2.74,0.00,0.00
2007-01-25 18:00:00,242.39,182.79,52.79,6.81,351.88,294.46,57.42,805.58,21.59,1.87,0.00,0.00
2007-01-25 19:00:00,34.30,0.00,31.75,2.55,131.54,97.00,34.54,604.10,19.40,1.28,0.00,0.00
2007-01-25 20:00:00,0.00,0.00,0.00,0.00,0.00,0.00,0.00,0.00,17.78,0.70,1.00,0.00
2007-01-25 21:00:00,0.00,0.00,0.00,0.00,0.00,0.00,0.00,0.00,16.61,0.47,1.00,0.00
2007-01-25 22:00:00,0.00,0.00,0.00,0.00,0.00,0.00,0.00,0.00,15.67,0.18,1.00,0.00
2007-01-25 23:00:00,0.00,0.00,0.00,0.00,0.00,0.00,0.00,0.00,15.07,0.17,1.00,0.00
2007-01-26 00:00:00,0.00,0.00,0.00,0.00,0.00,0.00,0.00,0.00,14.56,0.27,1.00,0.00
2007-01-26 01:00:00,0.00,0.00,0.00,0.00,0.00,0.00,0.00,0.00,13.93,0.25,1.00,0.00
2007-01-26 02:00:00,0.00,0.00,0.00,0.00,0.00,0.00,0.00,0.00,13.46,0.17,1.00,0.00
2007-01-26 03:00:00,0.00,0.00,0.00,0.00,0.00,0.00,0.00,0.00,12.92,0.05,1.00,0.00
2007-01-26 04:00:00,0.00,0.00,0.00,0.00,0.00,0.00,0.00,0.00,12.12,0.09,1.00,0.00
2007-01-26 05:00:00,0.00,0.00,0.00,0.00,0.00,0.00,0.00,0.00,13.16,0.16,1.00,0.00
2007-01-26 06:00:00,0.00,0.00,0.00,0.00,0.00,0.00,0.00,0.00,14.23,0.15,1.00,0.00
2007-01-26 07:00:00,55.40,15.91,36.20,3.28,169.36,129.98,39.38,666.84,16.61,0.42,0.00,0.00
2007-01-26 08:00:00,288.31,224.62,56.04,7.64,394.86,333.90,60.96,837.70,19.10,0.83,0.00,0.00
2007-01-26 09:00:00,533.72,450.98,70.88,11.86,612.74,535.64,77.10,912.38,21.81,1.22,0.00,0.00
2007-01-26 10:00:00,752.56,654.58,82.45,15.53,802.04,712.36,89.68,952.61,24.22,1.67,0.00,0.00
2007-01-26 11:00:00,922.05,812.88,90.83,18.34,947.08,848.28,98.80,975.50,26.19,2.20,0.00,0.00
2007-01-26 12:00:00,1025.17,909.37,95.78,20.03,1034.54,930.36,104.18,985.34,27.81,2.60,0.00,0.00
2007-01-26 13:00:00,1055.11,937.40,97.19,20.51,1059.62,953.90,105.72,986.91,28.90,2.94,0.00,0.00
2007-01-26 14:00:00,1009.42,894.68,94.99,19.76,1020.44,917.12,103.32,980.74,28.39,3.16,0.00,0.00
2007-01-26 15:00:00,892.21,785.11,89.29,17.82,920.22,823.10,97.12,966.08,27.59,3.22,0.00,0.00
2007-01-26 16:00:00,713.59,618.45,80.29,14.84,766.78,679.44,87.34,939.95,26.34,2.98,0.00,0.00
2007-01-26 17:00:00,489.29,410.06,68.16,11.07,571.76,497.62,74.14,894.29,24.81,2.81,0.00,0.00
2007-01-26 18:00:00,243.62,184.12,52.70,6.80,351.28,293.96,57.32,807.08,22.75,1.85,0.00,0.00
2007-01-26 19:00:00,34.00,0.00,31.50,2.51,129.50,95.24,34.26,598.92,20.76,1.17,0.00,0.00
2007-01-26 20:00:00,0.00,0.00,0.00,0.00,0.00,0.00,0.00,0.00,19.17,0.58,1.00,0.00
2007-01-26 21:00:00,0.00,0.00,0.00,0.00,0.00,0.00,0.00,0.00,18.04,0.25,1.00,0.00
2007-01-26 22:00:00,0.00,0.00,0.00,0.00,0.00,0.00,0.00,0.00,16.94,0.28,1.00,0.00
2007-01-26 23:00:00,0.00,0.00,0.00,0.00,0.00,0.00,0.00,0.00,16.25,0.41,1.00,0.00
2007-01-27 00:00:00,0.00,0.00,0.00,0.00,0.00,0.00,0.00,0.00,15.57,0.41,1.00,0.00
2007-01-27 01:00:00,0.00,0.00,0.00,0.00,0.00,0.00,0.00,0.00,15.01,0.37,1.00,0.00
2007-01-27 02:00:00,0.00,0.00,0.00,0.00,0.00,0.00,0.00,0.00,14.51,0.19,1.00,0.00
2007-01-27 03:00:00,0.00,0.00,0.00,0.00,0.00,0.00,0.00,0.00,14.08,0.06,1.00,0.00
2007-01-27 04:00:00,0.00,0.00,0.00,0.00,0.00,0.00,0.00,0.00,13.32,0.11,1.00,0.00
2007-01-27 05:00:00,0.00,0.00,0.00,0.00,0.00,0.00,0.00,0.00,14.29,0.16,1.00,0.00
2007-01-27 06:00:00,0.00,0.00,0.00,0.00,0.00,0.00,0.00,0.00,15.43,0.11,1.00,0.00
2007-01-27 07:00:00,54.21,15.18,35.82,3.22,166.12,127.16,38.96,662.85,18.09,0.43,0.00,0.00
2007-01-27 08:00:00,286.58,223.30,55.71,7.57,390.84,330.24,60.60,834.22,20.70,0.84,0.00,0.00
2007-01-27 09:00:00,531.20,448.92,70.51,11.77,607.80,531.10,76.70,908.15,23.14,1.22,0.00,0.00
2007-01-27 10:00:00,748.76,651.35,82.00,15.41,795.80,706.60,89.20,947.41,25.21,1.68,0.00,0.00
2007-01-27 11:00:00,917.21,808.68,90.33,18.19,939.76,841.50,98.26,969.54,27.00,2.18,0.00,0.00
2007-01-27 12:00:00,1020.07,904.91,95.28,19.88,1026.94,923.30,103.64,979.30,28.42,2.64,0.00,0.00
2007-01-27 13:00:00,1050.32,933.23,96.71,20.37,1052.36,947.16,105.20,981.08,29.47,3.04,0.00,0.00
2007-01-27 14:00:00,1004.88,890.72,94.54,19.62,1013.38,910.54,102.84,974.73,30.28,3.24,0.00,0.00
2007-01-27 15:00:00,889.06,782.40,88.95,17.70,914.46,817.70,96.76,960.77,29.35,3.29,0.00,0.00
2007-01-27 16:00:00,711.74,616.93,80.06,14.76,762.36,675.28,87.08,935.45,28.00,3.04,0.00,0.00
2007-01-27 17:00:00,488.43,409.43,67.99,11.00,568.28,494.32,73.96,890.22,26.42,2.92,0.00,0.00
2007-01-27 18:00:00,244.06,184.69,52.60,6.77,349.62,292.40,57.22,806.03,24.07,2.08,0.00,0.00
2007-01-27 19:00:00,33.84,0.00,31.35,2.49,128.40,94.30,34.10,598.85,21.74,1.36,0.00,0.00
2007-01-27 20:00:00,0.00,0.00,0.00,0.00,0.00,0.00,0.00,0.00,19.81,0.71,1.00,0.00
2007-01-27 21:00:00,0.00,0.00,0.00,0.00,0.00,0.00,0.00,0.00,18.55,0.39,1.00,0.00
2007-01-27 22:00:00,0.00,0.00,0.00,0.00,0.00,0.00,0.00,0.00,17.47,0.09,1.00,0.00
2007-01-27 23:00:00,0.00,0.00,0.00,0.00,0.00,0.00,0.00,0.00,16.71,0.17,1.00,0.00
2007-01-28 00:00:00,0.00,0.00,0.00,0.00,0.00,0.00,0.00,0.00,16.09,0.29,1.00,0.00
2007-01-28 01:00:00,0.00,0.00,0.00,0.00,0.00,0.00,0.00,0.00,15.46,0.19,1.00,0.00
2007-01-28 02:00:00,0.00,0.00,0.00,0.00,0.00,0.00,0.00,0.00,14.86,0.14,1.00,0.00
2007-01-28 03:00:00,0.00,0.00,0.00,0.00,0.00,0.00,0.00,0.00,13.91,0.08,1.00,0.00
2007-01-28 04:00:00,0.00,0.00,0.00,0.00,0.00,0.00,0.00,0.00,12.90,0.19,1.00,0.00
2007-01-28 05:00:00,0.00,0.00,0.00,0.00,0.00,0.00,0.00,0.00,13.77,0.19,1.00,0.00
2007-01-28 06:00:00,0.00,0.00,0.00,0.00,0.00,0.00,0.00,0.00,15.19,0.10,1.00,0.00
2007-01-28 07:00:00,53.70,14.86,35.63,3.20,165.32,126.56,38.76,669.90,17.80,0.36,0.00,0.00
2007-01-28 08:00:00,289.46,226.06,55.79,7.61,393.28,332.60,60.68,846.01,20.53,0.77,0.00,0.00
2007-01-28 09:00:00,537.08,454.51,70.72,11.86,612.42,535.50,76.92,919.46,22.83,1.22,0.00,0.00
2007-01-28 10:00:00,756.73,658.91,82.30,15.52,801.92,712.40,89.52,957.73,24.52,1.60,0.00,0.00
2007-01-28 11:00:00,926.28,817.27,90.68,18.33,946.60,847.96,98.64,978.84,26.22,2.16,0.00,0.00
2007-01-28 12:00:00,1026.96,911.47,95.52,19.97,1031.42,927.52,103.90,985.18,27.39,2.65,0.00,0.00
2007-01-28 13:00:00,862.97,64.75,780.52,17.71,914.54,65.54,849.00,67.97,28.12,3.06,0.00,1.00
2007-01-28 14:00:00,686.36,30.27,641.97,14.12,729.16,30.86,698.30,33.07,27.48,3.01,0.00,1.00
2007-01-28 15:00:00,445.67,8.89,427.60,9.18,474.38,9.26,465.12,10.89,26.46,2.84,0.00,1.00
2007-01-28 16:00:00,387.01,6.20,372.83,7.98,412.30,6.76,405.54,9.38,25.23,2.64,0.00,1.00
2007-01-28 17:00:00,173.85,4.11,166.14,3.59,185.66,4.94,180.72,8.92,23.62,2.40,0.00,1.00
2007-01-28 18:00:00,110.54,1.86,106.39,2.30,118.64,2.92,115.72,8.08,21.54,1.68,0.00,1.00
2007-01-28 19:00:00,33.60,0.00,31.15,2.45,126.70,92.82,33.88,596.64,19.51,1.06,0.00,0.00
2007-01-28 20:00:00,0.00,0.00,0.00,0.00,0.00,0.00,0.00,0.00,17.92,0.66,1.00,0.00
2007-01-28 21:00:00,0.00,0.00,0.00,0.00,0.00,0.00,0.00,0.00,16.53,0.33,1.00,0.00
2007-01-28 22:00:00,0.00,0.00,0.00,0.00,0.00,0.00,0.00,0.00,15.51,0.06,1.00,0.00
2007-01-28 23:00:00,0.00,0.00,0.00,0.00,0.00,0.00,0.00,0.00,14.71,0.31,1.00,0.00
2007-01-29 00:00:00,0.00,0.00,0.00,0.00,0.00,0.00,0.00,0.00,13.99,0.40,1.00,0.00
2007-01-29 01:00:00,0.00,0.00,0.00,0.00,0.00,0.00,0.00,0.00,13.18,0.33,1.00,0.00
2007-01-29 02:00:00,0.00,0.00,0.00,0.00,0.00,0.00,0.00,0.00,12.66,0.20,1.00,0.00
2007-01-29 03:00:00,0.00,0.00,0.00,0.00,0.00,0.00,0.00,0.00,11.93,0.14,1.00,0.00
2007-01-29 04:00:00,0.00,0.00,0.00,0.00,0.00,0.00,0.00,0.00,11.08,0.16,1.00,0.00
2007-01-29 05:00:00,0.00,0.00,0.00,0.00,0.00,0.00,0.00,0.00,12.21,0.19,1.00,0.00
2007-01-29 06:00:00,0.00,0.00,0.00,0.00,0.00,0.00,0.00,0.00,13.20,0.09,1.00,0.00
2007-01-29 07:00:00,50.18,0.14,48.98,1.06,54.52,1.24,53.28,6.67,15.46,0.33,0.00,1.00
2007-01-29 08:00:00,289.74,226.49,55.66,7.59,391.92,331.38,60.54,848.80,18.33,0.67,0.00,0.00
2007-01-29 09:00:00,539.04,456.47,70.72,11.86,612.50,535.58,76.92,923.43,20.99,1.03,0.00,0.00
2007-01-29 10:00:00,760.77,662.81,82.39,15.56,803.80,714.18,89.62,962.84,23.44,1.46,0.00,0.00
2007-01-29 11:00:00,932.44,823.15,90.89,18.40,950.38,851.52,98.86,984.94,25.45,1.93,0.00,0.00
2007-01-29 12:00:00,1036.75,920.75,95.89,20.11,1038.66,934.36,104.30,993.95,27.00,2.40,0.00,0.00
2007-01-29 13:00:00,1067.06,949.16,97.30,20.60,1063.92,958.08,105.84,994.87,28.23,2.74,0.00,0.00
2007-01-29 14:00:00,1020.85,905.95,95.08,19.83,1024.20,920.78,103.42,988.02,29.26,3.00,0.00,0.00
2007-01-29 15:00:00,903.33,796.03,89.41,17.89,923.86,826.60,97.26,973.75,28.54,3.01,0.00,0.00
2007-01-29 16:00:00,723.34,628.05,80.39,14.90,769.58,682.14,87.44,947.97,27.29,2.80,0.00,0.00
2007-01-29 17:00:00,496.84,417.57,68.18,11.09,573.08,498.92,74.16,902.52,25.84,2.56,0.00,0.00
2007-01-29 18:00:00,247.67,188.36,52.53,6.78,350.14,293.00,57.14,814.26,23.37,1.45,0.00,0.00
2007-01-29 19:00:00,33.37,0.00,30.93,2.44,125.98,92.34,33.64,600.88,21.02,0.70,0.00,0.00
2007-01-29 20:00:00,0.00,0.00,0.00,0.00,0.00,0.00,0.00,0.00,19.25,0.16,1.00,0.00
2007-01-29 21:00:00,0.00,0.00,0.00,0.00,0.00,0.00,0.00,0.00,17.92,0.19,1.00,0.00
2007-01-29 22:00:00,0.00,0.00,0.00,0.00,0.00,0.00,0.00,0.00,16.60,0.45,1.00,0.00
2007-01-29 23:00:00,0.00,0.00,0.00,0.00,0.00,0.00,0.00,0.00,15.58,0.54,1.00,0.00
2007-01-30 00:00:00,0.00,0.00,0.00,0.00,0.00,0.00,0.00,0.00,14.81,0.59,1.00,0.00
2007-01-30 01:00:00,0.00,0.00,0.00,0.00,0.00,0.00,0.00,0.00,14.04,0.48,1.00,0.00
2007-01-30 02:00:00,0.00,0.00,0.00,0.00,0.00,0.00,0.00,0.00,13.79,0.43,1.00,0.00
2007-01-30 03:00:00,0.00,0.00,0.00,0.00,0.00,0.00,0.00,0.00,13.28,0.32,1.00,0.00
2007-01-30 04:00:00,0.00,0.00,0.00,0.00,0.00,0.00,0.00,0.00,12.48,0.42,1.00,0.00
2007-01-30 05:00:00,0.00,0.00,0.00,0.00,0.00,0.00,0.00,0.00,13.77,0.30,1.00,0.00
2007-01-30 06:00:00,0.00,0.00,0.00,0.00,0.00,0.00,0.00,0.00,15.08,0.22,1.00,0.00
2007-01-30 07:00:00,52.06,13.93,35.01,3.12,161.38,123.30,38.08,674.69,18.30,0.18,0.00,0.00
2007-01-30 08:00:00,290.62,227.50,55.55,7.58,391.40,330.98,60.42,853.75,21.23,0.57,0.00,0.00
2007-01-30 09:00:00,541.07,458.57,70.64,11.86,612.56,535.72,76.84,927.31,24.18,0.99,0.00,0.00
2007-01-30 10:00:00,763.38,665.49,82.32,15.57,804.10,714.56,89.54,965.95,26.14,1.34,0.00,0.00
2007-01-30 11:00:00,934.57,825.44,90.74,18.39,949.98,851.28,98.70,986.57,28.09,1.76,0.00,0.00
2007-01-30 12:00:00,1038.05,922.26,95.70,20.08,1037.28,933.18,104.10,994.27,29.61,2.20,0.00,0.00
2007-01-30 13:00:00,1067.17,949.55,97.06,20.55,1061.36,955.78,105.58,993.80,30.77,2.54,0.00,0.00
2007-01-30 14:00:00,1020.06,905.52,94.78,19.76,1020.70,917.60,103.10,985.89,31.56,2.81,0.00,0.00
2007-01-30 15:00:00,902.05,795.16,89.08,17.81,919.92,823.02,96.90,970.81,30.63,2.92,0.00,0.00
2007-01-30 16:00:00,721.83,626.94,80.07,14.82,765.34,678.24,87.10,944.14,29.20,2.78,0.00,0.00
2007-01-30 17:00:00,495.23,416.36,67.87,11.01,568.74,494.92,73.82,897.64,27.64,2.54,0.00,0.00
2007-01-30 18:00:00,247.99,188.90,52.35,6.74,348.18,291.24,56.94,813.42,24.98,1.53,0.00,0.00
2007-01-30 19:00:00,33.10,0.00,30.69,2.41,124.70,91.32,33.38,601.67,22.61,0.78,0.00,0.00
2007-01-30 20:00:00,0.00,0.00,0.00,0.00,0.00,0.00,0.00,0.00,20.73,0.14,1.00,0.00
2007-01-30 21:00:00,0.00,0.00,0.00,0.00,0.00,0.00,0.00,0.00,19.42,0.21,1.00,0.00
2007-01-30 22:00:00,0.00,0.00,0.00,0.00,0.00,0.00,0.00,0.00,18.13,0.56,1.00,0.00
2007-01-30 23:00:00,0.00,0.00,0.00,0.00,0.00,0.00,0.00,0.00,17.16,0.66,1.00,0.00
2007-01-31 00:00:00,0.00,0.00,0.00,0.00,0.00,0.00,0.00,0.00,16.30,0.67,1.00,0.00
2007-01-31 01:00:00,0.00,0.00,0.00,0.00,0.00,0.00,0.00,0.00,15.51,0.53,1.00,0.00
2007-01-31 02:00:00,0.00,0.00,0.00,0.00,0.00,0.00,0.00,0.00,14.92,0.49,1.00,0.00
2007-01-31 03:00:00,0.00,0.00,0.00,0.00,0.00,0.00,0.00,0.00,14.29,0.39,1.00,0.00
2007-01-31 04:00:00,0.00,0.00,0.00,0.00,0.00,0.00,0.00,0.00,13.31,0.42,1.00,0.00
2007-01-31 05:00:00,0.00,0.00,0.00,0.00,0.00,0.00,0.00,0.00,14.12,0.31,1.00,0.00
2007-01-31 06:00:00,0.00,0.00,0.00,0.00,0.00,0.00,0.00,0.00,15.37,0.21,1.00,0.00
2007-01-31 07:00:00,50.66,13.17,34.46,3.03,156.52,119.04,37.48,662.58,18.65,0.17,0.00,0.00
2007-01-31 08:00:00,287.49,224.97,55.07,7.46,385.22,325.32,59.90,845.12,21.39,0.63,0.00,0.00
2007-01-31 09:00:00,536.27,454.45,70.11,11.71,604.84,528.58,76.26,918.80,24.18,1.08,0.00,0.00
2007-01-31 10:00:00,756.96,659.80,81.77,15.39,794.90,705.96,88.94,956.91,26.36,1.44,0.00,0.00
2007-01-31 11:00:00,926.98,818.64,90.15,18.19,939.68,841.62,98.06,977.38,28.32,1.96,0.00,0.00
2007-01-31 12:00:00,1030.82,915.78,95.15,19.89,1027.40,923.90,103.50,985.98,29.60,2.44,0.00,0.00
2007-01-31 13:00:00,1060.52,943.61,96.55,20.37,1052.04,947.02,105.02,986.08,30.31,2.88,0.00,0.00
2007-01-31 14:00:00,1014.19,900.26,94.34,19.60,1012.18,909.56,102.62,978.53,31.29,3.06,0.00,0.00
2007-01-31 15:00:00,898.01,791.60,88.73,17.68,913.12,816.60,96.52,964.71,30.18,2.99,0.00,0.00
2007-01-31 16:00:00,719.45,624.97,79.76,14.72,760.18,673.42,86.76,939.18,28.87,2.75,0.00,0.00
2007-01-31 17:00:00,494.20,415.65,67.61,10.94,564.92,491.38,73.54,893.82,27.57,2.55,0.00,0.00
2007-01-31 18:00:00,247.20,188.48,52.05,6.67,344.58,287.96,56.62,807.94,25.27,1.45,0.00,0.00
2007-01-31 19:00:00,32.68,0.00,30.32,2.36,121.86,88.88,32.98,593.69,22.94,0.64,0.00,0.00
2007-01-31 20:00:00,0.00,0.00,0.00,0.00,0.00,0.00,0.00,0.00,21.17,0.13,1.00,0.00
2007-01-31 21:00:00,0.00,0.00,0.00,0.00,0.00,0.00,0.00,0.00,19.87,0.29,1.00,0.00
2007-01-31 22:00:00,0.00,0.00,0.00,0.00,0.00,0.00,0.00,0.00,18.33,0.63,1.00,0.00
2007-01-31 23:00:00,0.00,0.00,0.00,0.00,0.00,0.00,0.00,0.00,17.31,0.74,1.00,0.00
2012-02-01 00:00:00,0.00,0.00,0.00,0.00,0.00,0.00,0.00,0.00,18.68,0.75,1.00,0.00
2012-02-01 01:00:00,0.00,0.00,0.00,0.00,0.00,0.00,0.00,0.00,17.97,0.74,1.00,0.00
2012-02-01 02:00:00,0.00,0.00,0.00,0.00,0.00,0.00,0.00,0.00,17.47,0.69,1.00,0.00
2012-02-01 03:00:00,0.00,0.00,0.00,0.00,0.00,0.00,0.00,0.00,17.12,0.64,1.00,0.00
2012-02-01 04:00:00,0.00,0.00,0.00,0.00,0.00,0.00,0.00,0.00,16.54,0.55,1.00,0.00
2012-02-01 05:00:00,0.00,0.00,0.00,0.00,0.00,0.00,0.00,0.00,17.20,0.55,1.00,0.00
2012-02-01 06:00:00,0.00,0.00,0.00,0.00,0.00,0.00,0.00,0.00,18.23,0.25,1.00,0.00
2012-02-01 07:00:00,54.91,0.13,53.63,1.15,59.48,1.14,58.34,6.43,20.59,0.19,0.00,1.00
2012-02-01 08:00:00,194.42,2.21,188.19,4.02,207.88,3.18,204.70,8.31,23.58,0.67,0.00,1.00
2012-02-01 09:00:00,532.18,450.76,69.83,11.58,598.38,522.42,75.96,911.04,25.86,1.03,0.00,0.00
2012-02-01 10:00:00,754.35,657.44,81.62,15.30,790.18,701.40,88.78,952.86,27.89,1.55,0.00,0.00
2012-02-01 11:00:00,926.80,818.47,90.19,18.15,937.48,839.38,98.10,976.29,29.54,1.91,0.00,0.00
2012-02-01 12:00:00,1033.26,918.08,95.28,19.90,1027.74,924.10,103.64,987.42,30.43,2.35,0.00,0.00
2012-02-01 13:00:00,1065.58,948.37,96.79,20.42,1054.90,949.62,105.28,989.89,30.95,2.69,0.00,0.00
2012-02-01 14:00:00,1021.28,906.94,94.65,19.69,1017.08,914.12,102.96,984.53,31.61,2.74,0.00,0.00
2012-02-01 15:00:00,905.47,798.61,89.08,17.78,918.52,821.62,96.90,971.82,30.95,2.78,0.00,0.00
2012-02-01 16:00:00,726.48,631.55,80.11,14.82,765.48,678.34,87.14,947.65,29.91,2.75,0.00,0.00
2012-02-01 17:00:00,499.97,421.03,67.92,11.03,569.56,495.68,73.88,903.56,28.50,2.41,0.00,0.00
2012-02-01 18:00:00,249.56,190.68,52.18,6.70,346.20,289.44,56.76,815.83,25.83,1.47,0.00,0.00
2012-02-01 19:00:00,32.63,0.00,30.28,2.35,121.24,88.30,32.94,596.69,23.53,0.71,0.00,0.00
2012-02-01 20:00:00,0.00,0.00,0.00,0.00,0.00,0.00,0.00,0.00,21.71,0.15,1.00,0.00
2012-02-01 21:00:00,0.00,0.00,0.00,0.00,0.00,0.00,0.00,0.00,20.28,0.31,1.00,0.00
2012-02-01 22:00:00,0.00,0.00,0.00,0.00,0.00,0.00,0.00,0.00,18.82,0.72,1.00,0.00
2012-02-01 23:00:00,0.00,0.00,0.00,0.00,0.00,0.00,0.00,0.00,17.59,0.82,1.00,0.00
2012-02-02 00:00:00,0.00,0.00,0.00,0.00,0.00,0.00,0.00,0.00,16.63,0.88,1.00,0.00
2012-02-02 01:00:00,0.00,0.00,0.00,0.00,0.00,0.00,0.00,0.00,15.65,0.94,1.00,0.00
2012-02-02 02:00:00,0.00,0.00,0.00,0.00,0.00,0.00,0.00,0.00,15.13,0.82,1.00,0.00
2012-02-02 03:00:00,0.00,0.00,0.00,0.00,0.00,0.00,0.00,0.00,14.34,0.75,1.00,0.00
2012-02-02 04:00:00,0.00,0.00,0.00,0.00,0.00,0.00,0.00,0.00,13.50,0.62,1.00,0.00
2012-02-02 05:00:00,0.00,0.00,0.00,0.00,0.00,0.00,0.00,0.00,14.56,0.46,1.00,0.00
2012-02-02 06:00:00,0.00,0.00,0.00,0.00,0.00,0.00,0.00,0.00,16.37,0.24,1.00,0.00
2012-02-02 07:00:00,49.36,12.52,33.91,2.94,151.66,114.78,36.88,658.39,19.91,0.23,0.00,0.00
2012-02-02 08:00:00,287.46,225.30,54.77,7.39,381.58,322.00,59.58,847.14,23.22,0.62,0.00,0.00
2012-02-02 09:00:00,540.37,458.55,70.11,11.72,605.18,528.92,76.26,926.30,26.47,0.92,0.00,0.00
2012-02-02 10:00:00,766.30,668.77,82.04,15.49,800.06,710.82,89.24,968.31,29.51,1.39,0.00,0.00
2012-02-02 11:00:00,942.14,833.03,90.72,18.40,950.20,851.52,98.68,992.48,31.83,1.87,0.00,0.00
2012-02-02 12:00:00,1049.27,933.27,95.85,20.15,1040.86,936.60,104.26,1002.43,33.05,2.36,0.00,0.00
2012-02-02 13:00:00,1081.20,963.16,97.38,20.67,1067.54,961.62,105.92,1003.86,32.35,2.83,0.00,0.00
2012-02-02 14:00:00,1035.50,920.37,95.22,19.91,1028.42,924.84,103.58,997.47,31.74,3.15,0.00,0.00
2012-02-02 15:00:00,917.13,809.67,89.51,17.96,927.56,830.20,97.36,983.49,30.70,3.05,0.00,0.00
2012-02-02 16:00:00,735.35,639.96,80.44,14.95,772.10,684.60,87.50,958.35,29.48,3.06,0.00,0.00
2012-02-02 17:00:00,505.67,426.45,68.12,11.10,573.40,499.30,74.10,913.08,27.97,2.75,0.00,0.00
2012-02-02 18:00:00,251.88,192.97,52.20,6.72,346.96,290.18,56.78,822.07,25.37,1.75,0.00,0.00
2012-02-02 19:00:00,32.31,0.00,29.99,2.32,119.82,87.20,32.62,598.34,22.86,1.02,0.00,0.00
2012-02-02 20:00:00,0.00,0.00,0.00,0.00,0.00,0.00,0.00,0.00,20.72,0.36,1.00,0.00
2012-02-02 21:00:00,0.00,0.00,0.00,0.00,0.00,0.00,0.00,0.00,19.07,0.19,1.00,0.00
2012-02-02 22:00:00,0.00,0.00,0.00,0.00,0.00,0.00,0.00,0.00,17.61,0.33,1.00,0.00
2012-02-02 23:00:00,0.00,0.00,0.00,0.00,0.00,0.00,0.00,0.00,16.36,0.59,1.00,0.00
2012-02-03 00:00:00,0.00,0.00,0.00,0.00,0.00,0.00,0.00,0.00,15.26,0.51,1.00,0.00
2012-02-03 01:00:00,0.00,0.00,0.00,0.00,0.00,0.00,0.00,0.00,14.26,0.48,1.00,0.00
2012-02-03 02:00:00,0.00,0.00,0.00,0.00,0.00,0.00,0.00,0.00,13.39,0.41,1.00,0.00
2012-02-03 03:00:00,0.00,0.00,0.00,0.00,0.00,0.00,0.00,0.00,14.18,0.34,1.00,0.00
2012-02-03 04:00:00,0.00,0.00,0.00,0.00,0.00,0.00,0.00,0.00,14.70,0.34,1.00,0.00
2012-02-03 05:00:00,0.00,0.00,0.00,0.00,0.00,0.00,0.00,0.00,15.72,0.15,1.00,0.00
2012-02-03 06:00:00,0.00,0.00,0.00,0.00,0.00,0.00,0.00,0.00,17.36,0.06,1.00,0.00
2012-02-03 07:00:00,48.60,12.10,33.61,2.88,148.94,112.38,36.56,656.27,19.88,0.33,0.00,0.00
2012-02-03 08:00:00,287.12,225.15,54.63,7.34,379.10,319.68,59.42,847.16,22.64,0.68,0.00,0.00
2012-02-03 09:00:00,541.36,459.60,70.07,11.69,603.82,527.60,76.22,927.72,24.93,1.10,0.00,0.00
2012-02-03 10:00:00,769.25,671.62,82.13,15.50,800.48,711.14,89.34,971.57,27.16,1.48,0.00,0.00
2012-02-03 11:00:00,946.85,837.48,90.94,18.43,952.12,853.20,98.92,996.63,29.05,1.96,0.00,0.00
2012-02-03 12:00:00,1053.61,937.39,96.03,20.18,1042.28,937.82,104.46,1005.49,30.29,2.40,0.00,0.00
2012-02-03 13:00:00,1084.84,966.65,97.50,20.68,1068.26,962.20,106.06,1006.00,30.97,2.84,0.00,0.00
2012-02-03 14:00:00,1038.65,923.44,95.30,19.91,1028.64,924.98,103.66,999.18,31.66,2.94,0.00,0.00
2012-02-03 15:00:00,918.64,811.21,89.51,17.93,926.24,828.88,97.36,983.67,30.83,2.96,0.00,0.00
2012-02-03 16:00:00,735.67,640.40,80.37,14.90,769.64,682.22,87.42,956.99,29.66,2.94,0.00,0.00
2012-02-03 17:00:00,505.19,426.18,67.98,11.04,570.16,496.22,73.94,910.36,27.89,2.75,0.00,0.00
2012-02-03 18:00:00,252.92,194.07,52.14,6.70,346.02,289.30,56.72,824.54,25.42,1.67,0.00,0.00
2012-02-03 19:00:00,32.18,0.00,29.88,2.30,119.04,86.54,32.50,603.10,23.00,1.15,0.00,0.00
2012-02-03 20:00:00,0.00,0.00,0.00,0.00,0.00,0.00,0.00,0.00,21.25,0.45,1.00,0.00
2012-02-03 21:00:00,0.00,0.00,0.00,0.00,0.00,0.00,0.00,0.00,19.84,0.23,1.00,0.00
2012-02-03 22:00:00,0.00,0.00,0.00,0.00,0.00,0.00,0.00,0.00,18.74,0.44,1.00,0.00
2012-02-03 23:00:00,0.00,0.00,0.00,0.00,0.00,0.00,0.00,0.00,17.73,0.56,1.00,0.00
2012-02-04 00:00:00,0.00,0.00,0.00,0.00,0.00,0.00,0.00,0.00,16.56,0.45,1.00,0.00
2012-02-04 01:00:00,0.00,0.00,0.00,0.00,0.00,0.00,0.00,0.00,15.62,0.40,1.00,0.00
2012-02-04 02:00:00,0.00,0.00,0.00,0.00,0.00,0.00,0.00,0.00,14.75,0.35,1.00,0.00
2012-02-04 03:00:00,0.00,0.00,0.00,0.00,0.00,0.00,0.00,0.00,14.04,0.31,1.00,0.00
2012-02-04 04:00:00,0.00,0.00,0.00,0.00,0.00,0.00,0.00,0.00,13.03,0.30,1.00,0.00
2012-02-04 05:00:00,0.00,0.00,0.00,0.00,0.00,0.00,0.00,0.00,12.22,0.21,1.00,0.00
2012-02-04 06:00:00,0.00,0.00,0.00,0.00,0.00,0.00,0.00,0.00,13.79,0.10,1.00,0.00
2012-02-04 07:00:00,48.23,11.92,33.45,2.86,147.98,111.60,36.38,663.71,16.61,0.25,0.00,0.00
2012-02-04 08:00:00,290.60,228.42,54.79,7.39,381.56,321.96,59.60,859.46,20.08,0.61,0.00,0.00
2012-02-04 09:00:00,546.38,464.36,70.27,11.75,606.94,530.50,76.44,936.84,22.97,0.99,0.00,0.00
2012-02-04 10:00:00,773.90,676.12,82.24,15.54,802.56,713.10,89.46,977.11,25.20,1.46,0.00,0.00
2012-02-04 11:00:00,949.75,840.40,90.92,18.43,952.24,853.34,98.90,998.90,27.16,1.81,0.00,0.00
2012-02-04 12:00:00,1056.44,940.25,96.02,20.18,1042.18,937.74,104.44,1007.18,28.63,2.26,0.00,0.00
2012-02-04 13:00:00,1087.37,969.23,97.47,20.67,1067.78,961.76,106.02,1007.17,29.91,2.62,0.00,0.00
2012-02-04 14:00:00,1040.65,925.51,95.24,19.90,1027.72,924.12,103.60,999.83,31.00,2.74,0.00,0.00
2012-02-04 15:00:00,919.38,812.11,89.38,17.89,924.08,826.86,97.22,983.03,30.22,2.82,0.00,0.00
2012-02-04 16:00:00,735.24,640.26,80.15,14.84,766.36,679.18,87.18,955.02,29.14,2.80,0.00,0.00
2012-02-04 17:00:00,504.11,425.46,67.68,10.96,566.26,492.64,73.62,906.72,27.61,2.51,0.00,0.00
2012-02-04 18:00:00,251.60,193.19,51.80,6.61,341.68,285.34,56.34,818.21,25.10,1.59,0.00,0.00
2012-02-04 19:00:00,31.69,0.00,29.46,2.23,115.44,83.40,32.04,591.18,22.88,1.03,0.00,0.00
2012-02-04 20:00:00,0.00,0.00,0.00,0.00,0.00,0.00,0.00,0.00,20.92,0.46,1.00,0.00
2012-02-04 21:00:00,0.00,0.00,0.00,0.00,0.00,0.00,0.00,0.00,19.34,0.13,1.00,0.00
2012-02-04 22:00:00,0.00,0.00,0.00,0.00,0.00,0.00,0.00,0.00,18.07,0.36,1.00,0.00
2012-02-04 23:00:00,0.00,0.00,0.00,0.00,0.00,0.00,0.00,0.00,17.07,0.55,1.00,0.00
2012-02-05 00:00:00,0.00,0.00,0.00,0.00,0.00,0.00,0.00,0.00,16.10,0.54,1.00,0.00
2012-02-05 01:00:00,0.00,0.00,0.00,0.00,0.00,0.00,0.00,0.00,15.35,0.41,1.00,0.00
2012-02-05 02:00:00,0.00,0.00,0.00,0.00,0.00,0.00,0.00,0.00,14.80,0.30,1.00,0.00
2012-02-05 03:00:00,0.00,0.00,0.00,0.00,0.00,0.00,0.00,0.00,14.29,0.26,1.00,0.00
2012-02-05 04:00:00,0.00,0.00,0.00,0.00,0.00,0.00,0.00,0.00,13.21,0.23,1.00,0.00
2012-02-05 05:00:00,0.00,0.00,0.00,0.00,0.00,0.00,0.00,0.00,12.65,0.14,1.00,0.00
2012-02-05 06:00:00,0.00,0.00,0.00,0.00,0.00,0.00,0.00,0.00,14.34,0.10,1.00,0.00
2012-02-05 07:00:00,47.69,11.73,33.13,2.83,146.14,110.10,36.04,667.08,17.10,0.25,0.00,0.00
2012-02-05 08:00:00,291.61,229.60,54.65,7.37,380.78,321.34,59.44,864.16,20.84,0.68,0.00,0.00
2012-02-05 09:00:00,546.97,465.15,70.11,11.71,605.00,528.74,76.26,937.79,23.69,1.11,0.00,0.00
2012-02-05 10:00:00,772.61,675.15,82.00,15.46,798.50,709.30,89.20,974.62,26.74,1.53,0.00,0.00
2012-02-05 11:00:00,946.14,837.26,90.57,18.31,945.70,847.18,98.52,993.92,28.89,2.07,0.00,0.00
2012-02-05 12:00:00,1051.30,935.71,95.57,20.02,1034.24,930.28,103.96,1000.96,30.70,2.49,0.00,0.00
2012-02-05 13:00:00,1081.26,963.80,96.95,20.50,1058.86,953.40,105.46,1000.05,32.01,2.91,0.00,0.00
2012-02-05 14:00:00,1033.75,919.37,94.67,19.71,1017.98,915.00,102.98,991.61,31.31,3.02,0.00,0.00
2012-02-05 15:00:00,915.78,809.05,88.97,17.76,917.58,820.80,96.78,977.70,30.60,2.97,0.00,0.00
2012-02-05 16:00:00,733.95,639.30,79.89,14.76,762.18,675.28,86.90,951.84,29.55,2.90,0.00,0.00
2012-02-05 17:00:00,504.38,425.91,67.55,10.91,563.80,490.32,73.48,905.87,27.77,2.58,0.00,0.00
2012-02-05 18:00:00,250.98,192.88,51.56,6.55,338.34,282.26,56.08,814.35,25.22,1.43,0.00,0.00
2012-02-05 19:00:00,31.18,0.00,29.01,2.17,112.12,80.56,31.56,581.74,22.90,0.76,0.00,0.00
2012-02-05 20:00:00,0.00,0.00,0.00,0.00,0.00,0.00,0.00,0.00,21.05,0.30,1.00,0.00
2012-02-05 21:00:00,0.00,0.00,0.00,0.00,0.00,0.00,0.00,0.00,19.60,0.24,1.00,0.00
2012-02-05 22:00:00,0.00,0.00,0.00,0.00,0.00,0.00,0.00,0.00,18.41,0.37,1.00,0.00
2012-02-05 23:00:00,0.00,0.00,0.00,0.00,0.00,0.00,0.00,0.00,17.46,0.53,1.00,0.00
2012-02-06 00:00:00,0.00,0.00,0.00,0.00,0.00,0.00,0.00,0.00,16.66,0.55,1.00,0.00
2012-02-06 01:00:00,0.00,0.00,0.00,0.00,0.00,0.00,0.00,0.00,15.81,0.49,1.00,0.00
2012-02-06 02:00:00,0.00,0.00,0.00,0.00,0.00,0.00,0.00,0.00,15.15,0.43,1.00,0.00
2012-02-06 03:00:00,0.00,0.00,0.00,0.00,0.00,0.00,0.00,0.00,14.49,0.33,1.00,0.00
2012-02-06 04:00:00,0.00,0.00,0.00,0.00,0.00,0.00,0.00,0.00,13.78,0.32,1.00,0.00
2012-02-06 05:00:00,0.00,0.00,0.00,0.00,0.00,0.00,0.00,0.00,14.74,0.16,1.00,0.00
2012-02-06 06:00:00,0.00,0.00,0.00,0.00,0.00,0.00,0.00,0.00,16.09,0.10,1.00,0.00
2012-02-06 07:00:00,46.30,11.09,32.51,2.70,139.72,104.36,35.36,644.40,18.32,0.33,0.00,0.00
2012-02-06 08:00:00,285.64,224.47,54.00,7.17,370.46,311.72,58.74,844.55,21.28,0.68,0.00,0.00
2012-02-06 09:00:00,540.71,459.62,69.56,11.53,595.40,519.74,75.66,925.86,24.18,1.04,0.00,0.00
2012-02-06 10:00:00,768.81,671.86,81.62,15.33,791.70,702.92,88.78,968.72,26.84,1.45,0.00,0.00
2012-02-06 11:00:00,945.94,837.30,90.39,18.25,942.66,844.34,98.32,992.72,29.22,1.86,0.00,0.00
2012-02-06 12:00:00,1054.20,938.61,95.57,20.02,1034.08,930.12,103.96,1002.67,30.68,2.30,0.00,0.00
2012-02-06 13:00:00,1086.81,969.16,97.10,20.55,1061.34,955.72,105.62,1004.17,31.46,2.68,0.00,0.00
2012-02-06 14:00:00,1041.13,926.43,94.91,19.79,1022.22,918.98,103.24,997.68,32.32,2.80,0.00,0.00
2012-02-06 15:00:00,922.43,815.42,89.18,17.84,921.30,824.30,97.00,983.76,31.18,2.83,0.00,0.00
2012-02-06 16:00:00,739.83,644.98,80.04,14.82,765.40,678.34,87.06,958.65,30.03,2.74,0.00,0.00
2012-02-06 17:00:00,508.50,429.96,67.59,10.95,565.72,492.20,73.52,912.57,28.23,2.33,0.00,0.00
2012-02-06 18:00:00,252.88,194.81,51.52,6.55,338.52,282.48,56.04,820.41,25.39,1.22,0.00,0.00
2012-02-06 19:00:00,30.92,0.00,28.78,2.14,110.74,79.44,31.30,584.60,22.62,0.67,0.00,0.00
2012-02-06 20:00:00,0.00,0.00,0.00,0.00,0.00,0.00,0.00,0.00,20.80,0.22,1.00,0.00
2012-02-06 21:00:00,0.00,0.00,0.00,0.00,0.00,0.00,0.00,0.00,19.52,0.19,1.00,0.00
2012-02-06 22:00:00,0.00,0.00,0.00,0.00,0.00,0.00,0.00,0.00,18.43,0.31,1.00,0.00
2012-02-06 23:00:00,0.00,0.00,0.00,0.00,0.00,0.00,0.00,0.00,17.58,0.41,1.00,0.00
2012-02-07 00:00:00,0.00,0.00,0.00,0.00,0.00,0.00,0.00,0.00,16.80,0.46,1.00,0.00
2012-02-07 01:00:00,0.00,0.00,0.00,0.00,0.00,0.00,0.00,0.00,16.12,0.30,1.00,0.00
2012-02-07 02:00:00,0.00,0.00,0.00,0.00,0.00,0.00,0.00,0.00,15.32,0.30,1.00,0.00
2012-02-07 03:00:00,0.00,0.00,0.00,0.00,0.00,0.00,0.00,0.00,14.66,0.22,1.00,0.00
2012-02-07 04:00:00,0.00,0.00,0.00,0.00,0.00,0.00,0.00,0.00,13.76,0.27,1.00,0.00
2012-02-07 05:00:00,0.00,0.00,0.00,0.00,0.00,0.00,0.00,0.00,13.21,0.18,1.00,0.00
2012-02-07 06:00:00,0.00,0.00,0.00,0.00,0.00,0.00,0.00,0.00,14.49,0.06,1.00,0.00
2012-02-07 07:00:00,45.66,10.85,32.16,2.65,136.82,101.84,34.98,641.12,17.02,0.19,0.00,0.00
2012-02-07 08:00:00,285.46,224.46,53.87,7.12,367.86,309.26,58.60,844.19,20.30,0.59,0.00,0.00
2012-02-07 09:00:00,540.78,459.84,69.46,11.48,592.74,517.18,75.56,925.35,23.36,1.03,0.00,0.00
2012-02-07 10:00:00,768.34,671.57,81.51,15.26,788.40,699.74,88.66,967.23,26.18,1.46,0.00,0.00
2012-02-07 11:00:00,944.99,836.58,90.24,18.17,938.74,840.58,98.16,990.55,28.36,1.82,0.00,0.00
2012-02-07 12:00:00,1052.09,936.80,95.37,19.92,1029.02,925.28,103.74,999.36,30.15,2.35,0.00,0.00
2012-02-07 13:00:00,1083.22,965.98,96.82,20.42,1054.84,949.52,105.32,999.41,31.66,2.74,0.00,0.00
2012-02-07 14:00:00,1036.75,922.50,94.60,19.65,1014.98,912.08,102.90,991.95,31.11,2.90,0.00,0.00
2012-02-07 15:00:00,917.19,810.72,88.79,17.68,913.14,816.56,96.58,976.52,30.21,2.94,0.00,0.00
2012-02-07 16:00:00,733.69,639.51,79.54,14.64,756.20,669.68,86.52,948.89,29.16,2.92,0.00,0.00
2012-02-07 17:00:00,502.98,425.17,67.04,10.78,556.80,483.88,72.92,900.82,27.40,2.65,0.00,0.00
2012-02-07 18:00:00,251.22,193.63,51.13,6.46,333.84,278.22,55.62,813.85,25.02,1.44,0.00,0.00
2012-02-07 19:00:00,30.45,0.00,28.35,2.10,108.22,77.38,30.84,581.27,22.84,0.90,0.00,0.00
2012-02-07 20:00:00,0.00,0.00,0.00,0.00,0.00,0.00,0.00,0.00,21.37,0.43,1.00,0.00
2012-02-07 21:00:00,0.00,0.00,0.00,0.00,0.00,0.00,0.00,0.00,20.19,0.28,1.00,0.00
2012-02-07 22:00:00,0.00,0.00,0.00,0.00,0.00,0.00,0.00,0.00,19.27,0.40,1.00,0.00
2012-02-07 23:00:00,0.00,0.00,0.00,0.00,0.00,0.00,0.00,0.00,18.24,0.37,1.00,0.00
2012-02-08 00:00:00,0.00,0.00,0.00,0.00,0.00,0.00,0.00,0.00,17.36,0.31,1.00,0.00
2012-02-08 01:00:00,0.00,0.00,0.00,0.00,0.00,0.00,0.00,0.00,16.74,0.27,1.00,0.00
2012-02-08 02:00:00,0.00,0.00,0.00,0.00,0.00,0.00,0.00,0.00,16.30,0.17,1.00,0.00
2012-02-08 03:00:00,0.00,0.00,0.00,0.00,0.00,0.00,0.00,0.00,15.43,0.12,1.00,0.00
2012-02-08 04:00:00,0.00,0.00,0.00,0.00,0.00,0.00,0.00,0.00,14.28,0.19,1.00,0.00
2012-02-08 05:00:00,0.00,0.00,0.00,0.00,0.00,0.00,0.00,0.00,13.17,0.19,1.00,0.00
2012-02-08 06:00:00,0.00,0.00,0.00,0.00,0.00,0.00,0.00,0.00,14.74,0.08,1.00,0.00
2012-02-08 07:00:00,45.27,10.80,31.85,2.63,135.66,101.02,34.64,648.63,17.29,0.16,0.00,0.00
2012-02-08 08:00:00,289.18,228.10,53.91,7.17,370.42,311.78,58.64,857.54,20.83,0.54,0.00,0.00
2012-02-08 09:00:00,546.97,465.78,69.63,11.55,596.84,521.10,75.74,936.49,24.01,0.93,0.00,0.00
2012-02-08 10:00:00,775.86,678.77,81.73,15.36,793.18,704.28,88.90,976.44,27.11,1.44,0.00,0.00
2012-02-08 11:00:00,952.44,843.72,90.46,18.26,943.14,844.74,98.40,997.73,29.61,1.86,0.00,0.00
2012-02-08 12:00:00,1059.82,944.24,95.57,20.01,1033.50,929.54,103.96,1005.91,31.56,2.41,0.00,0.00
2012-02-08 13:00:00,1091.06,973.54,97.01,20.51,1059.40,953.88,105.52,1005.80,32.69,2.84,0.00,0.00
2012-02-08 14:00:00,1043.86,929.43,94.71,19.72,1018.86,915.84,103.02,997.91,32.12,3.12,0.00,0.00
2012-02-08 15:00:00,923.08,816.47,88.88,17.73,915.96,819.28,96.68,981.92,31.10,2.97,0.00,0.00
2012-02-08 16:00:00,738.34,644.03,79.63,14.67,758.00,671.38,86.62,953.98,29.85,2.99,0.00,0.00
2012-02-08 17:00:00,505.96,428.10,67.07,10.79,557.32,484.36,72.96,905.44,28.05,2.61,0.00,0.00
2012-02-08 18:00:00,251.04,193.79,50.84,6.41,331.20,275.90,55.30,812.92,25.38,1.54,0.00,0.00
2012-02-08 19:00:00,29.73,0.00,27.71,2.02,104.44,74.30,30.14,569.99,23.15,0.88,0.00,0.00
2012-02-08 20:00:00,0.00,0.00,0.00,0.00,0.00,0.00,0.00,0.00,21.38,0.33,1.00,0.00
2012-02-08 21:00:00,0.00,0.00,0.00,0.00,0.00,0.00,0.00,0.00,19.91,0.18,1.00,0.00
2012-02-08 22:00:00,0.00,0.00,0.00,0.00,0.00,0.00,0.00,0.00,18.68,0.45,1.00,0.00
2012-02-08 23:00:00,0.00,0.00,0.00,0.00,0.00,0.00,0.00,0.00,17.53,0.55,1.00,0.00
2012-02-09 00:00:00,0.00,0.00,0.00,0.00,0.00,0.00,0.00,0.00,16.71,0.49,1.00,0.00
2012-02-09 01:00:00,0.00,0.00,0.00,0.00,0.00,0.00,0.00,0.00,15.84,0.50,1.00,0.00
2012-02-09 02:00:00,0.00,0.00,0.00,0.00,0.00,0.00,0.00,0.00,14.80,0.49,1.00,0.00
2012-02-09 03:00:00,0.00,0.00,0.00,0.00,0.00,0.00,0.00,0.00,14.23,0.49,1.00,0.00
2012-02-09 04:00:00,0.00,0.00,0.00,0.00,0.00,0.00,0.00,0.00,15.01,0.53,1.00,0.00
2012-02-09 05:00:00,0.00,0.00,0.00,0.00,0.00,0.00,0.00,0.00,16.41,0.32,1.00,0.00
2012-02-09 06:00:00,0.00,0.00,0.00,0.00,0.00,0.00,0.00,0.00,17.98,0.14,1.00,0.00
2012-02-09 07:00:00,43.85,10.21,31.15,2.50,129.00,95.12,33.88,623.16,20.15,0.23,0.00,0.00
2012-02-09 08:00:00,281.87,221.85,53.08,6.94,358.44,300.70,57.74,833.40,23.24,0.58,0.00,0.00
2012-02-09 09:00:00,536.58,456.59,68.71,11.28,582.68,507.94,74.74,916.90,26.29,0.93,0.00,0.00
2012-02-09 10:00:00,764.23,668.39,80.77,15.07,778.34,690.48,87.86,960.37,28.83,1.39,0.00,0.00
2012-02-09 11:00:00,940.73,833.26,89.49,17.97,928.48,831.14,97.34,984.05,31.10,1.82,0.00,0.00
2012-02-09 12:00:00,1049.92,935.39,94.77,19.76,1020.84,917.76,103.08,995.11,32.51,2.29,0.00,0.00
2012-02-09 13:00:00,1083.42,966.76,96.35,20.31,1048.90,944.10,104.80,997.37,33.19,2.76,0.00,0.00
2012-02-09 14:00:00,1038.81,925.03,94.21,19.57,1010.84,908.36,102.48,991.72,34.03,3.01,0.00,0.00
2012-02-09 15:00:00,920.00,813.87,88.51,17.61,909.84,813.56,96.28,977.32,32.92,2.96,0.00,0.00
2012-02-09 16:00:00,736.56,642.64,79.34,14.58,753.28,666.98,86.30,950.41,31.73,2.96,0.00,0.00
2012-02-09 17:00:00,505.26,427.66,66.87,10.72,553.76,481.02,72.74,902.94,30.33,2.50,0.00,0.00
2012-02-09 18:00:00,250.32,193.28,50.69,6.34,327.70,272.56,55.14,809.34,27.44,1.43,0.00,0.00
2012-02-09 19:00:00,29.38,0.00,27.41,1.96,101.42,71.60,29.82,561.20,25.09,0.80,0.00,0.00
2012-02-09 20:00:00,0.00,0.00,0.00,0.00,0.00,0.00,0.00,0.00,23.00,0.22,1.00,0.00
2012-02-09 21:00:00,0.00,0.00,0.00,0.00,0.00,0.00,0.00,0.00,21.28,0.40,1.00,0.00
2012-02-09 22:00:00,0.00,0.00,0.00,0.00,0.00,0.00,0.00,0.00,20.00,0.57,1.00,0.00
2012-02-09 23:00:00,0.00,0.00,0.00,0.00,0.00,0.00,0.00,0.00,18.77,0.63,1.00,0.00
2012-02-10 00:00:00,0.00,0.00,0.00,0.00,0.00,0.00,0.00,0.00,18.06,0.50,1.00,0.00
2012-02-10 01:00:00,0.00,0.00,0.00,0.00,0.00,0.00,0.00,0.00,17.56,0.32,1.00,0.00
2012-02-10 02:00:00,0.00,0.00,0.00,0.00,0.00,0.00,0.00,0.00,16.86,0.42,1.00,0.00
2012-02-10 03:00:00,0.00,0.00,0.00,0.00,0.00,0.00,0.00,0.00,16.30,0.29,1.00,0.00
2012-02-10 04:00:00,0.00,0.00,0.00,0.00,0.00,0.00,0.00,0.00,15.39,0.35,1.00,0.00
2012-02-10 05:00:00,0.00,0.00,0.00,0.00,0.00,0.00,0.00,0.00,14.54,0.21,1.00,0.00
2012-02-10 06:00:00,0.00,0.00,0.00,0.00,0.00,0.00,0.00,0.00,16.18,0.09,1.00,0.00
2012-02-10 07:00:00,42.82,9.89,30.54,2.40,123.72,90.50,33.22,604.51,18.96,0.25,0.00,0.00
2012-02-10 08:00:00,277.72,218.44,52.49,6.79,350.68,293.58,57.10,819.96,22.49,0.56,0.00,0.00
2012-02-10 09:00:00,531.30,452.01,68.18,11.12,574.16,500.00,74.16,906.62,25.86,0.94,0.00,0.00
2012-02-10 10:00:00,758.60,663.43,80.28,14.90,769.70,682.38,87.32,952.00,28.81,1.35,0.00,0.00
2012-02-10 11:00:00,936.01,829.08,89.10,17.83,920.82,823.90,96.92,977.76,31.01,1.77,0.00,0.00
2012-02-10 12:00:00,1046.08,932.07,94.38,19.63,1014.02,911.36,102.66,990.21,32.57,2.27,0.00,0.00
2012-02-10 13:00:00,1080.85,964.60,96.05,20.20,1043.34,938.86,104.48,993.74,33.90,2.71,0.00,0.00
2012-02-10 14:00:00,1037.56,924.08,93.99,19.49,1006.56,904.32,102.24,989.29,33.14,2.92,0.00,0.00
2012-02-10 15:00:00,918.88,813.08,88.27,17.53,905.72,809.70,96.02,974.96,32.20,2.96,0.00,0.00
2012-02-10 16:00:00,735.51,641.92,79.08,14.50,749.24,663.22,86.02,948.08,31.02,2.95,0.00,0.00
2012-02-10 17:00:00,504.23,426.99,66.60,10.64,549.84,477.40,72.44,900.14,29.20,2.63,0.00,0.00
2012-02-10 18:00:00,249.77,193.08,50.42,6.28,324.50,269.66,54.84,807.04,26.48,1.56,0.00,0.00
2012-02-10 19:00:00,28.90,0.00,26.99,1.91,98.68,69.32,29.36,556.93,24.20,0.85,0.00,0.00
2012-02-10 20:00:00,0.00,0.00,0.00,0.00,0.00,0.00,0.00,0.00,22.48,0.32,1.00,0.00
2012-02-10 21:00:00,0.00,0.00,0.00,0.00,0.00,0.00,0.00,0.00,21.17,0.25,1.00,0.00
2012-02-10 22:00:00,0.00,0.00,0.00,0.00,0.00,0.00,0.00,0.00,20.02,0.32,1.00,0.00
2012-02-10 23:00:00,0.00,0.00,0.00,0.00,0.00,0.00,0.00,0.00,19.00,0.41,1.00,0.00
2012-02-11 00:00:00,0.00,0.00,0.00,0.00,0.00,0.00,0.00,0.00,18.23,0.48,1.00,0.00
2012-02-11 01:00:00,0.00,0.00,0.00,0.00,0.00,0.00,0.00,0.00,17.53,0.41,1.00,0.00
2012-02-11 02:00:00,0.00,0.00,0.00,0.00,0.00,0.00,0.00,0.00,16.66,0.43,1.00,0.00
2012-02-11 03:00:00,0.00,0.00,0.00,0.00,0.00,0.00,0.00,0.00,16.04,0.33,1.00,0.00
2012-02-11 04:00:00,0.00,0.00,0.00,0.00,0.00,0.00,0.00,0.00,15.36,0.33,1.00,0.00
2012-02-11 05:00:00,0.00,0.00,0.00,0.00,0.00,0.00,0.00,0.00,14.82,0.23,1.00,0.00
2012-02-11 06:00:00,0.00,0.00,0.00,0.00,0.00,0.00,0.00,0.00,15.96,0.08,1.00,0.00
2012-02-11 07:00:00,41.72,9.55,29.88,2.29,118.50,86.00,32.50,586.63,18.69,0.29,0.00,0.00
2012-02-11 08:00:00,273.67,215.10,51.92,6.64,343.02,286.54,56.48,806.54,21.77,0.73,0.00,0.00
2012-02-11 09:00:00,524.40,445.98,67.50,10.92,563.94,490.52,73.42,893.44,24.51,1.15,0.00,0.00
2012-02-11 10:00:00,749.07,654.93,79.49,14.66,757.10,670.64,86.46,938.49,26.60,1.50,0.00,0.00
2012-02-11 11:00:00,923.82,818.12,88.16,17.54,905.82,809.92,95.90,963.54,28.71,2.01,0.00,0.00
2012-02-11 12:00:00,1031.49,918.82,93.37,19.30,996.84,895.28,101.56,974.78,30.00,2.44,0.00,0.00
2012-02-11 13:00:00,1064.38,949.62,94.93,19.83,1024.38,921.12,103.26,976.93,30.91,2.83,0.00,0.00
2012-02-11 14:00:00,1020.08,908.18,92.80,19.10,986.60,885.66,100.94,970.91,30.45,3.05,0.00,0.00
2012-02-11 15:00:00,902.77,798.46,87.13,17.17,886.86,792.08,94.78,956.10,29.64,3.10,0.00,0.00
2012-02-11 16:00:00,721.86,629.64,78.03,14.18,732.42,647.54,84.88,928.49,28.60,3.09,0.00,0.00
2012-02-11 17:00:00,493.77,417.74,65.66,10.37,535.68,464.26,71.42,879.54,27.10,2.80,0.00,0.00
2012-02-11 18:00:00,245.03,189.18,49.74,6.11,315.76,261.66,54.10,789.32,25.11,1.89,0.00,0.00
2012-02-11 19:00:00,28.17,0.00,26.35,1.82,94.22,65.56,28.66,539.49,23.07,1.18,0.00,0.00
2012-02-11 20:00:00,0.00,0.00,0.00,0.00,0.00,0.00,0.00,0.00,21.43,0.65,1.00,0.00
2012-02-11 21:00:00,0.00,0.00,0.00,0.00,0.00,0.00,0.00,0.00,20.24,0.35,1.00,0.00
2012-02-11 22:00:00,0.00,0.00,0.00,0.00,0.00,0.00,0.00,0.00,19.31,0.06,1.00,0.00
2012-02-11 23:00:00,0.00,0.00,0.00,0.00,0.00,0.00,0.00,0.00,18.49,0.20,1.00,0.00
2012-02-12 00:00:00,0.00,0.00,0.00,0.00,0.00,0.00,0.00,0.00,17.72,0.17,1.00,0.00
2012-02-12 01:00:00,0.00,0.00,0.00,0.00,0.00,0.00,0.00,0.00,16.88,0.08,1.00,0.00
2012-02-12 02:00:00,0.00,0.00,0.00,0.00,0.00,0.00,0.00,0.00,15.95,0.18,1.00,0.00
2012-02-12 03:00:00,0.00,0.00,0.00,0.00,0.00,0.00,0.00,0.00,15.29,0.27,1.00,0.00
2012-02-12 04:00:00,0.00,0.00,0.00,0.00,0.00,0.00,0.00,0.00,14.73,0.31,1.00,0.00
2012-02-12 05:00:00,0.00,0.00,0.00,0.00,0.00,0.00,0.00,0.00,14.22,0.27,1.00,0.00
2012-02-12 06:00:00,0.00,0.00,0.00,0.00,0.00,0.00,0.00,0.00,16.16,0.10,1.00,0.00
2012-02-12 07:00:00,40.10,8.98,28.98,2.15,111.02,79.50,31.52,554.04,19.08,0.26,0.00,0.00
2012-02-12 08:00:00,265.39,208.10,50.89,6.39,330.10,274.74,55.36,779.42,21.92,0.73,0.00,0.00
2012-02-12 09:00:00,511.18,434.23,66.36,10.59,546.96,474.78,72.18,868.70,24.99,1.15,0.00,0.00
2012-02-12 10:00:00,732.03,639.53,78.24,14.27,737.00,651.90,85.10,915.24,28.00,1.70,0.00,0.00
2012-02-12 11:00:00,904.15,800.18,86.86,17.11,883.62,789.14,94.48,941.15,29.92,2.05,0.00,0.00
2012-02-12 12:00:00,1012.23,901.21,92.14,18.88,975.28,875.06,100.22,954.78,31.19,2.43,0.00,0.00
2012-02-12 13:00:00,1047.10,933.80,93.85,19.45,1004.76,902.68,102.08,959.34,30.69,2.88,0.00,0.00
2012-02-12 14:00:00,1005.45,894.82,91.86,18.77,969.44,869.52,99.92,955.33,30.07,3.15,0.00,0.00
2012-02-12 15:00:00,890.56,787.37,86.31,16.88,871.88,778.00,93.88,941.55,29.18,3.15,0.00,0.00
2012-02-12 16:00:00,712.55,621.27,77.33,13.94,720.10,635.98,84.12,915.03,27.84,2.97,0.00,0.00
2012-02-12 17:00:00,487.43,412.15,65.09,10.18,526.08,455.28,70.80,866.67,26.49,2.74,0.00,0.00
2012-02-12 18:00:00,240.28,185.24,49.09,5.95,307.16,253.76,53.40,772.39,24.22,2.06,0.00,0.00
2012-02-12 19:00:00,27.31,0.00,25.59,1.71,88.58,60.74,27.84,512.99,22.31,1.43,0.00,0.00
2012-02-12 20:00:00,0.00,0.00,0.00,0.00,0.00,0.00,0.00,0.00,20.68,0.79,1.00,0.00
2012-02-12 21:00:00,0.00,0.00,0.00,0.00,0.00,0.00,0.00,0.00,19.69,0.48,1.00,0.00
2012-02-12 22:00:00,0.00,0.00,0.00,0.00,0.00,0.00,0.00,0.00,18.82,0.13,1.00,0.00
2012-02-12 23:00:00,0.00,0.00,0.00,0.00,0.00,0.00,0.00,0.00,18.04,0.19,1.00,0.00
2012-02-13 00:00:00,0.00,0.00,0.00,0.00,0.00,0.00,0.00,0.00,17.19,0.17,1.00,0.00
2012-02-13 01:00:00,0.00,0.00,0.00,0.00,0.00,0.00,0.00,0.00,16.71,0.11,1.00,0.00
2012-02-13 02:00:00,0.00,0.00,0.00,0.00,0.00,0.00,0.00,0.00,16.31,0.10,1.00,0.00
2012-02-13 03:00:00,0.00,0.00,0.00,0.00,0.00,0.00,0.00,0.00,15.86,0.19,1.00,0.00
2012-02-13 04:00:00,0.00,0.00,0.00,0.00,0.00,0.00,0.00,0.00,15.30,0.13,1.00,0.00
2012-02-13 05:00:00,0.00,0.00,0.00,0.00,0.00,0.00,0.00,0.00,14.46,0.26,1.00,0.00
2012-02-13 06:00:00,0.00,0.00,0.00,0.00,0.00,0.00,0.00,0.00,15.50,0.30,1.00,0.00
2012-02-13 07:00:00,40.35,9.22,28.98,2.15,111.30,79.78,31.52,568.30,17.72,0.51,0.00,0.00
2012-02-13 08:00:00,270.97,213.21,51.28,6.48,334.62,278.84,55.78,796.96,20.31,0.86,0.00,0.00
2012-02-13 09:00:00,521.25,443.58,66.93,10.74,554.92,482.12,72.80,886.16,22.57,1.25,0.00,0.00
2012-02-13 10:00:00,745.60,652.15,78.97,14.47,747.68,661.78,85.90,932.00,25.05,1.67,0.00,0.00
2012-02-13 11:00:00,920.46,815.38,87.72,17.35,896.42,801.00,95.42,957.70,27.04,2.10,0.00,0.00
2012-02-13 12:00:00,1027.77,915.75,92.91,19.11,987.04,885.98,101.06,968.85,28.57,2.56,0.00,0.00
2012-02-13 13:00:00,1060.33,946.24,94.45,19.64,1014.32,911.58,102.74,970.83,29.53,2.95,0.00,0.00
2012-02-13 14:00:00,1015.70,904.50,92.30,18.90,976.20,875.80,100.40,964.39,30.50,3.21,0.00,0.00
2012-02-13 15:00:00,897.64,794.12,86.56,16.95,875.76,781.60,94.16,948.40,29.69,3.29,0.00,0.00
2012-02-13 16:00:00,716.41,625.06,77.39,13.96,721.06,636.88,84.18,919.49,28.54,3.07,0.00,0.00
2012-02-13 17:00:00,488.62,413.52,64.94,10.16,524.56,453.92,70.64,868.50,27.21,2.88,0.00,0.00
2012-02-13 18:00:00,104.53,1.84,100.52,2.17,111.84,2.50,109.34,7.67,25.14,1.99,0.00,1.00
2012-02-13 19:00:00,26.73,0.00,25.08,1.65,85.10,57.82,27.28,502.30,23.28,1.30,0.00,0.00
2012-02-13 20:00:00,0.00,0.00,0.00,0.00,0.00,0.00,0.00,0.00,21.63,0.71,1.00,0.00
2012-02-13 21:00:00,0.00,0.00,0.00,0.00,0.00,0.00,0.00,0.00,20.68,0.32,1.00,0.00
2012-02-13 22:00:00,0.00,0.00,0.00,0.00,0.00,0.00,0.00,0.00,19.70,0.14,1.00,0.00
2012-02-13 23:00:00,0.00,0.00,0.00,0.00,0.00,0.00,0.00,0.00,18.94,0.20,1.00,0.00
2012-02-14 00:00:00,0.00,0.00,0.00,0.00,0.00,0.00,0.00,0.00,18.29,0.25,1.00,0.00
2012-02-14 01:00:00,0.00,0.00,0.00,0.00,0.00,0.00,0.00,0.00,17.73,0.14,1.00,0.00
2012-02-14 02:00:00,0.00,0.00,0.00,0.00,0.00,0.00,0.00,0.00,17.69,0.14,1.00,0.00
2012-02-14 03:00:00,0.00,0.00,0.00,0.00,0.00,0.00,0.00,0.00,17.26,0.18,1.00,0.00
2012-02-14 04:00:00,0.00,0.00,0.00,0.00,0.00,0.00,0.00,0.00,16.90,0.16,1.00,0.00
2012-02-14 05:00:00,0.00,0.00,0.00,0.00,0.00,0.00,0.00,0.00,15.79,0.19,1.00,0.00
2012-02-14 06:00:00,0.00,0.00,0.00,0.00,0.00,0.00,0.00,0.00,16.66,0.29,1.00,0.00
2012-02-14 07:00:00,39.72,9.13,28.50,2.09,107.96,76.96,31.00,559.93,18.80,0.57,0.00,0.00
2012-02-14 08:00:00,270.11,212.68,51.02,6.41,331.02,275.52,55.50,793.78,21.27,0.94,0.00,0.00
2012-02-14 09:00:00,520.89,443.46,66.74,10.68,551.72,479.12,72.60,884.70,23.86,1.23,0.00,0.00
2012-02-14 10:00:00,746.49,653.20,78.86,14.43,745.52,659.74,85.78,932.20,26.79,1.64,0.00,0.00
2012-02-14 11:00:00,922.77,817.78,87.65,17.34,895.56,800.22,95.34,959.18,28.85,1.96,0.00,0.00
2012-02-14 12:00:00,1031.05,919.07,92.87,19.11,987.00,885.98,101.02,971.04,30.68,2.41,0.00,0.00
2012-02-14 13:00:00,1064.30,950.24,94.42,19.65,1014.90,912.20,102.70,973.62,31.80,2.75,0.00,0.00
2012-02-14 14:00:00,1020.06,908.86,92.28,18.92,977.20,876.82,100.38,967.78,31.41,3.00,0.00,0.00
2012-02-14 15:00:00,900.79,797.33,86.51,16.95,875.72,781.62,94.10,951.05,30.43,3.03,0.00,0.00
2012-02-14 16:00:00,718.33,627.11,77.28,13.94,719.98,635.92,84.06,921.29,29.27,2.92,0.00,0.00
2012-02-14 17:00:00,489.33,414.42,64.79,10.12,522.58,452.10,70.48,869.48,27.70,2.77,0.00,0.00
2012-02-14 18:00:00,239.38,184.95,48.60,5.83,301.30,248.44,52.86,770.13,25.35,1.83,0.00,0.00
2012-02-14 19:00:00,26.17,0.00,24.58,1.59,82.20,55.46,26.74,495.99,23.31,1.22,0.00,0.00
2012-02-14 20:00:00,0.00,0.00,0.00,0.00,0.00,0.00,0.00,0.00,21.74,0.66,1.00,0.00
2012-02-14 21:00:00,0.00,0.00,0.00,0.00,0.00,0.00,0.00,0.00,20.74,0.33,1.00,0.00
2012-02-14 22:00:00,0.00,0.00,0.00,0.00,0.00,0.00,0.00,0.00,19.95,0.10,1.00,0.00
2012-02-14 23:00:00,0.00,0.00,0.00,0.00,0.00,0.00,0.00,0.00,19.26,0.10,1.00,0.00
2012-02-15 00:00:00,0.00,0.00,0.00,0.00,0.00,0.00,0.00,0.00,18.74,0.15,1.00,0.00
2012-02-15 01:00:00,0.00,0.00,0.00,0.00,0.00,0.00,0.00,0.00,18.21,0.03,1.00,0.00
2012-02-15 02:00:00,0.00,0.00,0.00,0.00,0.00,0.00,0.00,0.00,17.72,0.08,1.00,0.00
2012-02-15 03:00:00,0.00,0.00,0.00,0.00,0.00,0.00,0.00,0.00,16.86,0.14,1.00,0.00
2012-02-15 04:00:00,0.00,0.00,0.00,0.00,0.00,0.00,0.00,0.00,16.20,0.16,1.00,0.00
2012-02-15 05:00:00,0.00,0.00,0.00,0.00,0.00,0.00,0.00,0.00,15.29,0.24,1.00,0.00
2012-02-15 06:00:00,0.00,0.00,0.00,0.00,0.00,0.00,0.00,0.00,14.91,0.25,1.00,0.00
2012-02-15 07:00:00,38.91,8.97,27.93,2.01,103.72,73.34,30.38,545.96,17.19,0.45,0.00,0.00
2012-02-15 08:00:00,267.05,210.23,50.53,6.29,324.72,269.76,54.96,783.47,20.23,0.87,0.00,0.00
2012-02-15 09:00:00,515.63,438.89,66.23,10.52,543.22,471.18,72.04,874.07,23.09,1.31,0.00,0.00
2012-02-15 10:00:00,738.37,645.94,78.22,14.22,734.40,649.32,85.08,920.37,26.16,1.73,0.00,0.00
2012-02-15 11:00:00,911.68,807.73,86.88,17.07,881.68,787.18,94.50,946.07,27.99,2.26,0.00,0.00
2012-02-15 12:00:00,1018.05,907.25,91.99,18.81,971.48,871.42,100.06,957.26,29.31,2.79,0.00,0.00
2012-02-15 13:00:00,1050.03,937.21,93.50,19.33,998.22,896.52,101.70,959.02,30.21,3.04,0.00,0.00
2012-02-15 14:00:00,1005.25,895.34,91.33,18.58,959.98,860.64,99.34,952.18,29.78,3.29,0.00,0.00
2012-02-15 15:00:00,888.08,785.80,85.63,16.66,860.36,767.22,93.14,936.15,28.89,3.26,0.00,0.00
2012-02-15 16:00:00,708.19,618.00,76.51,13.68,706.88,623.66,83.22,907.02,27.79,3.10,0.00,0.00
2012-02-15 17:00:00,481.93,407.91,64.11,9.91,511.96,442.22,69.74,855.14,26.05,2.80,0.00,0.00
2012-02-15 18:00:00,235.88,182.11,48.06,5.70,294.48,242.20,52.28,757.77,24.19,1.92,0.00,0.00
2012-02-15 19:00:00,25.47,0.00,23.96,1.52,78.34,52.28,26.06,481.75,22.48,1.31,0.00,0.00
2012-02-15 20:00:00,0.00,0.00,0.00,0.00,0.00,0.00,0.00,0.00,21.17,0.86,1.00,0.00
2012-02-15 21:00:00,0.00,0.00,0.00,0.00,0.00,0.00,0.00,0.00,20.54,0.70,1.00,0.00
2012-02-15 22:00:00,0.00,0.00,0.00,0.00,0.00,0.00,0.00,0.00,20.03,0.55,1.00,0.00
2012-02-15 23:00:00,0.00,0.00,0.00,0.00,0.00,0.00,0.00,0.00,19.74,0.56,1.00,0.00
2012-02-16 00:00:00,0.00,0.00,0.00,0.00,0.00,0.00,0.00,0.00,19.36,0.74,1.00,0.00
2012-02-16 01:00:00,0.00,0.00,0.00,0.00,0.00,0.00,0.00,0.00,19.04,0.52,1.00,0.00
2012-02-16 02:00:00,0.00,0.00,0.00,0.00,0.00,0.00,0.00,0.00,17.95,0.61,1.00,0.00
2012-02-16 03:00:00,0.00,0.00,0.00,0.00,0.00,0.00,0.00,0.00,16.75,0.52,1.00,0.00
2012-02-16 04:00:00,0.00,0.00,0.00,0.00,0.00,0.00,0.00,0.00,15.67,0.30,1.00,0.00
2012-02-16 05:00:00,0.00,0.00,0.00,0.00,0.00,0.00,0.00,0.00,15.19,0.23,1.00,0.00
2012-02-16 06:00:00,0.00,0.00,0.00,0.00,0.00,0.00,0.00,0.00,14.86,0.33,1.00,0.00
2012-02-16 07:00:00,38.00,8.77,27.32,1.91,98.62,68.90,29.72,524.39,17.77,0.41,0.00,0.00
2012-02-16 08:00:00,262.41,206.33,49.96,6.13,316.46,262.12,54.34,767.49,20.97,0.88,0.00,0.00
2012-02-16 09:00:00,507.82,431.99,65.53,10.30,532.18,460.90,71.28,858.99,23.50,1.45,0.00,0.00
2012-02-16 10:00:00,727.77,636.39,77.43,13.96,720.92,636.70,84.22,905.50,26.22,1.92,0.00,0.00
2012-02-16 11:00:00,898.75,796.00,85.98,16.77,866.16,772.64,93.52,930.99,27.99,2.53,0.00,0.00
2012-02-16 12:00:00,1006.00,896.28,91.20,18.53,956.94,857.74,99.20,944.42,29.30,2.95,0.00,0.00
2012-02-16 13:00:00,1039.95,928.04,92.83,19.08,985.50,884.52,100.98,948.41,30.84,3.27,0.00,0.00
2012-02-16 14:00:00,997.59,888.39,90.81,18.38,949.58,850.80,98.78,943.65,29.82,3.34,0.00,0.00
2012-02-16 15:00:00,883.45,781.68,85.26,16.51,852.84,760.10,92.74,930.19,29.07,3.33,0.00,0.00
2012-02-16 16:00:00,705.86,616.03,76.25,13.58,701.64,618.70,82.94,903.14,28.04,3.13,0.00,0.00
2012-02-16 17:00:00,481.38,407.61,63.93,9.85,508.58,439.04,69.54,853.68,26.46,2.93,0.00,0.00
2012-02-16 18:00:00,233.95,180.64,47.70,5.61,289.74,237.86,51.88,751.98,24.66,2.00,0.00,0.00
2012-02-16 19:00:00,24.73,0.00,23.30,1.44,74.20,48.86,25.34,465.12,22.65,1.38,0.00,0.00
2012-02-16 20:00:00,0.00,0.00,0.00,0.00,0.00,0.00,0.00,0.00,21.01,0.90,1.00,0.00
2012-02-16 21:00:00,0.00,0.00,0.00,0.00,0.00,0.00,0.00,0.00,19.79,0.60,1.00,0.00
2012-02-16 22:00:00,0.00,0.00,0.00,0.00,0.00,0.00,0.00,0.00,18.88,0.33,1.00,0.00
2012-02-16 23:00:00,0.00,0.00,0.00,0.00,0.00,0.00,0.00,0.00,18.08,0.29,1.00,0.00
2012-02-17 00:00:00,0.00,0.00,0.00,0.00,0.00,0.00,0.00,0.00,17.39,0.14,1.00,0.00
2012-02-17 01:00:00,0.00,0.00,0.00,0.00,0.00,0.00,0.00,0.00,16.71,0.20,1.00,0.00
2012-02-17 02:00:00,0.00,0.00,0.00,0.00,0.00,0.00,0.00,0.00,16.38,0.12,1.00,0.00
2012-02-17 03:00:00,0.00,0.00,0.00,0.00,0.00,0.00,0.00,0.00,15.72,0.30,1.00,0.00
2012-02-17 04:00:00,0.00,0.00,0.00,0.00,0.00,0.00,0.00,0.00,15.39,0.16,1.00,0.00
2012-02-17 05:00:00,0.00,0.00,0.00,0.00,0.00,0.00,0.00,0.00,14.78,0.24,1.00,0.00
2012-02-17 06:00:00,0.00,0.00,0.00,0.00,0.00,0.00,0.00,0.00,14.00,0.23,1.00,0.00
2012-02-17 07:00:00,38.24,9.08,27.25,1.91,98.76,69.12,29.64,538.84,16.42,0.34,0.00,0.00
2012-02-17 08:00:00,268.90,212.33,50.34,6.23,321.72,266.96,54.76,788.10,18.95,0.68,0.00,0.00
2012-02-17 09:00:00,521.23,444.44,66.27,10.52,543.24,471.16,72.08,882.23,21.92,1.23,0.00,0.00
2012-02-17 10:00:00,748.15,655.39,78.47,14.29,737.90,652.54,85.36,931.16,24.56,1.62,0.00,0.00
2012-02-17 11:00:00,925.69,821.11,87.37,17.21,888.78,793.74,95.04,959.01,26.75,2.05,0.00,0.00
2012-02-17 12:00:00,1032.12,920.71,92.47,18.94,978.40,877.82,100.58,968.88,28.77,2.57,0.00,0.00
2012-02-17 13:00:00,1063.32,949.98,93.90,19.44,1004.28,902.14,102.14,969.61,30.27,2.87,0.00,0.00
2012-02-17 14:00:00,1016.92,906.61,91.64,18.67,964.64,864.96,99.68,961.87,29.59,3.05,0.00,0.00
2012-02-17 15:00:00,898.79,796.17,85.88,16.73,864.40,770.98,93.42,946.43,28.90,3.07,0.00,0.00
2012-02-17 16:00:00,716.94,626.49,76.71,13.74,709.58,626.14,83.44,917.58,27.86,3.01,0.00,0.00
2012-02-17 17:00:00,487.83,413.75,64.15,9.92,512.60,442.82,69.78,866.08,26.18,2.74,0.00,0.00
2012-02-17 18:00:00,236.08,182.75,47.71,5.61,290.02,238.12,51.90,760.37,24.21,1.81,0.00,0.00
2012-02-17 19:00:00,24.29,0.00,22.89,1.40,72.06,47.16,24.90,465.07,22.48,1.41,0.00,0.00
2012-02-17 20:00:00,0.00,0.00,0.00,0.00,0.00,0.00,0.00,0.00,21.35,0.78,1.00,0.00
2012-02-17 21:00:00,0.00,0.00,0.00,0.00,0.00,0.00,0.00,0.00,20.68,0.53,1.00,0.00
2012-02-17 22:00:00,0.00,0.00,0.00,0.00,0.00,0.00,0.00,0.00,20.17,0.29,1.00,0.00
2012-02-17 23:00:00,0.00,0.00,0.00,0.00,0.00,0.00,0.00,0.00,19.91,0.19,1.00,0.00
2012-02-18 00:00:00,0.00,0.00,0.00,0.00,0.00,0.00,0.00,0.00,19.61,0.12,1.00,0.00
2012-02-18 01:00:00,0.00,0.00,0.00,0.00,0.00,0.00,0.00,0.00,19.24,0.09,1.00,0.00
2012-02-18 02:00:00,0.00,0.00,0.00,0.00,0.00,0.00,0.00,0.00,18.78,0.05,1.00,0.00
2012-02-18 03:00:00,0.00,0.00,0.00,0.00,0.00,0.00,0.00,0.00,17.72,0.14,1.00,0.00
2012-02-18 04:00:00,0.00,0.00,0.00,0.00,0.00,0.00,0.00,0.00,16.78,0.17,1.00,0.00
2012-02-18 05:00:00,0.00,0.00,0.00,0.00,0.00,0.00,0.00,0.00,15.94,0.36,1.00,0.00
2012-02-18 06:00:00,0.00,0.00,0.00,0.00,0.00,0.00,0.00,0.00,15.09,0.16,1.00,0.00
2012-02-18 07:00:00,38.12,9.34,26.90,1.88,97.20,67.94,29.26,542.07,17.70,0.14,0.00,0.00
2012-02-18 08:00:00,271.26,214.76,50.27,6.23,321.96,267.28,54.68,795.61,20.41,0.50,0.00,0.00
2012-02-18 09:00:00,524.24,447.51,66.21,10.52,543.38,471.36,72.02,886.77,23.20,0.95,0.00,0.00
2012-02-18 10:00:00,750.20,657.61,78.33,14.26,736.70,651.50,85.20,932.83,25.92,1.51,0.00,0.00
2012-02-18 11:00:00,925.36,821.16,87.06,17.14,885.22,790.52,94.70,957.73,27.42,1.92,0.00,0.00
2012-02-18 12:00:00,1030.77,919.78,92.14,18.85,973.86,873.64,100.22,966.65,28.77,2.50,0.00,0.00
2012-02-18 13:00:00,1061.08,948.18,93.55,19.34,998.92,897.16,101.76,966.60,29.74,2.82,0.00,0.00
2012-02-18 14:00:00,1014.11,904.26,91.29,18.56,958.76,859.46,99.30,958.29,28.81,3.05,0.00,0.00
2012-02-18 15:00:00,895.29,793.16,85.52,16.61,857.92,764.90,93.02,941.90,28.01,3.04,0.00,0.00
2012-02-18 16:00:00,713.05,623.12,76.32,13.61,702.76,619.74,83.02,911.96,26.73,2.91,0.00,0.00
2012-02-18 17:00:00,484.21,410.65,63.77,9.79,505.94,436.58,69.36,859.17,24.99,2.66,0.00,0.00
2012-02-18 18:00:00,234.95,181.98,47.42,5.54,286.28,234.70,51.58,757.47,22.94,1.85,0.00,0.00
2012-02-18 19:00:00,23.66,0.00,22.32,1.34,69.28,45.00,24.28,460.33,21.29,1.31,0.00,0.00
2012-02-18 20:00:00,0.00,0.00,0.00,0.00,0.00,0.00,0.00,0.00,19.93,0.81,1.00,0.00
2012-02-18 21:00:00,0.00,0.00,0.00,0.00,0.00,0.00,0.00,0.00,19.03,0.53,1.00,0.00
2012-02-18 22:00:00,0.00,0.00,0.00,0.00,0.00,0.00,0.00,0.00,18.13,0.04,1.00,0.00
2012-02-18 23:00:00,0.00,0.00,0.00,0.00,0.00,0.00,0.00,0.00,17.50,0.13,1.00,0.00
2012-02-19 00:00:00,0.00,0.00,0.00,0.00,0.00,0.00,0.00,0.00,16.88,0.17,1.00,0.00
2012-02-19 01:00:00,0.00,0.00,0.00,0.00,0.00,0.00,0.00,0.00,16.33,0.16,1.00,0.00
2012-02-19 02:00:00,0.00,0.00,0.00,0.00,0.00,0.00,0.00,0.00,16.02,0.09,1.00,0.00
2012-02-19 03:00:00,0.00,0.00,0.00,0.00,0.00,0.00,0.00,0.00,15.17,0.02,1.00,0.00
2012-02-19 04:00:00,0.00,0.00,0.00,0.00,0.00,0.00,0.00,0.00,14.30,0.15,1.00,0.00
2012-02-19 05:00:00,0.00,0.00,0.00,0.00,0.00,0.00,0.00,0.00,13.59,0.16,1.00,0.00
2012-02-19 06:00:00,0.00,0.00,0.00,0.00,0.00,0.00,0.00,0.00,14.46,0.10,1.00,0.00
2012-02-19 07:00:00,37.65,9.39,26.44,1.83,94.42,65.66,28.76,537.25,17.00,0.26,0.00,0.00
2012-02-19 08:00:00,271.14,214.92,50.05,6.18,319.02,264.58,54.44,794.18,20.33,0.64,0.00,0.00
2012-02-19 09:00:00,525.18,448.66,66.05,10.48,541.26,469.42,71.84,887.57,23.48,1.02,0.00,0.00
2012-02-19 10:00:00,752.14,659.68,78.22,14.24,735.44,650.36,85.08,934.37,26.32,1.50,0.00,0.00
2012-02-19 11:00:00,928.45,824.33,86.99,17.13,884.90,790.28,94.62,960.08,28.42,1.83,0.00,0.00
2012-02-19 12:00:00,1035.12,924.12,92.14,18.87,974.64,874.42,100.22,969.93,30.00,2.28,0.00,0.00
2012-02-19 13:00:00,1066.50,953.52,93.61,19.37,1000.74,898.92,101.82,970.89,31.22,2.70,0.00,0.00
2012-02-19 14:00:00,1019.78,909.84,91.35,18.60,960.86,861.50,99.36,963.14,30.66,2.88,0.00,0.00
2012-02-19 15:00:00,899.71,797.55,85.53,16.63,858.92,765.88,93.04,946.20,29.93,2.96,0.00,0.00
2012-02-19 16:00:00,716.09,626.23,76.25,13.60,702.62,619.68,82.94,915.85,28.94,2.95,0.00,0.00
2012-02-19 17:00:00,485.62,412.24,63.62,9.77,504.62,435.42,69.20,862.00,27.39,2.72,0.00,0.00
2012-02-19 18:00:00,234.03,181.47,47.09,5.47,282.76,231.54,51.22,755.78,25.50,1.74,0.00,0.00
2012-02-19 19:00:00,22.91,0.00,21.64,1.27,65.56,42.02,23.54,446.51,23.61,1.26,0.00,0.00
2012-02-19 20:00:00,0.00,0.00,0.00,0.00,0.00,0.00,0.00,0.00,22.02,0.76,1.00,0.00
2012-02-19 21:00:00,0.00,0.00,0.00,0.00,0.00,0.00,0.00,0.00,20.86,0.44,1.00,0.00
2012-02-19 22:00:00,0.00,0.00,0.00,0.00,0.00,0.00,0.00,0.00,20.07,0.09,1.00,0.00
2012-02-19 23:00:00,0.00,0.00,0.00,0.00,0.00,0.00,0.00,0.00,19.32,0.15,1.00,0.00
2012-02-20 00:00:00,0.00,0.00,0.00,0.00,0.00,0.00,0.00,0.00,18.68,0.16,1.00,0.00
2012-02-20 01:00:00,0.00,0.00,0.00,0.00,0.00,0.00,0.00,0.00,18.16,0.06,1.00,0.00
2012-02-20 02:00:00,0.00,0.00,0.00,0.00,0.00,0.00,0.00,0.00,17.41,0.06,1.00,0.00
2012-02-20 03:00:00,0.00,0.00,0.00,0.00,0.00,0.00,0.00,0.00,16.44,0.12,1.00,0.00
2012-02-20 04:00:00,0.00,0.00,0.00,0.00,0.00,0.00,0.00,0.00,15.51,0.12,1.00,0.00
2012-02-20 05:00:00,0.00,0.00,0.00,0.00,0.00,0.00,0.00,0.00,14.72,0.21,1.00,0.00
2012-02-20 06:00:00,0.00,0.00,0.00,0.00,0.00,0.00,0.00,0.00,15.97,0.11,1.00,0.00
2012-02-20 07:00:00,26.41,0.00,25.87,0.54,28.14,0.00,28.14,0.00,18.50,0.39,1.00,0.00
2012-02-20 08:00:00,267.22,211.69,49.50,6.03,311.68,257.84,53.84,780.12,21.30,0.76,0.00,0.00
2012-02-20 09:00:00,518.92,443.19,65.44,10.30,531.86,460.68,71.18,875.21,24.16,1.08,0.00,0.00
2012-02-20 10:00:00,744.70,653.05,77.61,14.04,725.02,640.60,84.42,923.52,27.19,1.63,0.00,0.00
2012-02-20 11:00:00,920.03,816.75,86.36,16.91,873.60,779.66,93.94,949.94,28.78,1.97,0.00,0.00
2012-02-20 12:00:00,1028.91,918.60,91.62,18.69,965.48,865.82,99.66,962.90,29.86,2.46,0.00,0.00
2012-02-20 13:00:00,1062.65,950.19,93.22,19.24,993.82,892.42,101.40,966.37,30.71,2.87,0.00,0.00
2012-02-20 14:00:00,1018.63,909.01,91.11,18.52,956.50,857.40,99.10,961.26,30.14,3.14,0.00,0.00
2012-02-20 15:00:00,901.23,799.21,85.42,16.59,857.18,764.26,92.92,947.33,29.42,3.07,0.00,0.00
2012-02-20 16:00:00,719.50,629.63,76.27,13.61,702.86,619.90,82.96,920.02,28.44,2.99,0.00,0.00
2012-02-20 17:00:00,489.21,415.77,63.65,9.78,505.40,436.16,69.24,869.17,26.84,2.73,0.00,0.00
2012-02-20 18:00:00,234.54,182.20,46.90,5.44,281.06,230.04,51.02,759.54,24.64,1.55,0.00,0.00
2012-02-20 19:00:00,22.25,0.00,21.03,1.22,62.78,39.90,22.88,441.93,22.54,0.89,0.00,0.00
2012-02-20 20:00:00,0.00,0.00,0.00,0.00,0.00,0.00,0.00,0.00,20.81,0.48,1.00,0.00
2012-02-20 21:00:00,0.00,0.00,0.00,0.00,0.00,0.00,0.00,0.00,19.63,0.03,1.00,0.00
2012-02-20 22:00:00,0.00,0.00,0.00,0.00,0.00,0.00,0.00,0.00,18.60,0.32,1.00,0.00
2012-02-20 23:00:00,0.00,0.00,0.00,0.00,0.00,0.00,0.00,0.00,17.76,0.36,1.00,0.00
2012-02-21 00:00:00,0.00,0.00,0.00,0.00,0.00,0.00,0.00,0.00,17.29,0.30,1.00,0.00
2012-02-21 01:00:00,0.00,0.00,0.00,0.00,0.00,0.00,0.00,0.00,16.94,0.27,1.00,0.00
2012-02-21 02:00:00,0.00,0.00,0.00,0.00,0.00,0.00,0.00,0.00,16.47,0.12,1.00,0.00
2012-02-21 03:00:00,0.00,0.00,0.00,0.00,0.00,0.00,0.00,0.00,15.55,0.05,1.00,0.00
2012-02-21 04:00:00,0.00,0.00,0.00,0.00,0.00,0.00,0.00,0.00,14.86,0.14,1.00,0.00
2012-02-21 05:00:00,0.00,0.00,0.00,0.00,0.00,0.00,0.00,0.00,13.78,0.16,1.00,0.00
2012-02-21 06:00:00,0.00,0.00,0.00,0.00,0.00,0.00,0.00,0.00,14.96,0.10,1.00,0.00
2012-02-21 07:00:00,26.21,0.00,25.67,0.54,27.92,0.00,27.92,0.00,16.34,0.26,1.00,0.00
2012-02-21 08:00:00,273.19,217.32,49.75,6.12,315.90,261.78,54.12,798.81,19.73,0.54,0.00,0.00
2012-02-21 09:00:00,530.72,454.24,66.01,10.47,540.74,468.94,71.80,895.20,23.29,0.81,0.00,0.00
2012-02-21 10:00:00,761.32,668.67,78.36,14.28,737.76,652.52,85.24,944.13,26.85,1.28,0.00,0.00
2012-02-21 11:00:00,940.77,836.26,87.28,17.23,889.88,794.94,94.94,971.27,29.41,1.60,0.00,0.00
2012-02-21 12:00:00,1050.52,938.96,92.54,19.02,982.22,881.56,100.66,983.01,31.22,2.15,0.00,0.00
2012-02-21 13:00:00,1083.46,969.84,94.07,19.55,1009.78,907.46,102.32,985.25,32.35,2.57,0.00,0.00
2012-02-21 14:00:00,1037.39,926.76,91.84,18.79,970.60,870.70,99.90,979.04,31.81,2.85,0.00,0.00
2012-02-21 15:00:00,917.87,814.99,86.05,16.84,869.60,776.00,93.60,965.22,30.95,2.70,0.00,0.00
2012-02-21 16:00:00,732.85,642.31,76.75,13.80,712.64,629.16,83.48,938.08,29.88,2.76,0.00,0.00
2012-02-21 17:00:00,498.59,424.67,64.00,9.92,512.16,442.54,69.62,887.50,28.19,2.22,0.00,0.00
2012-02-21 18:00:00,238.28,185.82,46.98,5.48,283.14,232.04,51.10,775.08,25.37,1.08,0.00,0.00
2012-02-21 19:00:00,21.70,0.00,20.52,1.18,61.02,38.70,22.32,447.60,23.46,0.57,0.00,0.00
2012-02-21 20:00:00,0.00,0.00,0.00,0.00,0.00,0.00,0.00,0.00,21.73,0.23,1.00,0.00
2012-02-21 21:00:00,0.00,0.00,0.00,0.00,0.00,0.00,0.00,0.00,20.27,0.24,1.00,0.00
2012-02-21 22:00:00,0.00,0.00,0.00,0.00,0.00,0.00,0.00,0.00,19.08,0.50,1.00,0.00
2012-02-21 23:00:00,0.00,0.00,0.00,0.00,0.00,0.00,0.00,0.00,18.28,0.55,1.00,0.00
2012-02-22 00:00:00,0.00,0.00,0.00,0.00,0.00,0.00,0.00,0.00,17.68,0.61,1.00,0.00
2012-02-22 01:00:00,0.00,0.00,0.00,0.00,0.00,0.00,0.00,0.00,17.03,0.65,1.00,0.00
2012-02-22 02:00:00,0.00,0.00,0.00,0.00,0.00,0.00,0.00,0.00,16.17,0.57,1.00,0.00
2012-02-22 03:00:00,0.00,0.00,0.00,0.00,0.00,0.00,0.00,0.00,15.15,0.43,1.00,0.00
2012-02-22 04:00:00,0.00,0.00,0.00,0.00,0.00,0.00,0.00,0.00,14.12,0.51,1.00,0.00
2012-02-22 05:00:00,0.00,0.00,0.00,0.00,0.00,0.00,0.00,0.00,13.55,0.48,1.00,0.00
2012-02-22 06:00:00,0.00,0.00,0.00,0.00,0.00,0.00,0.00,0.00,14.85,0.32,1.00,0.00
2012-02-22 07:00:00,25.83,0.00,25.30,0.53,27.52,0.00,27.52,0.00,17.45,0.10,1.00,0.00
2012-02-22 08:00:00,276.91,221.11,49.66,6.14,317.40,263.38,54.02,810.63,21.04,0.32,0.00,0.00
2012-02-22 09:00:00,535.30,458.91,65.90,10.50,542.22,470.54,71.68,902.87,24.36,0.67,0.00,0.00
2012-02-22 10:00:00,764.74,672.29,78.16,14.28,737.76,652.74,85.02,947.74,27.53,1.23,0.00,0.00
2012-02-22 11:00:00,941.77,837.62,86.97,17.18,887.38,792.78,94.60,971.50,29.51,1.46,0.00,0.00
2012-02-22 12:00:00,1048.71,937.70,92.10,18.92,977.10,876.92,100.18,980.47,31.31,2.02,0.00,0.00
2012-02-22 13:00:00,1079.08,966.16,93.51,19.40,1002.24,900.52,101.72,980.41,32.55,2.47,0.00,0.00
2012-02-22 14:00:00,1030.81,920.99,91.22,18.61,961.20,861.98,99.22,972.05,32.04,2.69,0.00,0.00
2012-02-22 15:00:00,907.76,805.93,85.24,16.59,856.82,764.10,92.72,953.75,31.25,2.83,0.00,0.00
2012-02-22 16:00:00,721.04,631.71,75.81,13.51,698.06,615.60,82.46,922.15,30.25,3.01,0.00,0.00
2012-02-22 17:00:00,487.07,414.47,62.97,9.63,497.46,428.96,68.50,866.31,28.58,2.63,0.00,0.00
2012-02-22 18:00:00,234.67,182.95,46.37,5.35,276.36,225.92,50.44,764.00,26.11,1.63,0.00,0.00
2012-02-22 19:00:00,20.94,0.00,19.82,1.12,57.96,36.40,21.56,440.50,23.77,1.06,0.00,0.00
2012-02-22 20:00:00,0.00,0.00,0.00,0.00,0.00,0.00,0.00,0.00,21.72,0.50,1.00,0.00
2012-02-22 21:00:00,0.00,0.00,0.00,0.00,0.00,0.00,0.00,0.00,20.07,0.09,1.00,0.00
2012-02-22 22:00:00,0.00,0.00,0.00,0.00,0.00,0.00,0.00,0.00,18.77,0.28,1.00,0.00
2012-02-22 23:00:00,0.00,0.00,0.00,0.00,0.00,0.00,0.00,0.00,17.89,0.51,1.00,0.00
2012-02-23 00:00:00,0.00,0.00,0.00,0.00,0.00,0.00,0.00,0.00,17.28,0.46,1.00,0.00
2012-02-23 01:00:00,0.00,0.00,0.00,0.00,0.00,0.00,0.00,0.00,16.71,0.49,1.00,0.00
2012-02-23 02:00:00,0.00,0.00,0.00,0.00,0.00,0.00,0.00,0.00,16.44,0.39,1.00,0.00
2012-02-23 03:00:00,0.00,0.00,0.00,0.00,0.00,0.00,0.00,0.00,16.26,0.22,1.00,0.00
2012-02-23 04:00:00,0.00,0.00,0.00,0.00,0.00,0.00,0.00,0.00,15.82,0.23,1.00,0.00
2012-02-23 05:00:00,0.00,0.00,0.00,0.00,0.00,0.00,0.00,0.00,14.88,0.24,1.00,0.00
2012-02-23 06:00:00,0.00,0.00,0.00,0.00,0.00,0.00,0.00,0.00,15.76,0.10,1.00,0.00
2012-02-23 07:00:00,24.97,0.00,24.45,0.51,26.60,0.00,26.60,0.00,15.98,0.12,1.00,0.00
2012-02-23 08:00:00,268.39,213.76,48.72,5.90,304.78,251.78,53.00,781.68,19.07,0.27,0.00,0.00
2012-02-23 09:00:00,238.58,4.46,229.21,4.91,253.86,4.54,249.32,8.75,22.09,0.70,0.00,1.00
2012-02-23 10:00:00,417.56,7.83,401.14,8.59,443.90,7.56,436.34,11.02,24.54,1.11,0.00,1.00
2012-02-23 11:00:00,525.00,14.69,499.53,10.79,557.20,13.84,543.36,17.01,26.44,1.50,0.00,1.00
2012-02-23 12:00:00,638.82,26.13,599.59,13.10,676.54,24.34,652.20,27.29,27.60,2.04,0.00,1.00
2012-02-23 13:00:00,722.70,38.23,669.68,14.79,763.94,35.50,728.44,38.75,28.62,2.38,0.00,1.00
2012-02-23 14:00:00,660.82,28.75,618.53,13.54,699.60,26.80,672.80,30.32,28.15,2.97,0.00,1.00
2012-02-23 15:00:00,344.70,7.88,329.73,7.09,366.10,7.44,358.66,9.32,27.27,2.73,0.00,1.00
2012-02-23 16:00:00,286.39,6.17,274.33,5.89,304.38,5.98,298.40,9.00,26.18,2.87,0.00,1.00
2012-02-23 17:00:00,183.72,4.05,175.89,3.78,195.48,4.16,191.32,8.46,24.37,2.62,0.00,1.00
2012-02-23 18:00:00,73.90,1.77,70.60,1.53,78.96,2.16,76.80,7.40,22.07,1.68,0.00,1.00
2012-02-23 19:00:00,19.79,0.00,18.77,1.01,52.32,31.90,20.42,405.68,19.97,0.99,0.00,0.00
2012-02-23 20:00:00,0.00,0.00,0.00,0.00,0.00,0.00,0.00,0.00,18.35,0.54,1.00,0.00
2012-02-23 21:00:00,0.00,0.00,0.00,0.00,0.00,0.00,0.00,0.00,17.33,0.28,1.00,0.00
2012-02-23 22:00:00,0.00,0.00,0.00,0.00,0.00,0.00,0.00,0.00,16.21,0.14,1.00,0.00
2012-02-23 23:00:00,0.00,0.00,0.00,0.00,0.00,0.00,0.00,0.00,15.39,0.24,1.00,0.00
2012-02-24 00:00:00,0.00,0.00,0.00,0.00,0.00,0.00,0.00,0.00,14.70,0.09,1.00,0.00
2012-02-24 01:00:00,0.00,0.00,0.00,0.00,0.00,0.00,0.00,0.00,14.13,0.10,1.00,0.00
2012-02-24 02:00:00,0.00,0.00,0.00,0.00,0.00,0.00,0.00,0.00,13.79,0.13,1.00,0.00
2012-02-24 03:00:00,0.00,0.00,0.00,0.00,0.00,0.00,0.00,0.00,13.49,0.22,1.00,0.00
2012-02-24 04:00:00,0.00,0.00,0.00,0.00,0.00,0.00,0.00,0.00,13.20,0.20,1.00,0.00
2012-02-24 05:00:00,0.00,0.00,0.00,0.00,0.00,0.00,0.00,0.00,12.59,0.25,1.00,0.00
2012-02-24 06:00:00,0.00,0.00,0.00,0.00,0.00,0.00,0.00,0.00,13.49,0.22,1.00,0.00
2012-02-24 07:00:00,24.26,0.00,23.76,0.50,25.84,0.00,25.84,0.00,15.94,0.43,1.00,0.00
2012-02-24 08:00:00,264.20,210.29,48.15,5.75,297.20,244.82,52.38,766.37,18.64,0.72,0.00,0.00
2012-02-24 09:00:00,516.35,442.04,64.30,10.01,516.92,446.98,69.94,866.10,21.05,1.09,0.00,0.00
2012-02-24 10:00:00,742.24,652.01,76.49,13.74,709.66,626.46,83.20,916.17,23.90,1.48,0.00,0.00
2012-02-24 11:00:00,917.84,815.91,85.31,16.62,858.30,765.50,92.80,943.70,25.48,2.07,0.00,0.00
2012-02-24 12:00:00,484.50,12.31,462.24,9.96,514.22,11.42,502.80,12.84,26.74,2.46,0.00,1.00
2012-02-24 13:00:00,505.76,13.86,481.51,10.39,536.58,12.82,523.76,14.04,27.76,2.76,0.00,1.00
2012-02-24 14:00:00,474.60,11.65,453.20,9.75,503.78,10.82,492.96,12.28,27.39,2.92,0.00,1.00
2012-02-24 15:00:00,891.77,791.63,83.97,16.17,835.30,743.96,91.34,935.49,26.60,2.89,0.00,0.00
2012-02-24 16:00:00,709.06,621.17,74.72,13.17,680.34,599.06,81.28,906.05,25.59,2.64,0.00,0.00
2012-02-24 17:00:00,478.89,407.50,62.04,9.36,483.36,415.88,67.48,851.66,24.58,2.22,0.00,0.00
2012-02-24 18:00:00,225.96,175.82,45.08,5.06,261.32,212.28,49.04,736.58,22.81,1.64,0.00,0.00
2012-02-24 19:00:00,18.76,0.00,17.84,0.93,47.90,28.50,19.40,381.88,21.66,1.06,0.00,0.00
2012-02-24 20:00:00,0.00,0.00,0.00,0.00,0.00,0.00,0.00,0.00,21.11,0.72,1.00,0.00
2012-02-24 21:00:00,0.00,0.00,0.00,0.00,0.00,0.00,0.00,0.00,20.45,0.45,1.00,0.00
2012-02-24 22:00:00,0.00,0.00,0.00,0.00,0.00,0.00,0.00,0.00,19.96,0.25,1.00,0.00
2012-02-24 23:00:00,0.00,0.00,0.00,0.00,0.00,0.00,0.00,0.00,19.52,0.15,1.00,0.00
2012-02-25 00:00:00,0.00,0.00,0.00,0.00,0.00,0.00,0.00,0.00,18.52,0.21,1.00,0.00
2012-02-25 01:00:00,0.00,0.00,0.00,0.00,0.00,0.00,0.00,0.00,17.97,0.27,1.00,0.00
2012-02-25 02:00:00,0.00,0.00,0.00,0.00,0.00,0.00,0.00,0.00,17.87,0.38,1.00,0.00
2012-02-25 03:00:00,0.00,0.00,0.00,0.00,0.00,0.00,0.00,0.00,16.67,0.31,1.00,0.00
2012-02-25 04:00:00,0.00,0.00,0.00,0.00,0.00,0.00,0.00,0.00,15.75,0.29,1.00,0.00
2012-02-25 05:00:00,0.00,0.00,0.00,0.00,0.00,0.00,0.00,0.00,15.29,0.18,1.00,0.00
2012-02-25 06:00:00,0.00,0.00,0.00,0.00,0.00,0.00,0.00,0.00,15.04,0.13,1.00,0.00
2012-02-25 07:00:00,18.10,0.00,17.72,0.37,19.28,0.00,19.28,0.00,16.14,0.07,1.00,1.00
2012-02-25 08:00:00,81.30,2.12,77.50,1.68,86.74,2.44,84.30,7.71,18.95,0.47,0.00,1.00
2012-02-25 09:00:00,120.10,4.44,113.19,2.47,127.58,4.46,123.12,8.69,21.59,0.87,0.00,1.00
2012-02-25 10:00:00,173.02,6.53,162.94,3.55,183.48,6.24,177.24,9.16,23.96,1.47,0.00,1.00
2012-02-25 11:00:00,279.59,8.16,265.69,5.74,296.62,7.62,289.00,9.42,25.44,1.87,0.00,1.00
2012-02-25 12:00:00,682.95,32.01,636.95,13.99,722.42,29.58,692.84,33.35,26.76,2.36,0.00,1.00
2012-02-25 13:00:00,455.34,10.66,435.32,9.36,483.34,9.82,473.52,10.78,27.95,2.95,0.00,1.00
2012-02-25 14:00:00,482.38,12.18,460.29,9.91,511.94,11.26,500.68,12.82,27.16,3.04,0.00,1.00
2012-02-25 15:00:00,890.25,790.37,83.81,16.08,830.66,739.50,91.16,933.50,26.47,3.11,0.00,0.00
2012-02-25 16:00:00,707.24,619.64,74.52,13.08,675.46,594.40,81.06,903.48,25.56,2.75,0.00,0.00
2012-02-25 17:00:00,476.81,405.79,61.76,9.26,478.38,411.20,67.18,848.44,24.43,2.58,0.00,0.00
2012-02-25 18:00:00,225.14,175.32,44.83,5.00,258.04,209.28,48.76,735.99,22.73,1.76,0.00,0.00
2012-02-25 19:00:00,17.93,0.00,17.06,0.87,45.04,26.48,18.56,375.85,21.30,1.10,0.00,0.00
2012-02-25 20:00:00,0.00,0.00,0.00,0.00,0.00,0.00,0.00,0.00,19.98,0.70,1.00,0.00
2012-02-25 21:00:00,0.00,0.00,0.00,0.00,0.00,0.00,0.00,0.00,18.85,0.40,1.00,0.00
2012-02-25 22:00:00,0.00,0.00,0.00,0.00,0.00,0.00,0.00,0.00,17.82,0.16,1.00,0.00
2012-02-25 23:00:00,0.00,0.00,0.00,0.00,0.00,0.00,0.00,0.00,17.00,0.16,1.00,0.00
2012-02-26 00:00:00,0.00,0.00,0.00,0.00,0.00,0.00,0.00,0.00,16.25,0.13,1.00,0.00
2012-02-26 01:00:00,0.00,0.00,0.00,0.00,0.00,0.00,0.00,0.00,15.63,0.10,1.00,0.00
2012-02-26 02:00:00,0.00,0.00,0.00,0.00,0.00,0.00,0.00,0.00,14.69,0.17,1.00,0.00
2012-02-26 03:00:00,0.00,0.00,0.00,0.00,0.00,0.00,0.00,0.00,13.99,0.28,1.00,0.00
2012-02-26 04:00:00,0.00,0.00,0.00,0.00,0.00,0.00,0.00,0.00,13.27,0.27,1.00,0.00
2012-02-26 05:00:00,0.00,0.00,0.00,0.00,0.00,0.00,0.00,0.00,12.13,0.15,1.00,0.00
2012-02-26 06:00:00,0.00,0.00,0.00,0.00,0.00,0.00,0.00,0.00,13.51,0.20,1.00,0.00
2012-02-26 07:00:00,23.47,0.00,22.98,0.48,25.00,0.00,25.00,0.00,15.43,0.41,1.00,0.00
2012-02-26 08:00:00,269.26,215.43,48.08,5.75,297.16,244.86,52.30,780.24,19.07,0.68,0.00,0.00
2012-02-26 09:00:00,525.87,451.37,64.43,10.07,520.02,449.94,70.08,880.78,22.67,0.95,0.00,0.00
2012-02-26 10:00:00,754.84,664.26,76.75,13.84,714.96,631.48,83.48,930.46,25.92,1.38,0.00,0.00
2012-02-26 11:00:00,932.48,830.10,85.63,16.75,865.04,771.90,93.14,957.53,28.36,1.69,0.00,0.00
2012-02-26 12:00:00,1041.59,932.20,90.87,18.52,956.78,857.94,98.84,970.15,30.50,2.14,0.00,0.00
2012-02-26 13:00:00,1074.30,962.86,92.39,19.05,984.10,883.60,100.50,973.13,32.16,2.55,0.00,0.00
2012-02-26 14:00:00,1028.06,919.59,90.17,18.30,945.02,846.94,98.08,967.32,31.41,2.78,0.00,0.00
2012-02-26 15:00:00,907.57,806.90,84.34,16.33,843.32,751.58,91.74,952.47,30.71,2.73,0.00,0.00
2012-02-26 16:00:00,721.81,633.58,74.94,13.28,686.04,604.52,81.52,923.67,29.79,2.80,0.00,0.00
2012-02-26 17:00:00,487.30,415.84,62.06,9.41,485.86,418.36,67.50,869.79,27.76,2.29,0.00,0.00
2012-02-26 18:00:00,227.57,177.83,44.73,5.00,258.42,209.76,48.66,748.26,25.03,1.18,0.00,0.00
2012-02-26 19:00:00,17.11,0.00,16.29,0.82,42.14,24.42,17.72,368.47,22.91,0.61,0.00,0.00
2012-02-26 20:00:00,0.00,0.00,0.00,0.00,0.00,0.00,0.00,0.00,21.46,0.24,1.00,0.00
2012-02-26 21:00:00,0.00,0.00,0.00,0.00,0.00,0.00,0.00,0.00,20.28,0.09,1.00,0.00
2012-02-26 22:00:00,0.00,0.00,0.00,0.00,0.00,0.00,0.00,0.00,19.11,0.30,1.00,0.00
2012-02-26 23:00:00,0.00,0.00,0.00,0.00,0.00,0.00,0.00,0.00,18.08,0.27,1.00,0.00
2012-02-27 00:00:00,0.00,0.00,0.00,0.00,0.00,0.00,0.00,0.00,17.18,0.27,1.00,0.00
2012-02-27 01:00:00,0.00,0.00,0.00,0.00,0.00,0.00,0.00,0.00,16.48,0.28,1.00,0.00
2012-02-27 02:00:00,0.00,0.00,0.00,0.00,0.00,0.00,0.00,0.00,15.79,0.26,1.00,0.00
2012-02-27 03:00:00,0.00,0.00,0.00,0.00,0.00,0.00,0.00,0.00,14.87,0.22,1.00,0.00
2012-02-27 04:00:00,0.00,0.00,0.00,0.00,0.00,0.00,0.00,0.00,14.09,0.31,1.00,0.00
2012-02-27 05:00:00,0.00,0.00,0.00,0.00,0.00,0.00,0.00,0.00,13.37,0.22,1.00,0.00
2012-02-27 06:00:00,0.00,0.00,0.00,0.00,0.00,0.00,0.00,0.00,14.95,0.09,1.00,0.00
2012-02-27 07:00:00,23.07,0.00,22.60,0.48,24.58,0.00,24.58,0.00,18.24,0.30,1.00,0.00
2012-02-27 08:00:00,272.33,218.56,48.01,5.76,297.70,245.48,52.22,788.88,21.73,0.67,0.00,0.00
2012-02-27 09:00:00,530.27,455.75,64.43,10.09,521.08,451.00,70.08,887.55,25.00,0.86,0.00,0.00
2012-02-27 10:00:00,759.58,668.93,76.78,13.86,716.04,632.52,83.52,935.36,28.37,1.35,0.00,0.00
2012-02-27 11:00:00,936.19,833.86,85.59,16.75,864.98,771.88,93.10,960.59,30.46,1.66,0.00,0.00
2012-02-27 12:00:00,1042.01,932.85,90.70,18.46,953.70,855.04,98.66,969.75,32.28,2.21,0.00,0.00
2012-02-27 13:00:00,1071.26,960.23,92.10,18.93,977.94,877.76,100.18,969.61,31.75,2.59,0.00,0.00
2012-02-27 14:00:00,1022.05,914.19,89.75,18.12,936.14,838.52,97.62,960.96,30.88,2.77,0.00,0.00
2012-02-27 15:00:00,897.39,797.63,83.68,16.08,830.62,739.60,91.02,941.14,29.80,2.93,0.00,0.00
2012-02-27 16:00:00,250.30,6.22,238.94,5.15,265.80,5.90,259.90,9.06,28.67,2.81,0.00,1.00
2012-02-27 17:00:00,174.10,4.04,166.47,3.58,185.12,4.04,181.08,8.46,27.36,2.60,0.00,1.00
2012-02-27 18:00:00,93.28,1.75,89.60,1.93,99.50,2.04,97.46,7.38,25.69,1.91,0.00,1.00
2012-02-27 19:00:00,16.20,0.00,15.44,0.76,39.24,22.44,16.80,361.39,24.51,1.64,0.00,0.00
2012-02-27 20:00:00,0.00,0.00,0.00,0.00,0.00,0.00,0.00,0.00,23.49,1.12,1.00,0.00
2012-02-27 21:00:00,0.00,0.00,0.00,0.00,0.00,0.00,0.00,0.00,23.10,0.96,1.00,0.00
2012-02-27 22:00:00,0.00,0.00,0.00,0.00,0.00,0.00,0.00,0.00,22.33,0.49,1.00,0.00
2012-02-27 23:00:00,0.00,0.00,0.00,0.00,0.00,0.00,0.00,0.00,21.49,0.55,1.00,0.00
2012-02-28 00:00:00,0.00,0.00,0.00,0.00,0.00,0.00,0.00,0.00,20.67,0.48,1.00,0.00
2012-02-28 01:00:00,0.00,0.00,0.00,0.00,0.00,0.00,0.00,0.00,19.94,0.42,1.00,0.00
2012-02-28 02:00:00,0.00,0.00,0.00,0.00,0.00,0.00,0.00,0.00,19.56,0.36,1.00,0.00
2012-02-28 03:00:00,0.00,0.00,0.00,0.00,0.00,0.00,0.00,0.00,18.02,0.36,1.00,0.00
2012-02-28 04:00:00,0.00,0.00,0.00,0.00,0.00,0.00,0.00,0.00,17.28,0.28,1.00,0.00
2012-02-28 05:00:00,0.00,0.00,0.00,0.00,0.00,0.00,0.00,0.00,16.31,0.20,1.00,0.00
2012-02-28 06:00:00,0.00,0.00,0.00,0.00,0.00,0.00,0.00,0.00,15.58,0.31,1.00,0.00
2012-02-28 07:00:00,17.33,0.00,16.97,0.36,18.46,0.00,18.46,0.00,17.87,0.52,1.00,1.00
2012-02-28 08:00:00,93.04,2.15,88.97,1.92,99.16,2.38,96.78,7.72,20.38,0.85,0.00,1.00
2012-02-28 09:00:00,228.76,4.48,219.57,4.71,243.24,4.40,238.84,8.70,22.07,1.16,0.00,1.00
2012-02-28 10:00:00,452.45,9.66,433.48,9.30,480.60,9.08,471.52,13.48,24.41,1.60,0.00,1.00
2012-02-28 11:00:00,923.14,821.84,84.85,16.45,849.60,757.30,92.30,945.51,25.59,2.03,0.00,0.00
2012-02-28 12:00:00,1031.69,923.40,90.08,18.22,940.90,842.92,97.98,958.88,26.61,2.45,0.00,0.00
2012-02-28 13:00:00,697.10,34.71,648.13,14.26,736.60,31.60,705.00,35.02,27.61,2.89,0.00,1.00
2012-02-28 14:00:00,458.26,10.84,438.01,9.42,486.34,9.90,476.44,11.39,26.76,3.11,0.00,1.00
2012-02-28 15:00:00,488.46,12.31,466.12,10.04,518.38,11.36,507.02,14.52,25.99,3.16,0.00,1.00
2012-02-28 16:00:00,710.24,623.31,73.99,12.95,668.72,588.24,80.48,908.54,24.61,3.10,0.00,0.00
2012-02-28 17:00:00,476.65,406.50,61.06,9.09,469.42,403.00,66.42,851.16,22.94,2.87,0.00,0.00
2012-02-28 18:00:00,220.55,172.11,43.69,4.76,245.68,198.16,47.52,727.33,21.12,2.36,0.00,0.00
2012-02-28 19:00:00,14.99,0.00,14.32,0.67,34.44,18.86,15.58,325.66,19.76,1.82,0.00,0.00
2012-02-28 20:00:00,0.00,0.00,0.00,0.00,0.00,0.00,0.00,0.00,18.86,1.29,1.00,0.00
2012-02-28 21:00:00,0.00,0.00,0.00,0.00,0.00,0.00,0.00,0.00,18.19,1.11,1.00,0.00
2012-02-28 22:00:00,0.00,0.00,0.00,0.00,0.00,0.00,0.00,0.00,17.45,0.87,1.00,0.00
2012-02-28 23:00:00,0.00,0.00,0.00,0.00,0.00,0.00,0.00,0.00,16.99,0.64,1.00,0.00
2014-03-01 00:00:00,0.00,0.00,0.00,0.00,0.00,0.00,0.00,0.00,11.77,0.30,1.00,0.00
2014-03-01 01:00:00,0.00,0.00,0.00,0.00,0.00,0.00,0.00,0.00,10.92,0.18,1.00,0.00
2014-03-01 02:00:00,0.00,0.00,0.00,0.00,0.00,0.00,0.00,0.00,10.18,0.14,1.00,0.00
2014-03-01 03:00:00,0.00,0.00,0.00,0.00,0.00,0.00,0.00,0.00,10.92,0.16,1.00,0.00
2014-03-01 04:00:00,0.00,0.00,0.00,0.00,0.00,0.00,0.00,0.00,11.40,0.21,1.00,0.00
2014-03-01 05:00:00,0.00,0.00,0.00,0.00,0.00,0.00,0.00,0.00,11.67,0.24,1.00,0.00
2014-03-01 06:00:00,0.00,0.00,0.00,0.00,0.00,0.00,0.00,0.00,12.26,0.34,1.00,0.00
2014-03-01 07:00:00,21.78,0.00,21.33,0.45,23.20,0.00,23.20,0.00,14.00,0.59,1.00,0.00
2014-03-01 08:00:00,271.29,218.38,47.31,5.60,289.16,237.70,51.46,781.40,16.21,0.91,0.00,0.00
2014-03-01 09:00:00,528.30,454.63,63.78,9.89,511.04,441.66,69.38,880.66,18.66,1.37,0.00,0.00
2014-03-01 10:00:00,755.71,666.02,76.07,13.63,703.88,621.14,82.74,927.56,20.88,1.67,0.00,0.00
2014-03-01 11:00:00,929.78,828.53,84.78,16.46,850.42,758.20,92.22,951.37,22.54,2.22,0.00,0.00
2014-03-01 12:00:00,1033.56,925.61,89.80,18.15,937.28,839.60,97.68,959.68,23.72,2.55,0.00,0.00
2014-03-01 13:00:00,1060.68,951.03,91.07,18.58,959.62,860.56,99.06,958.28,24.24,3.04,0.00,0.00
2014-03-01 14:00:00,551.40,17.54,522.55,11.31,584.32,15.92,568.40,18.41,23.76,3.28,0.00,1.00
2014-03-01 15:00:00,146.68,7.90,135.79,3.00,154.94,7.24,147.70,9.31,22.74,3.24,0.00,1.00
2014-03-01 16:00:00,114.78,6.18,106.26,2.35,121.36,5.78,115.58,9.00,21.30,2.96,0.00,1.00
2014-03-01 17:00:00,137.28,4.00,130.45,2.82,145.82,3.92,141.90,8.38,20.00,2.72,0.00,1.00
2014-03-01 18:00:00,36.90,1.72,34.42,0.76,39.38,1.94,37.44,7.29,18.66,2.05,0.00,1.00
2014-03-01 19:00:00,13.53,0.00,12.94,0.59,30.30,16.22,14.08,316.24,17.14,1.35,0.00,0.00
2014-03-01 20:00:00,0.00,0.00,0.00,0.00,0.00,0.00,0.00,0.00,16.38,0.86,1.00,0.00
2014-03-01 21:00:00,0.00,0.00,0.00,0.00,0.00,0.00,0.00,0.00,15.57,0.86,1.00,0.00
2014-03-01 22:00:00,0.00,0.00,0.00,0.00,0.00,0.00,0.00,0.00,14.12,0.62,1.00,0.00
2014-03-01 23:00:00,0.00,0.00,0.00,0.00,0.00,0.00,0.00,0.00,14.21,0.43,1.00,0.00
2014-03-02 00:00:00,0.00,0.00,0.00,0.00,0.00,0.00,0.00,0.00,13.09,0.32,1.00,0.00
2014-03-02 01:00:00,0.00,0.00,0.00,0.00,0.00,0.00,0.00,0.00,12.39,0.29,1.00,0.00
2014-03-02 02:00:00,0.00,0.00,0.00,0.00,0.00,0.00,0.00,0.00,11.32,0.39,1.00,0.00
2014-03-02 03:00:00,0.00,0.00,0.00,0.00,0.00,0.00,0.00,0.00,11.96,0.21,1.00,0.00
2014-03-02 04:00:00,0.00,0.00,0.00,0.00,0.00,0.00,0.00,0.00,11.18,0.24,1.00,0.00
2014-03-02 05:00:00,0.00,0.00,0.00,0.00,0.00,0.00,0.00,0.00,10.22,0.28,1.00,0.00
2014-03-02 06:00:00,0.00,0.00,0.00,0.00,0.00,0.00,0.00,0.00,9.91,0.30,1.00,0.00
2014-03-02 07:00:00,20.73,0.00,20.30,0.43,22.08,0.00,22.08,0.00,12.52,0.44,1.00,0.00
2014-03-02 08:00:00,261.15,209.49,46.33,5.34,275.58,225.18,50.40,746.77,15.71,0.85,0.00,0.00
2014-03-02 09:00:00,513.70,441.38,62.75,9.56,493.84,425.58,68.26,852.97,18.82,1.17,0.00,0.00
2014-03-02 10:00:00,739.08,650.78,75.04,13.27,685.20,603.58,81.62,904.85,21.59,1.55,0.00,0.00
2014-03-02 11:00:00,913.66,813.72,83.83,16.11,832.40,741.22,91.18,933.16,24.02,1.99,0.00,0.00
2014-03-02 12:00:00,1019.27,912.49,88.95,17.83,920.96,824.20,96.76,945.11,25.85,2.29,0.00,0.00
2014-03-02 13:00:00,1048.82,940.16,90.35,18.31,945.58,847.30,98.28,946.61,27.05,2.65,0.00,0.00
2014-03-02 14:00:00,1000.71,895.19,88.00,17.52,904.84,809.12,95.72,939.06,26.42,2.88,0.00,0.00
2014-03-02 15:00:00,879.38,781.82,82.02,15.54,802.46,713.24,89.22,921.43,25.16,2.73,0.00,0.00
2014-03-02 16:00:00,694.47,609.45,72.52,12.51,646.10,567.22,78.88,888.55,23.64,2.51,0.00,0.00
2014-03-02 17:00:00,463.07,394.88,59.50,8.69,448.84,384.12,64.72,828.55,21.85,2.30,0.00,0.00
2014-03-02 18:00:00,212.62,165.93,42.22,4.47,230.94,185.02,45.92,706.58,20.06,1.70,0.00,0.00
2014-03-02 19:00:00,12.16,0.00,11.66,0.50,25.72,13.04,12.68,277.85,18.08,0.83,0.00,0.00
2014-03-02 20:00:00,0.00,0.00,0.00,0.00,0.00,0.00,0.00,0.00,16.75,0.53,1.00,0.00
2014-03-02 21:00:00,0.00,0.00,0.00,0.00,0.00,0.00,0.00,0.00,15.38,0.49,1.00,0.00
2014-03-02 22:00:00,0.00,0.00,0.00,0.00,0.00,0.00,0.00,0.00,13.79,0.23,1.00,0.00
2014-03-02 23:00:00,0.00,0.00,0.00,0.00,0.00,0.00,0.00,0.00,13.22,0.29,1.00,0.00
2014-03-03 00:00:00,0.00,0.00,0.00,0.00,0.00,0.00,0.00,0.00,11.77,0.32,1.00,0.00
2014-03-03 01:00:00,0.00,0.00,0.00,0.00,0.00,0.00,0.00,0.00,10.92,0.34,1.00,0.00
2014-03-03 02:00:00,0.00,0.00,0.00,0.00,0.00,0.00,0.00,0.00,10.15,0.31,1.00,0.00
2014-03-03 03:00:00,0.00,0.00,0.00,0.00,0.00,0.00,0.00,0.00,11.12,0.28,1.00,0.00
2014-03-03 04:00:00,0.00,0.00,0.00,0.00,0.00,0.00,0.00,0.00,12.00,0.33,1.00,0.00
2014-03-03 05:00:00,0.00,0.00,0.00,0.00,0.00,0.00,0.00,0.00,12.41,0.35,1.00,0.00
2014-03-03 06:00:00,0.00,0.00,0.00,0.00,0.00,0.00,0.00,0.00,13.36,0.24,1.00,0.00
2014-03-03 07:00:00,20.28,0.00,19.86,0.42,21.60,0.00,21.60,0.00,15.22,0.31,1.00,0.00
2014-03-03 08:00:00,262.13,210.74,46.10,5.30,273.74,223.60,50.14,748.56,17.49,0.62,0.00,0.00
2014-03-03 09:00:00,515.10,443.03,62.55,9.53,492.02,423.98,68.04,854.43,19.94,1.01,0.00,0.00
2014-03-03 10:00:00,740.24,652.20,74.82,13.22,682.88,601.50,81.38,905.44,22.37,1.40,0.00,0.00
2014-03-03 11:00:00,913.95,814.33,83.57,16.05,829.18,738.28,90.90,932.71,24.44,1.81,0.00,0.00
2014-03-03 12:00:00,1020.78,914.26,88.73,17.79,918.86,822.34,96.52,946.05,26.15,2.16,0.00,0.00
2014-03-03 13:00:00,1052.18,943.69,90.19,18.30,945.06,846.96,98.10,949.47,27.28,2.53,0.00,0.00
2014-03-03 14:00:00,1005.39,899.95,87.91,17.53,905.62,810.00,95.62,943.59,27.92,2.80,0.00,0.00
2014-03-03 15:00:00,884.21,786.66,81.99,15.56,803.52,714.34,89.18,926.96,26.93,2.90,0.00,0.00
2014-03-03 16:00:00,698.92,613.88,72.52,12.53,646.98,568.10,78.88,895.22,25.50,2.78,0.00,0.00
2014-03-03 17:00:00,466.24,398.05,59.50,8.69,448.98,384.26,64.72,836.11,23.69,2.31,0.00,0.00
2014-03-03 18:00:00,211.18,164.93,41.85,4.40,227.06,181.54,45.52,704.63,21.30,1.43,0.00,0.00
2014-03-03 19:00:00,10.93,0.00,10.50,0.43,22.22,10.80,11.42,254.72,19.46,0.58,0.00,0.00
2014-03-03 20:00:00,0.00,0.00,0.00,0.00,0.00,0.00,0.00,0.00,18.19,0.22,1.00,0.00
2014-03-03 21:00:00,0.00,0.00,0.00,0.00,0.00,0.00,0.00,0.00,17.06,0.28,1.00,0.00
2014-03-03 22:00:00,0.00,0.00,0.00,0.00,0.00,0.00,0.00,0.00,15.60,0.37,1.00,0.00
2014-03-03 23:00:00,0.00,0.00,0.00,0.00,0.00,0.00,0.00,0.00,15.37,0.48,1.00,0.00
2014-03-04 00:00:00,0.00,0.00,0.00,0.00,0.00,0.00,0.00,0.00,13.82,0.54,1.00,0.00
2014-03-04 01:00:00,0.00,0.00,0.00,0.00,0.00,0.00,0.00,0.00,13.09,0.49,1.00,0.00
2014-03-04 02:00:00,0.00,0.00,0.00,0.00,0.00,0.00,0.00,0.00,12.23,0.46,1.00,0.00
2014-03-04 03:00:00,0.00,0.00,0.00,0.00,0.00,0.00,0.00,0.00,13.45,0.41,1.00,0.00
2014-03-04 04:00:00,0.00,0.00,0.00,0.00,0.00,0.00,0.00,0.00,14.00,0.36,1.00,0.00
2014-03-04 05:00:00,0.00,0.00,0.00,0.00,0.00,0.00,0.00,0.00,14.25,0.36,1.00,0.00
2014-03-04 06:00:00,0.00,0.00,0.00,0.00,0.00,0.00,0.00,0.00,15.05,0.24,1.00,0.00
2014-03-04 07:00:00,19.84,0.00,19.43,0.41,21.14,0.00,21.14,0.00,16.75,0.17,1.00,0.00
2014-03-04 08:00:00,264.81,213.44,46.08,5.30,273.64,223.52,50.12,755.45,19.36,0.51,0.00,0.00
2014-03-04 09:00:00,521.34,449.01,62.75,9.58,494.68,426.42,68.26,864.10,21.75,0.86,0.00,0.00
2014-03-04 10:00:00,750.43,661.87,75.22,13.34,688.84,607.02,81.82,917.36,24.10,1.33,0.00,0.00
2014-03-04 11:00:00,928.07,827.68,84.16,16.23,838.48,746.94,91.54,946.85,26.28,1.66,0.00,0.00
2014-03-04 12:00:00,1036.73,929.33,89.40,18.00,929.60,832.36,97.24,960.74,27.97,2.02,0.00,0.00
2014-03-04 13:00:00,1068.96,959.54,90.90,18.52,956.48,857.60,98.88,964.75,28.89,2.37,0.00,0.00
2014-03-04 14:00:00,1021.77,915.40,88.62,17.75,916.76,820.36,96.40,959.38,28.35,2.69,0.00,0.00
2014-03-04 15:00:00,898.22,799.89,82.59,15.73,812.74,722.90,89.84,942.44,27.48,2.72,0.00,0.00
2014-03-04 16:00:00,709.57,623.94,72.98,12.65,653.54,574.16,79.38,910.19,26.14,2.59,0.00,0.00
2014-03-04 17:00:00,472.98,404.44,59.78,8.76,452.44,387.42,65.02,850.45,24.24,2.00,0.00,0.00
2014-03-04 18:00:00,213.38,167.14,41.85,4.40,227.06,181.54,45.52,716.36,21.11,1.23,0.00,0.00
2014-03-04 19:00:00,9.91,0.00,9.52,0.38,19.82,9.46,10.36,249.84,19.08,0.31,0.00,0.00
2014-03-04 20:00:00,0.00,0.00,0.00,0.00,0.00,0.00,0.00,0.00,17.54,0.08,1.00,0.00
2014-03-04 21:00:00,0.00,0.00,0.00,0.00,0.00,0.00,0.00,0.00,16.29,0.35,1.00,0.00
2014-03-04 22:00:00,0.00,0.00,0.00,0.00,0.00,0.00,0.00,0.00,14.68,0.50,1.00,0.00
2014-03-04 23:00:00,0.00,0.00,0.00,0.00,0.00,0.00,0.00,0.00,14.26,0.51,1.00,0.00
2014-03-05 00:00:00,0.00,0.00,0.00,0.00,0.00,0.00,0.00,0.00,12.76,0.57,1.00,0.00
2014-03-05 01:00:00,0.00,0.00,0.00,0.00,0.00,0.00,0.00,0.00,12.08,0.47,1.00,0.00
2014-03-05 02:00:00,0.00,0.00,0.00,0.00,0.00,0.00,0.00,0.00,11.37,0.41,1.00,0.00
2014-03-05 03:00:00,0.00,0.00,0.00,0.00,0.00,0.00,0.00,0.00,12.37,0.41,1.00,0.00
2014-03-05 04:00:00,0.00,0.00,0.00,0.00,0.00,0.00,0.00,0.00,13.60,0.27,1.00,0.00
2014-03-05 05:00:00,0.00,0.00,0.00,0.00,0.00,0.00,0.00,0.00,14.24,0.33,1.00,0.00
2014-03-05 06:00:00,0.00,0.00,0.00,0.00,0.00,0.00,0.00,0.00,15.72,0.28,1.00,0.00
2014-03-05 07:00:00,19.56,0.00,19.16,0.40,20.84,0.00,20.84,0.00,17.83,0.25,1.00,0.00
2014-03-05 08:00:00,273.49,221.67,46.41,5.41,279.60,229.12,50.48,781.43,20.64,0.48,0.00,0.00
2014-03-05 09:00:00,535.14,462.12,63.25,9.76,504.34,435.54,68.80,887.22,23.63,0.84,0.00,0.00
2014-03-05 10:00:00,434.52,9.04,416.55,8.93,461.34,8.24,453.10,12.50,26.03,1.22,0.00,1.00
2014-03-05 11:00:00,945.14,843.95,84.73,16.46,850.16,758.00,92.16,964.29,27.66,1.58,0.00,0.00
2014-03-05 12:00:00,1051.83,943.76,89.89,18.19,939.40,841.62,97.78,974.78,28.64,2.22,0.00,0.00
2014-03-05 13:00:00,1081.05,971.11,91.29,18.66,963.72,864.42,99.30,975.78,29.73,2.55,0.00,0.00
2014-03-05 14:00:00,1030.44,923.76,88.84,17.83,920.94,824.30,96.64,967.80,30.70,2.68,0.00,0.00
2014-03-05 15:00:00,906.32,807.70,82.81,15.81,816.52,726.44,90.08,951.65,29.83,2.65,0.00,0.00
2014-03-05 16:00:00,716.69,630.82,73.16,12.71,656.66,577.08,79.58,920.57,28.27,2.42,0.00,0.00
2014-03-05 17:00:00,477.90,409.24,59.87,8.79,454.04,388.92,65.12,861.69,26.19,2.00,0.00,0.00
2014-03-05 18:00:00,67.24,1.68,64.17,1.39,71.60,1.80,69.80,7.23,23.64,1.32,0.00,1.00
2014-03-05 19:00:00,8.87,0.00,8.53,0.33,17.30,8.02,9.28,240.63,21.84,0.55,0.00,0.00
2014-03-05 20:00:00,0.00,0.00,0.00,0.00,0.00,0.00,0.00,0.00,20.79,0.39,1.00,0.00
2014-03-05 21:00:00,0.00,0.00,0.00,0.00,0.00,0.00,0.00,0.00,19.63,0.21,1.00,0.00
2014-03-05 22:00:00,0.00,0.00,0.00,0.00,0.00,0.00,0.00,0.00,18.42,0.30,1.00,0.00
2014-03-05 23:00:00,0.00,0.00,0.00,0.00,0.00,0.00,0.00,0.00,17.65,0.28,1.00,0.00
2014-03-06 00:00:00,0.00,0.00,0.00,0.00,0.00,0.00,0.00,0.00,16.39,0.08,1.00,0.00
2014-03-06 01:00:00,0.00,0.00,0.00,0.00,0.00,0.00,0.00,0.00,15.48,0.14,1.00,0.00
2014-03-06 02:00:00,0.00,0.00,0.00,0.00,0.00,0.00,0.00,0.00,14.41,0.21,1.00,0.00
2014-03-06 03:00:00,0.00,0.00,0.00,0.00,0.00,0.00,0.00,0.00,13.72,0.22,1.00,0.00
2014-03-06 04:00:00,0.00,0.00,0.00,0.00,0.00,0.00,0.00,0.00,13.13,0.20,1.00,0.00
2014-03-06 05:00:00,0.00,0.00,0.00,0.00,0.00,0.00,0.00,0.00,12.04,0.21,1.00,0.00
2014-03-06 06:00:00,0.00,0.00,0.00,0.00,0.00,0.00,0.00,0.00,13.43,0.17,1.00,0.00
2014-03-06 07:00:00,19.04,0.00,18.64,0.39,20.28,0.00,20.28,0.00,15.63,0.37,1.00,0.00
2014-03-06 08:00:00,271.88,220.42,46.13,5.32,275.00,224.82,50.18,774.26,18.55,0.60,0.00,0.00
2014-03-06 09:00:00,533.71,460.99,63.05,9.67,499.70,431.12,68.58,883.15,21.50,1.02,0.00,0.00
2014-03-06 10:00:00,766.13,677.03,75.62,13.48,696.14,613.88,82.26,935.52,24.25,1.40,0.00,0.00
2014-03-06 11:00:00,945.21,844.22,84.60,16.39,846.68,754.66,92.02,963.49,26.47,1.82,0.00,0.00
2014-03-06 12:00:00,1052.92,944.98,89.80,18.14,936.84,839.16,97.68,975.23,28.47,2.11,0.00,0.00
2014-03-06 13:00:00,1083.23,973.37,91.23,18.63,962.06,862.82,99.24,977.48,30.06,2.49,0.00,0.00
2014-03-06 14:00:00,1033.03,926.42,88.81,17.81,919.72,823.12,96.60,970.29,31.03,2.68,0.00,0.00
2014-03-06 15:00:00,908.14,809.61,82.76,15.77,814.70,724.68,90.02,953.87,30.00,2.67,0.00,0.00
2014-03-06 16:00:00,716.99,631.29,73.05,12.65,653.66,574.20,79.46,921.78,28.89,2.49,0.00,0.00
2014-03-06 17:00:00,477.13,408.72,59.68,8.72,450.28,385.36,64.92,861.54,27.03,1.73,0.00,0.00
2014-03-06 18:00:00,213.44,167.77,41.37,4.30,222.20,177.20,45.00,724.36,24.08,0.99,0.00,0.00
2014-03-06 19:00:00,7.61,0.00,7.34,0.28,14.32,6.34,7.98,220.19,21.94,0.21,0.00,0.00
2014-03-06 20:00:00,0.00,0.00,0.00,0.00,0.00,0.00,0.00,0.00,20.54,0.27,1.00,0.00
2014-03-06 21:00:00,0.00,0.00,0.00,0.00,0.00,0.00,0.00,0.00,19.33,0.59,1.00,0.00
2014-03-06 22:00:00,0.00,0.00,0.00,0.00,0.00,0.00,0.00,0.00,17.58,0.84,1.00,0.00
2014-03-06 23:00:00,0.00,0.00,0.00,0.00,0.00,0.00,0.00,0.00,17.27,0.78,1.00,0.00
2014-03-07 00:00:00,0.00,0.00,0.00,0.00,0.00,0.00,0.00,0.00,15.70,0.79,1.00,0.00
2014-03-07 01:00:00,0.00,0.00,0.00,0.00,0.00,0.00,0.00,0.00,14.93,0.79,1.00,0.00
2014-03-07 02:00:00,0.00,0.00,0.00,0.00,0.00,0.00,0.00,0.00,13.94,0.61,1.00,0.00
2014-03-07 03:00:00,0.00,0.00,0.00,0.00,0.00,0.00,0.00,0.00,13.63,0.68,1.00,0.00
2014-03-07 04:00:00,0.00,0.00,0.00,0.00,0.00,0.00,0.00,0.00,12.84,0.51,1.00,0.00
2014-03-07 05:00:00,0.00,0.00,0.00,0.00,0.00,0.00,0.00,0.00,11.91,0.54,1.00,0.00
2014-03-07 06:00:00,0.00,0.00,0.00,0.00,0.00,0.00,0.00,0.00,13.45,0.38,1.00,0.00
2014-03-07 07:00:00,18.62,0.00,18.24,0.38,19.84,0.00,19.84,0.00,16.09,0.18,1.00,0.00
2014-03-07 08:00:00,277.47,225.93,46.17,5.37,277.62,227.40,50.22,790.42,20.09,0.24,0.00,0.00
2014-03-07 09:00:00,542.48,469.49,63.23,9.77,504.44,435.66,68.78,897.49,23.84,0.71,0.00,0.00
2014-03-07 10:00:00,776.46,687.00,75.86,13.59,701.88,619.36,82.52,947.87,26.77,1.14,0.00,0.00
2014-03-07 11:00:00,955.88,854.58,84.80,16.50,852.46,760.22,92.24,974.24,29.32,1.50,0.00,0.00
2014-03-07 12:00:00,1064.14,955.86,90.02,18.26,943.04,845.12,97.92,985.64,31.37,1.88,0.00,0.00
2014-03-07 13:00:00,1094.41,984.23,91.44,18.74,968.16,868.70,99.46,987.83,32.84,2.29,0.00,0.00
2014-03-07 14:00:00,1043.33,936.45,88.97,17.91,925.14,828.36,96.78,980.55,31.85,2.55,0.00,0.00
2014-03-07 15:00:00,915.80,817.21,82.76,15.84,817.96,727.94,90.02,962.92,30.63,2.61,0.00,0.00
2014-03-07 16:00:00,722.17,636.55,72.94,12.68,654.92,575.58,79.34,929.92,29.24,2.34,0.00,0.00
2014-03-07 17:00:00,479.59,411.46,59.43,8.70,449.40,384.76,64.64,868.70,26.89,1.57,0.00,0.00
2014-03-07 18:00:00,214.43,169.08,41.08,4.27,220.72,176.04,44.68,733.32,23.58,0.75,0.00,0.00
2014-03-07 19:00:00,6.46,0.00,6.23,0.23,11.80,5.02,6.78,206.94,21.30,0.15,0.00,0.00
2014-03-07 20:00:00,0.00,0.00,0.00,0.00,0.00,0.00,0.00,0.00,19.88,0.46,1.00,0.00
2014-03-07 21:00:00,0.00,0.00,0.00,0.00,0.00,0.00,0.00,0.00,18.62,0.60,1.00,0.00
2014-03-07 22:00:00,0.00,0.00,0.00,0.00,0.00,0.00,0.00,0.00,17.02,0.71,1.00,0.00
2014-03-07 23:00:00,0.00,0.00,0.00,0.00,0.00,0.00,0.00,0.00,16.28,0.76,1.00,0.00
2014-03-08 00:00:00,0.00,0.00,0.00,0.00,0.00,0.00,0.00,0.00,14.40,0.62,1.00,0.00
2014-03-08 01:00:00,0.00,0.00,0.00,0.00,0.00,0.00,0.00,0.00,13.26,0.66,1.00,0.00
2014-03-08 02:00:00,0.00,0.00,0.00,0.00,0.00,0.00,0.00,0.00,12.10,0.58,1.00,0.00
2014-03-08 03:00:00,0.00,0.00,0.00,0.00,0.00,0.00,0.00,0.00,13.38,0.50,1.00,0.00
2014-03-08 04:00:00,0.00,0.00,0.00,0.00,0.00,0.00,0.00,0.00,13.85,0.41,1.00,0.00
2014-03-08 05:00:00,0.00,0.00,0.00,0.00,0.00,0.00,0.00,0.00,14.47,0.40,1.00,0.00
2014-03-08 06:00:00,0.00,0.00,0.00,0.00,0.00,0.00,0.00,0.00,16.01,0.25,1.00,0.00
2014-03-08 07:00:00,17.84,0.00,17.47,0.37,19.00,0.00,19.00,0.00,18.30,0.20,1.00,0.00
2014-03-08 08:00:00,272.04,221.32,45.51,5.21,269.28,219.78,49.50,771.56,21.47,0.40,0.00,0.00
2014-03-08 09:00:00,532.99,461.05,62.40,9.53,492.38,424.50,67.88,879.48,25.00,0.83,0.00,0.00
2014-03-08 10:00:00,763.40,675.20,74.91,13.29,686.70,605.22,81.48,930.19,27.59,1.20,0.00,0.00
2014-03-08 11:00:00,939.41,839.56,83.70,16.15,834.38,743.34,91.04,956.09,29.54,1.58,0.00,0.00
2014-03-08 12:00:00,1047.65,940.82,88.92,17.91,924.92,828.20,96.72,969.37,30.79,1.96,0.00,0.00
2014-03-08 13:00:00,1078.61,969.83,90.37,18.41,950.70,852.40,98.30,972.91,31.92,2.34,0.00,0.00
2014-03-08 14:00:00,1029.05,923.46,88.00,17.60,909.06,813.34,95.72,966.74,31.11,2.62,0.00,0.00
2014-03-08 15:00:00,904.83,807.32,81.93,15.58,804.74,715.62,89.12,951.39,30.00,2.67,0.00,0.00
2014-03-08 16:00:00,714.49,629.79,72.22,12.48,644.64,566.08,78.56,920.70,28.40,2.56,0.00,0.00
2014-03-08 17:00:00,474.36,407.02,58.80,8.55,441.44,377.48,63.96,860.48,26.04,1.96,0.00,0.00
2014-03-08 18:00:00,211.02,166.43,40.43,4.16,214.74,170.76,43.98,724.63,22.85,1.36,0.00,0.00
2014-03-08 19:00:00,5.10,0.00,4.93,0.17,8.80,3.44,5.36,175.99,20.61,0.57,0.00,0.00
2014-03-08 20:00:00,0.00,0.00,0.00,0.00,0.00,0.00,0.00,0.00,19.25,0.16,1.00,0.00
2014-03-08 21:00:00,0.00,0.00,0.00,0.00,0.00,0.00,0.00,0.00,17.83,0.14,1.00,0.00
2014-03-08 22:00:00,0.00,0.00,0.00,0.00,0.00,0.00,0.00,0.00,16.30,0.39,1.00,0.00
2014-03-08 23:00:00,0.00,0.00,0.00,0.00,0.00,0.00,0.00,0.00,15.48,0.42,1.00,0.00
2014-03-09 00:00:00,0.00,0.00,0.00,0.00,0.00,0.00,0.00,0.00,14.41,0.35,1.00,0.00
2014-03-09 01:00:00,0.00,0.00,0.00,0.00,0.00,0.00,0.00,0.00,13.83,0.22,1.00,0.00
2014-03-09 02:00:00,0.00,0.00,0.00,0.00,0.00,0.00,0.00,0.00,13.21,0.11,1.00,0.00
2014-03-09 03:00:00,0.00,0.00,0.00,0.00,0.00,0.00,0.00,0.00,11.91,0.11,1.00,0.00
2014-03-09 04:00:00,0.00,0.00,0.00,0.00,0.00,0.00,0.00,0.00,13.01,0.15,1.00,0.00
2014-03-09 05:00:00,0.00,0.00,0.00,0.00,0.00,0.00,0.00,0.00,13.58,0.23,1.00,0.00
2014-03-09 06:00:00,0.00,0.00,0.00,0.00,0.00,0.00,0.00,0.00,15.10,0.32,1.00,0.00
2014-03-09 07:00:00,17.03,0.00,16.68,0.35,18.14,0.00,18.14,0.00,17.06,0.49,1.00,0.00
2014-03-09 08:00:00,269.47,219.37,44.99,5.11,263.80,214.86,48.94,761.45,18.83,0.83,0.00,0.00
2014-03-09 09:00:00,527.72,456.53,61.82,9.37,484.22,416.98,67.24,868.86,20.81,1.18,0.00,0.00
2014-03-09 10:00:00,754.53,667.30,74.15,13.07,675.34,594.68,80.66,917.92,22.93,1.61,0.00,0.00
2014-03-09 11:00:00,927.35,828.66,82.81,15.88,820.18,730.10,90.08,942.67,24.80,2.06,0.00,0.00
2014-03-09 12:00:00,1032.13,926.61,87.94,17.57,907.80,812.14,95.66,954.03,26.51,2.37,0.00,0.00
2014-03-09 13:00:00,1060.67,953.30,89.34,18.03,931.52,834.34,97.18,955.89,27.56,2.79,0.00,0.00
2014-03-09 14:00:00,1009.61,905.47,86.93,17.20,888.52,793.96,94.56,947.76,28.57,2.90,0.00,0.00
2014-03-09 15:00:00,885.46,789.41,80.86,15.18,784.30,696.34,87.96,930.47,27.44,3.09,0.00,0.00
2014-03-09 16:00:00,696.71,613.37,71.23,12.11,625.50,548.02,77.48,897.37,26.06,2.82,0.00,0.00
2014-03-09 17:00:00,459.90,393.77,57.90,8.23,425.16,362.18,62.98,833.96,24.61,2.13,0.00,0.00
2014-03-09 18:00:00,203.24,159.68,39.60,3.96,204.46,161.38,43.08,698.41,22.74,1.17,0.00,0.00
2014-03-09 19:00:00,3.75,0.00,3.64,0.11,5.82,1.86,3.96,125.38,21.12,0.54,0.00,0.00
2014-03-09 20:00:00,0.00,0.00,0.00,0.00,0.00,0.00,0.00,0.00,19.79,0.24,1.00,0.00
2014-03-09 21:00:00,0.00,0.00,0.00,0.00,0.00,0.00,0.00,0.00,18.98,0.04,1.00,0.00
2014-03-09 22:00:00,0.00,0.00,0.00,0.00,0.00,0.00,0.00,0.00,17.58,0.14,1.00,0.00
2014-03-09 23:00:00,0.00,0.00,0.00,0.00,0.00,0.00,0.00,0.00,17.71,0.16,1.00,0.00
2014-03-10 00:00:00,0.00,0.00,0.00,0.00,0.00,0.00,0.00,0.00,16.70,0.27,1.00,0.00
2014-03-10 01:00:00,0.00,0.00,0.00,0.00,0.00,0.00,0.00,0.00,16.60,0.28,1.00,0.00
2014-03-10 02:00:00,0.00,0.00,0.00,0.00,0.00,0.00,0.00,0.00,16.25,0.30,1.00,0.00
2014-03-10 03:00:00,0.00,0.00,0.00,0.00,0.00,0.00,0.00,0.00,15.87,0.20,1.00,0.00
2014-03-10 04:00:00,0.00,0.00,0.00,0.00,0.00,0.00,0.00,0.00,15.78,0.16,1.00,0.00
2014-03-10 05:00:00,0.00,0.00,0.00,0.00,0.00,0.00,0.00,0.00,14.35,0.17,1.00,0.00
2014-03-10 06:00:00,0.00,0.00,0.00,0.00,0.00,0.00,0.00,0.00,15.35,0.28,1.00,0.00
2014-03-10 07:00:00,12.54,0.00,12.28,0.26,13.36,0.00,13.36,0.00,16.53,0.31,1.00,1.00
2014-03-10 08:00:00,91.66,2.19,87.58,1.89,97.38,2.12,95.26,7.59,19.18,0.65,0.00,1.00
2014-03-10 09:00:00,205.65,4.61,196.81,4.23,218.26,4.18,214.08,8.76,21.59,0.97,0.00,1.00
2014-03-10 10:00:00,342.66,6.77,328.85,7.04,363.70,6.00,357.70,9.30,23.72,1.39,0.00,1.00
2014-03-10 11:00:00,569.05,19.32,538.07,11.66,602.22,16.94,585.28,21.95,25.81,1.72,0.00,1.00
2014-03-10 12:00:00,669.87,31.58,624.60,13.69,706.96,27.56,679.40,32.49,27.36,2.12,0.00,1.00
2014-03-10 13:00:00,1079.43,971.08,90.08,18.28,944.20,846.22,97.98,973.33,28.06,2.52,0.00,0.00
2014-03-10 14:00:00,1027.23,922.21,87.59,17.43,900.32,805.04,95.28,965.18,27.06,2.89,0.00,0.00
2014-03-10 15:00:00,900.97,804.16,81.43,15.38,794.42,705.84,88.58,948.16,25.78,3.04,0.00,0.00
2014-03-10 16:00:00,372.53,6.42,358.45,7.66,395.60,5.70,389.90,9.40,24.45,2.77,0.00,1.00
2014-03-10 17:00:00,204.65,4.01,196.43,4.21,217.32,3.66,213.66,8.51,22.88,2.20,0.00,1.00
2014-03-10 18:00:00,203.14,159.94,39.29,3.91,201.90,159.16,42.74,702.75,20.56,1.43,0.00,0.00
2014-03-10 19:00:00,2.57,0.00,2.50,0.07,3.46,0.74,2.72,73.10,18.84,0.70,0.00,0.00
2014-03-10 20:00:00,0.00,0.00,0.00,0.00,0.00,0.00,0.00,0.00,17.84,0.30,1.00,0.00
2014-03-10 21:00:00,0.00,0.00,0.00,0.00,0.00,0.00,0.00,0.00,16.81,0.12,1.00,0.00
2014-03-10 22:00:00,0.00,0.00,0.00,0.00,0.00,0.00,0.00,0.00,15.67,0.32,1.00,0.00
2014-03-10 23:00:00,0.00,0.00,0.00,0.00,0.00,0.00,0.00,0.00,14.75,0.41,1.00,0.00
2014-03-11 00:00:00,0.00,0.00,0.00,0.00,0.00,0.00,0.00,0.00,13.63,0.25,1.00,0.00
2014-03-11 01:00:00,0.00,0.00,0.00,0.00,0.00,0.00,0.00,0.00,12.84,0.23,1.00,0.00
2014-03-11 02:00:00,0.00,0.00,0.00,0.00,0.00,0.00,0.00,0.00,12.02,0.23,1.00,0.00
2014-03-11 03:00:00,0.00,0.00,0.00,0.00,0.00,0.00,0.00,0.00,11.21,0.24,1.00,0.00
2014-03-11 04:00:00,0.00,0.00,0.00,0.00,0.00,0.00,0.00,0.00,10.31,0.27,1.00,0.00
2014-03-11 05:00:00,0.00,0.00,0.00,0.00,0.00,0.00,0.00,0.00,9.49,0.27,1.00,0.00
2014-03-11 06:00:00,0.00,0.00,0.00,0.00,0.00,0.00,0.00,0.00,11.08,0.17,1.00,0.00
2014-03-11 07:00:00,16.03,0.00,15.70,0.33,17.08,0.00,17.08,0.00,13.46,0.20,1.00,0.00
2014-03-11 08:00:00,275.20,225.21,44.88,5.10,263.40,214.58,48.82,775.65,16.50,0.44,0.00,0.00
2014-03-11 09:00:00,539.97,468.42,62.09,9.46,488.66,421.12,67.54,887.70,19.51,0.81,0.00,0.00
2014-03-11 10:00:00,773.35,685.34,74.74,13.26,684.98,603.68,81.30,939.94,22.51,1.19,0.00,0.00
2014-03-11 11:00:00,952.20,852.34,83.70,16.16,834.78,743.74,91.04,967.63,24.85,1.63,0.00,0.00
2014-03-11 12:00:00,1059.63,952.85,88.88,17.90,924.44,827.76,96.68,979.73,26.52,2.04,0.00,0.00
2014-03-11 13:00:00,1088.92,980.26,90.30,18.37,948.82,850.60,98.22,982.19,28.08,2.38,0.00,0.00
2014-03-11 14:00:00,1037.28,931.96,87.80,17.53,905.44,809.94,95.50,975.36,29.12,2.60,0.00,0.00
2014-03-11 15:00:00,907.63,810.73,81.47,15.42,796.64,708.02,88.62,956.20,28.23,2.63,0.00,0.00
2014-03-11 16:00:00,712.27,628.51,71.51,12.25,632.56,554.78,77.78,920.99,26.87,2.53,0.00,0.00
2014-03-11 17:00:00,468.78,402.70,57.81,8.27,427.00,364.12,62.88,855.82,24.64,1.82,0.00,0.00
2014-03-11 18:00:00,203.60,160.77,38.96,3.87,199.84,157.46,42.38,709.63,21.83,1.15,0.00,0.00
2014-03-11 19:00:00,1.48,0.00,1.45,0.03,1.58,0.00,1.58,0.00,19.78,0.38,1.00,0.00
2014-03-11 20:00:00,0.00,0.00,0.00,0.00,0.00,0.00,0.00,0.00,18.24,0.03,1.00,0.00
2014-03-11 21:00:00,0.00,0.00,0.00,0.00,0.00,0.00,0.00,0.00,17.02,0.31,1.00,0.00
2014-03-11 22:00:00,0.00,0.00,0.00,0.00,0.00,0.00,0.00,0.00,15.59,0.54,1.00,0.00
2014-03-11 23:00:00,0.00,0.00,0.00,0.00,0.00,0.00,0.00,0.00,15.01,0.48,1.00,0.00
2014-03-12 00:00:00,0.00,0.00,0.00,0.00,0.00,0.00,0.00,0.00,13.80,0.51,1.00,0.00
2014-03-12 01:00:00,0.00,0.00,0.00,0.00,0.00,0.00,0.00,0.00,13.18,0.48,1.00,0.00
2014-03-12 02:00:00,0.00,0.00,0.00,0.00,0.00,0.00,0.00,0.00,12.39,0.28,1.00,0.00
2014-03-12 03:00:00,0.00,0.00,0.00,0.00,0.00,0.00,0.00,0.00,11.88,0.37,1.00,0.00
2014-03-12 04:00:00,0.00,0.00,0.00,0.00,0.00,0.00,0.00,0.00,11.72,0.25,1.00,0.00
2014-03-12 05:00:00,0.00,0.00,0.00,0.00,0.00,0.00,0.00,0.00,10.68,0.30,1.00,0.00
2014-03-12 06:00:00,0.00,0.00,0.00,0.00,0.00,0.00,0.00,0.00,12.57,0.24,1.00,0.00
2014-03-12 07:00:00,15.38,0.00,15.06,0.32,16.38,0.00,16.38,0.00,14.79,0.24,1.00,0.00
2014-03-12 08:00:00,273.38,223.93,44.44,5.01,258.72,210.38,48.34,767.92,17.67,0.54,0.00,0.00
2014-03-12 09:00:00,535.02,464.19,61.52,9.31,480.86,413.94,66.92,877.68,20.73,0.94,0.00,0.00
2014-03-12 10:00:00,763.93,676.90,73.99,13.03,673.18,592.70,80.48,927.10,23.71,1.38,0.00,0.00
2014-03-12 11:00:00,937.72,839.15,82.72,15.85,818.62,728.64,89.98,951.73,26.23,1.79,0.00,0.00
2014-03-12 12:00:00,1040.47,935.24,87.72,17.51,904.32,808.90,95.42,961.03,28.34,2.18,0.00,0.00
2014-03-12 13:00:00,1066.14,959.27,88.95,17.92,925.52,828.76,96.76,960.87,29.91,2.60,0.00,0.00
2014-03-12 14:00:00,1012.26,908.84,86.38,17.04,880.20,786.24,93.96,951.19,29.12,2.82,0.00,0.00
2014-03-12 15:00:00,885.28,790.14,80.17,14.98,773.80,686.60,87.20,932.31,28.02,2.80,0.00,0.00
2014-03-12 16:00:00,693.79,611.59,70.33,11.87,613.00,536.50,76.50,897.09,26.64,2.65,0.00,0.00
2014-03-12 17:00:00,454.63,389.89,56.78,7.96,411.26,349.50,61.76,830.10,24.80,2.16,0.00,0.00
2014-03-12 18:00:00,196.27,154.46,38.13,3.68,190.30,148.82,41.48,684.89,22.23,1.54,0.00,0.00
2014-03-12 19:00:00,0.23,0.00,0.22,0.00,0.24,0.00,0.24,0.00,20.11,0.79,1.00,0.00
2014-03-12 20:00:00,0.00,0.00,0.00,0.00,0.00,0.00,0.00,0.00,18.86,0.52,1.00,0.00
2014-03-12 21:00:00,0.00,0.00,0.00,0.00,0.00,0.00,0.00,0.00,17.76,0.33,1.00,0.00
2014-03-12 22:00:00,0.00,0.00,0.00,0.00,0.00,0.00,0.00,0.00,16.51,0.26,1.00,0.00
2014-03-12 23:00:00,0.00,0.00,0.00,0.00,0.00,0.00,0.00,0.00,15.71,0.29,1.00,0.00
2014-03-13 00:00:00,0.00,0.00,0.00,0.00,0.00,0.00,0.00,0.00,14.60,0.16,1.00,0.00
2014-03-13 01:00:00,0.00,0.00,0.00,0.00,0.00,0.00,0.00,0.00,13.69,0.03,1.00,0.00
2014-03-13 02:00:00,0.00,0.00,0.00,0.00,0.00,0.00,0.00,0.00,12.97,0.13,1.00,0.00
2014-03-13 03:00:00,0.00,0.00,0.00,0.00,0.00,0.00,0.00,0.00,12.08,0.20,1.00,0.00
2014-03-13 04:00:00,0.00,0.00,0.00,0.00,0.00,0.00,0.00,0.00,11.71,0.22,1.00,0.00
2014-03-13 05:00:00,0.00,0.00,0.00,0.00,0.00,0.00,0.00,0.00,10.53,0.28,1.00,0.00
2014-03-13 06:00:00,0.00,0.00,0.00,0.00,0.00,0.00,0.00,0.00,12.03,0.31,1.00,0.00
2014-03-13 07:00:00,14.55,0.00,14.25,0.30,15.50,0.00,15.50,0.00,13.53,0.40,1.00,0.00
2014-03-13 08:00:00,265.04,216.56,43.67,4.80,248.08,200.58,47.50,739.86,16.06,0.73,0.00,0.00
2014-03-13 09:00:00,522.86,453.14,60.68,9.04,466.86,400.86,66.00,854.98,18.71,1.15,0.00,0.00
2014-03-13 10:00:00,750.07,664.23,73.11,12.73,657.70,578.18,79.52,908.40,21.36,1.55,0.00,0.00
2014-03-13 11:00:00,923.64,826.24,81.86,15.54,802.90,713.86,89.04,936.28,23.57,1.95,0.00,0.00
2014-03-13 12:00:00,1025.53,921.50,86.84,17.19,887.88,793.42,94.46,946.37,25.38,2.25,0.00,0.00
2014-03-13 13:00:00,1050.41,944.79,88.04,17.59,908.44,812.68,95.76,946.12,26.75,2.65,0.00,0.00
2014-03-13 14:00:00,997.03,894.83,85.48,16.72,863.64,770.66,92.98,936.59,25.98,2.98,0.00,0.00
2014-03-13 15:00:00,870.92,776.98,79.27,14.67,757.96,671.74,86.22,917.15,24.83,2.93,0.00,0.00
2014-03-13 16:00:00,681.20,600.16,69.45,11.59,598.72,523.18,75.54,881.22,23.45,2.91,0.00,0.00
2014-03-13 17:00:00,444.54,380.88,55.93,7.73,399.30,338.46,60.84,812.75,21.82,2.65,0.00,0.00
2014-03-13 18:00:00,189.56,148.76,37.29,3.51,181.48,140.92,40.56,663.09,20.56,1.87,0.00,0.00
2014-03-13 19:00:00,0.00,0.00,0.00,0.00,0.00,0.00,0.00,0.00,19.12,1.42,1.00,0.00
2014-03-13 20:00:00,0.00,0.00,0.00,0.00,0.00,0.00,0.00,0.00,17.99,0.98,1.00,0.00
2014-03-13 21:00:00,0.00,0.00,0.00,0.00,0.00,0.00,0.00,0.00,17.16,0.95,1.00,0.00
2014-03-13 22:00:00,0.00,0.00,0.00,0.00,0.00,0.00,0.00,0.00,16.20,0.71,1.00,0.00
2014-03-13 23:00:00,0.00,0.00,0.00,0.00,0.00,0.00,0.00,0.00,15.53,0.56,1.00,0.00
2014-03-14 00:00:00,0.00,0.00,0.00,0.00,0.00,0.00,0.00,0.00,14.90,0.34,1.00,0.00
2014-03-14 01:00:00,0.00,0.00,0.00,0.00,0.00,0.00,0.00,0.00,14.23,0.30,1.00,0.00
2014-03-14 02:00:00,0.00,0.00,0.00,0.00,0.00,0.00,0.00,0.00,13.83,0.38,1.00,0.00
2014-03-14 03:00:00,0.00,0.00,0.00,0.00,0.00,0.00,0.00,0.00,13.30,0.40,1.00,0.00
2014-03-14 04:00:00,0.00,0.00,0.00,0.00,0.00,0.00,0.00,0.00,12.99,0.40,1.00,0.00
2014-03-14 05:00:00,0.00,0.00,0.00,0.00,0.00,0.00,0.00,0.00,11.48,0.34,1.00,0.00
2014-03-14 06:00:00,0.00,0.00,0.00,0.00,0.00,0.00,0.00,0.00,10.20,0.36,1.00,0.00
2014-03-14 07:00:00,13.74,0.00,13.46,0.28,14.64,0.00,14.64,0.00,11.76,0.56,1.00,0.00
2014-03-14 08:00:00,259.43,211.65,43.14,4.65,240.18,193.26,46.92,720.00,14.59,0.83,0.00,0.00
2014-03-14 09:00:00,515.77,446.76,60.16,8.86,457.48,392.04,65.44,841.15,17.20,1.26,0.00,0.00
2014-03-14 10:00:00,743.13,657.92,72.66,12.55,648.34,569.30,79.04,898.64,19.44,1.60,0.00,0.00
2014-03-14 11:00:00,918.03,821.14,81.51,15.38,794.64,705.98,88.66,929.67,21.44,2.00,0.00,0.00
2014-03-14 12:00:00,1024.07,920.30,86.67,17.10,883.10,788.82,94.28,944.65,23.27,2.27,0.00,0.00
2014-03-14 13:00:00,1053.09,947.45,88.07,17.56,907.28,811.48,95.80,948.59,24.35,2.66,0.00,0.00
2014-03-14 14:00:00,1003.62,901.18,85.68,16.76,865.76,772.56,93.20,943.35,25.23,2.87,0.00,0.00
2014-03-14 15:00:00,878.01,783.78,79.50,14.73,760.64,674.16,86.48,925.72,24.47,2.99,0.00,0.00
2014-03-14 16:00:00,687.77,606.43,69.70,11.64,601.12,525.30,75.82,891.34,23.34,2.81,0.00,0.00
2014-03-14 17:00:00,449.48,385.62,56.10,7.76,400.62,339.60,61.02,824.61,21.86,2.23,0.00,0.00
2014-03-14 18:00:00,187.90,147.58,36.88,3.44,177.56,137.44,40.12,661.59,20.00,1.36,0.00,0.00
2014-03-14 19:00:00,0.00,0.00,0.00,0.00,0.00,0.00,0.00,0.00,18.45,0.64,1.00,0.00
2014-03-14 20:00:00,0.00,0.00,0.00,0.00,0.00,0.00,0.00,0.00,17.29,0.26,1.00,0.00
2014-03-14 21:00:00,0.00,0.00,0.00,0.00,0.00,0.00,0.00,0.00,16.25,0.29,1.00,0.00
2014-03-14 22:00:00,0.00,0.00,0.00,0.00,0.00,0.00,0.00,0.00,14.91,0.42,1.00,0.00
2014-03-14 23:00:00,0.00,0.00,0.00,0.00,0.00,0.00,0.00,0.00,14.48,0.37,1.00,0.00
2014-03-15 00:00:00,0.00,0.00,0.00,0.00,0.00,0.00,0.00,0.00,13.22,0.41,1.00,0.00
2014-03-15 01:00:00,0.00,0.00,0.00,0.00,0.00,0.00,0.00,0.00,12.76,0.31,1.00,0.00
2014-03-15 02:00:00,0.00,0.00,0.00,0.00,0.00,0.00,0.00,0.00,12.21,0.22,1.00,0.00
2014-03-15 03:00:00,0.00,0.00,0.00,0.00,0.00,0.00,0.00,0.00,12.04,0.24,1.00,0.00
2014-03-15 04:00:00,0.00,0.00,0.00,0.00,0.00,0.00,0.00,0.00,11.41,0.16,1.00,0.00
2014-03-15 05:00:00,0.00,0.00,0.00,0.00,0.00,0.00,0.00,0.00,10.49,0.24,1.00,0.00
2014-03-15 06:00:00,0.00,0.00,0.00,0.00,0.00,0.00,0.00,0.00,11.65,0.18,1.00,0.00
2014-03-15 07:00:00,7.10,0.00,6.95,0.15,7.56,0.00,7.56,0.00,13.48,0.16,1.00,1.00
2014-03-15 08:00:00,85.45,2.22,81.47,1.75,90.62,2.00,88.62,7.53,16.21,0.53,0.00,1.00
2014-03-15 09:00:00,56.98,4.62,51.21,1.16,59.72,4.02,55.70,8.68,18.86,0.91,0.00,1.00
2014-03-15 10:00:00,377.31,6.86,362.70,7.75,400.42,5.90,394.52,9.36,21.27,1.41,0.00,1.00
2014-03-15 11:00:00,545.41,17.53,516.70,11.17,577.04,15.00,562.04,19.83,23.63,1.76,0.00,1.00
2014-03-15 12:00:00,617.94,25.36,579.95,12.63,652.48,21.64,630.84,26.02,25.50,2.15,0.00,1.00
2014-03-15 13:00:00,655.90,30.30,612.20,13.39,691.76,25.84,665.92,30.34,26.76,2.55,0.00,1.00
2014-03-15 14:00:00,593.27,22.47,558.66,12.14,626.86,19.18,607.68,23.53,27.56,2.69,0.00,1.00
2014-03-15 15:00:00,888.24,793.89,79.52,14.83,765.80,679.30,86.50,938.19,26.72,2.99,0.00,0.00
2014-03-15 16:00:00,693.51,612.34,69.50,11.67,602.68,527.08,75.60,901.06,25.48,2.74,0.00,0.00
2014-03-15 17:00:00,451.33,387.89,55.71,7.73,399.08,338.48,60.60,831.21,23.69,2.13,0.00,0.00
2014-03-15 18:00:00,188.48,148.57,36.52,3.40,175.64,135.92,39.72,669.13,21.67,1.54,0.00,0.00
2014-03-15 19:00:00,0.00,0.00,0.00,0.00,0.00,0.00,0.00,0.00,19.74,0.64,1.00,0.00
2014-03-15 20:00:00,0.00,0.00,0.00,0.00,0.00,0.00,0.00,0.00,18.61,0.04,1.00,0.00
2014-03-15 21:00:00,0.00,0.00,0.00,0.00,0.00,0.00,0.00,0.00,17.81,0.37,1.00,0.00
2014-03-15 22:00:00,0.00,0.00,0.00,0.00,0.00,0.00,0.00,0.00,16.75,0.54,1.00,0.00
2014-03-15 23:00:00,0.00,0.00,0.00,0.00,0.00,0.00,0.00,0.00,16.36,0.66,1.00,0.00
2014-03-16 00:00:00,0.00,0.00,0.00,0.00,0.00,0.00,0.00,0.00,14.67,0.63,1.00,0.00
2014-03-16 01:00:00,0.00,0.00,0.00,0.00,0.00,0.00,0.00,0.00,13.76,0.81,1.00,0.00
2014-03-16 02:00:00,0.00,0.00,0.00,0.00,0.00,0.00,0.00,0.00,13.00,0.76,1.00,0.00
2014-03-16 03:00:00,0.00,0.00,0.00,0.00,0.00,0.00,0.00,0.00,13.30,0.64,1.00,0.00
2014-03-16 04:00:00,0.00,0.00,0.00,0.00,0.00,0.00,0.00,0.00,12.76,0.49,1.00,0.00
2014-03-16 05:00:00,0.00,0.00,0.00,0.00,0.00,0.00,0.00,0.00,12.01,0.57,1.00,0.00
2014-03-16 06:00:00,0.00,0.00,0.00,0.00,0.00,0.00,0.00,0.00,13.55,0.39,1.00,0.00
2014-03-16 07:00:00,12.54,0.00,12.28,0.26,13.36,0.00,13.36,0.00,15.47,0.36,1.00,0.00
2014-03-16 08:00:00,265.80,218.21,42.93,4.65,240.28,193.58,46.70,736.43,18.95,0.54,0.00,0.00
2014-03-16 09:00:00,525.53,456.48,60.16,8.89,459.46,394.02,65.44,855.91,21.61,0.79,0.00,0.00
2014-03-16 10:00:00,753.79,668.55,72.65,12.60,650.60,571.58,79.02,910.80,24.31,1.30,0.00,0.00
2014-03-16 11:00:00,927.89,831.06,81.42,15.41,795.96,707.40,88.56,939.31,26.55,1.61,0.00,0.00
2014-03-16 12:00:00,1031.64,928.10,86.45,17.08,882.44,788.40,94.04,951.77,27.76,2.05,0.00,0.00
2014-03-16 13:00:00,1057.81,952.62,87.69,17.50,904.10,808.72,95.38,953.52,28.70,2.45,0.00,0.00
2014-03-16 14:00:00,1004.98,903.20,85.13,16.65,859.84,767.24,92.60,945.85,27.95,2.63,0.00,0.00
2014-03-16 15:00:00,876.67,783.26,78.84,14.57,752.52,666.76,85.76,926.28,26.94,2.72,0.00,0.00
2014-03-16 16:00:00,684.00,603.66,68.89,11.45,591.24,516.30,74.94,889.31,25.80,2.40,0.00,0.00
2014-03-16 17:00:00,444.04,381.33,55.16,7.55,389.74,329.74,60.00,819.05,24.23,1.50,0.00,0.00
2014-03-16 18:00:00,183.98,144.87,35.84,3.27,169.14,130.16,38.98,656.24,21.90,0.51,0.00,0.00
2014-03-16 19:00:00,0.00,0.00,0.00,0.00,0.00,0.00,0.00,0.00,20.31,0.34,1.00,0.00
2014-03-16 20:00:00,0.00,0.00,0.00,0.00,0.00,0.00,0.00,0.00,18.98,0.72,1.00,0.00
2014-03-16 21:00:00,0.00,0.00,0.00,0.00,0.00,0.00,0.00,0.00,17.85,0.75,1.00,0.00
2014-03-16 22:00:00,0.00,0.00,0.00,0.00,0.00,0.00,0.00,0.00,16.58,0.83,1.00,0.00
2014-03-16 23:00:00,0.00,0.00,0.00,0.00,0.00,0.00,0.00,0.00,15.62,0.78,1.00,0.00
2014-03-17 00:00:00,0.00,0.00,0.00,0.00,0.00,0.00,0.00,0.00,14.37,0.58,1.00,0.00
2014-03-17 01:00:00,0.00,0.00,0.00,0.00,0.00,0.00,0.00,0.00,13.34,0.62,1.00,0.00
2014-03-17 02:00:00,0.00,0.00,0.00,0.00,0.00,0.00,0.00,0.00,12.10,0.55,1.00,0.00
2014-03-17 03:00:00,0.00,0.00,0.00,0.00,0.00,0.00,0.00,0.00,11.50,0.53,1.00,0.00
2014-03-17 04:00:00,0.00,0.00,0.00,0.00,0.00,0.00,0.00,0.00,11.05,0.44,1.00,0.00
2014-03-17 05:00:00,0.00,0.00,0.00,0.00,0.00,0.00,0.00,0.00,10.42,0.44,1.00,0.00
2014-03-17 06:00:00,0.00,0.00,0.00,0.00,0.00,0.00,0.00,0.00,12.54,0.32,1.00,0.00
2014-03-17 07:00:00,11.88,0.00,11.64,0.25,12.66,0.00,12.66,0.00,15.01,0.38,1.00,0.00
2014-03-17 08:00:00,264.54,217.42,42.55,4.58,236.34,190.06,46.28,731.00,18.53,0.46,0.00,0.00
2014-03-17 09:00:00,523.79,455.25,59.74,8.80,454.74,389.76,64.98,851.82,21.75,0.85,0.00,0.00
2014-03-17 10:00:00,751.71,667.01,72.20,12.49,645.38,566.84,78.54,907.58,24.55,1.22,0.00,0.00
2014-03-17 11:00:00,925.52,829.26,80.96,15.30,790.38,702.32,88.06,936.58,27.22,1.59,0.00,0.00
2014-03-17 12:00:00,1029.94,926.94,86.01,16.99,877.40,783.84,93.56,950.21,29.19,1.94,0.00,0.00
2014-03-17 13:00:00,1057.01,952.33,87.26,17.42,899.80,804.88,94.92,953.17,30.82,2.39,0.00,0.00
2014-03-17 14:00:00,1004.97,903.69,84.71,16.58,856.24,764.10,92.14,946.64,30.06,2.61,0.00,0.00
2014-03-17 15:00:00,877.03,784.11,78.42,14.51,749.28,663.98,85.30,927.90,28.77,2.77,0.00,0.00
2014-03-17 16:00:00,684.40,604.56,68.45,11.39,588.20,513.74,74.46,891.90,27.22,2.58,0.00,0.00
2014-03-17 17:00:00,443.83,381.69,54.66,7.48,386.46,327.00,59.46,821.71,25.14,1.91,0.00,0.00
2014-03-17 18:00:00,181.61,143.21,35.21,3.19,164.54,126.24,38.30,652.24,22.69,1.24,0.00,0.00
2014-03-17 19:00:00,0.00,0.00,0.00,0.00,0.00,0.00,0.00,0.00,20.79,0.48,1.00,0.00
2014-03-17 20:00:00,0.00,0.00,0.00,0.00,0.00,0.00,0.00,0.00,19.48,0.19,1.00,0.00
2014-03-17 21:00:00,0.00,0.00,0.00,0.00,0.00,0.00,0.00,0.00,18.17,0.02,1.00,0.00
2014-03-17 22:00:00,0.00,0.00,0.00,0.00,0.00,0.00,0.00,0.00,16.91,0.27,1.00,0.00
2014-03-17 23:00:00,0.00,0.00,0.00,0.00,0.00,0.00,0.00,0.00,16.05,0.26,1.00,0.00
2014-03-18 00:00:00,0.00,0.00,0.00,0.00,0.00,0.00,0.00,0.00,14.91,0.21,1.00,0.00
2014-03-18 01:00:00,0.00,0.00,0.00,0.00,0.00,0.00,0.00,0.00,14.01,0.16,1.00,0.00
2014-03-18 02:00:00,0.00,0.00,0.00,0.00,0.00,0.00,0.00,0.00,13.13,0.23,1.00,0.00
2014-03-18 03:00:00,0.00,0.00,0.00,0.00,0.00,0.00,0.00,0.00,12.76,0.36,1.00,0.00
2014-03-18 04:00:00,0.00,0.00,0.00,0.00,0.00,0.00,0.00,0.00,12.04,0.31,1.00,0.00
2014-03-18 05:00:00,0.00,0.00,0.00,0.00,0.00,0.00,0.00,0.00,10.99,0.44,1.00,0.00
2014-03-18 06:00:00,0.00,0.00,0.00,0.00,0.00,0.00,0.00,0.00,12.44,0.39,1.00,0.00
2014-03-18 07:00:00,11.00,0.00,10.77,0.23,11.72,0.00,11.72,0.00,14.22,0.36,1.00,0.00
2014-03-18 08:00:00,261.43,215.04,41.92,4.47,230.86,185.26,45.60,720.01,16.99,0.58,0.00,0.00
2014-03-18 09:00:00,519.11,451.35,59.09,8.66,447.50,383.22,64.28,842.96,19.97,1.03,0.00,0.00
2014-03-18 10:00:00,745.67,661.82,71.52,12.33,636.84,559.04,77.80,899.42,22.39,1.29,0.00,0.00
2014-03-18 11:00:00,514.97,15.19,489.23,10.55,544.96,12.80,532.16,17.14,24.62,1.76,0.00,1.00
2014-03-18 12:00:00,607.36,24.28,570.67,12.41,641.18,20.44,620.74,24.88,26.52,2.06,0.00,1.00
2014-03-18 13:00:00,1045.37,941.74,86.47,17.16,886.44,792.38,94.06,942.57,27.67,2.50,0.00,0.00
2014-03-18 14:00:00,992.08,891.86,83.92,16.30,841.86,750.58,91.28,934.57,27.10,2.67,0.00,0.00
2014-03-18 15:00:00,865.24,773.35,77.65,14.25,735.90,651.44,84.46,915.86,25.95,2.81,0.00,0.00
2014-03-18 16:00:00,673.77,594.92,67.70,11.15,575.90,502.26,73.64,878.73,24.44,2.50,0.00,0.00
2014-03-18 17:00:00,435.22,374.01,53.93,7.28,376.08,317.42,58.66,807.07,22.75,1.84,0.00,0.00
2014-03-18 18:00:00,176.84,139.32,34.46,3.06,157.92,120.44,37.48,638.66,20.80,1.32,0.00,0.00
2014-03-18 19:00:00,0.00,0.00,0.00,0.00,0.00,0.00,0.00,0.00,18.83,0.68,1.00,0.00
2014-03-18 20:00:00,0.00,0.00,0.00,0.00,0.00,0.00,0.00,0.00,17.87,0.20,1.00,0.00
2014-03-18 21:00:00,0.00,0.00,0.00,0.00,0.00,0.00,0.00,0.00,16.74,0.08,1.00,0.00
2014-03-18 22:00:00,0.00,0.00,0.00,0.00,0.00,0.00,0.00,0.00,15.20,0.21,1.00,0.00
2014-03-18 23:00:00,0.00,0.00,0.00,0.00,0.00,0.00,0.00,0.00,14.53,0.42,1.00,0.00
2014-03-19 00:00:00,0.00,0.00,0.00,0.00,0.00,0.00,0.00,0.00,13.25,0.41,1.00,0.00
2014-03-19 01:00:00,0.00,0.00,0.00,0.00,0.00,0.00,0.00,0.00,12.43,0.42,1.00,0.00
2014-03-19 02:00:00,0.00,0.00,0.00,0.00,0.00,0.00,0.00,0.00,11.55,0.44,1.00,0.00
2014-03-19 03:00:00,0.00,0.00,0.00,0.00,0.00,0.00,0.00,0.00,11.21,0.47,1.00,0.00
2014-03-19 04:00:00,0.00,0.00,0.00,0.00,0.00,0.00,0.00,0.00,10.32,0.40,1.00,0.00
2014-03-19 05:00:00,0.00,0.00,0.00,0.00,0.00,0.00,0.00,0.00,9.35,0.49,1.00,0.00
2014-03-19 06:00:00,0.00,0.00,0.00,0.00,0.00,0.00,0.00,0.00,10.78,0.33,1.00,0.00
2014-03-19 07:00:00,10.31,0.00,10.09,0.21,10.98,0.00,10.98,0.00,13.03,0.17,1.00,0.00
2014-03-19 08:00:00,264.66,218.32,41.87,4.47,230.88,185.34,45.54,727.96,16.27,0.39,0.00,0.00
2014-03-19 09:00:00,525.28,457.37,59.21,8.70,449.54,385.14,64.40,852.43,19.11,0.84,0.00,0.00
2014-03-19 10:00:00,753.49,669.36,71.74,12.39,640.02,561.98,78.04,908.55,21.50,1.13,0.00,0.00
2014-03-19 11:00:00,927.15,831.41,80.55,15.19,784.72,697.10,87.62,937.75,23.81,1.60,0.00,0.00
2014-03-19 12:00:00,1030.63,928.20,85.57,16.86,870.78,777.70,93.08,950.91,25.83,1.99,0.00,0.00
2014-03-19 13:00:00,1056.43,952.35,86.80,17.27,892.14,797.72,94.42,953.23,27.16,2.33,0.00,0.00
2014-03-19 14:00:00,1002.63,902.03,84.19,16.40,847.18,755.60,91.58,945.62,28.01,2.49,0.00,0.00
2014-03-19 15:00:00,873.09,780.97,77.81,14.31,739.06,654.42,84.64,925.65,27.18,2.61,0.00,0.00
2014-03-19 16:00:00,678.77,599.87,67.74,11.17,576.78,503.10,73.68,887.33,25.86,2.34,0.00,0.00
2014-03-19 17:00:00,437.40,376.32,53.82,7.26,374.84,316.30,58.54,814.20,24.04,1.67,0.00,0.00
2014-03-19 18:00:00,174.63,137.71,33.94,2.97,153.62,116.70,36.92,635.00,21.83,1.12,0.00,0.00
2014-03-19 19:00:00,0.00,0.00,0.00,0.00,0.00,0.00,0.00,0.00,19.58,0.38,1.00,0.00
2014-03-19 20:00:00,0.00,0.00,0.00,0.00,0.00,0.00,0.00,0.00,18.48,0.23,1.00,0.00
2014-03-19 21:00:00,0.00,0.00,0.00,0.00,0.00,0.00,0.00,0.00,17.20,0.58,1.00,0.00
2014-03-19 22:00:00,0.00,0.00,0.00,0.00,0.00,0.00,0.00,0.00,15.75,0.79,1.00,0.00
2014-03-19 23:00:00,0.00,0.00,0.00,0.00,0.00,0.00,0.00,0.00,15.38,0.97,1.00,0.00
2014-03-20 00:00:00,0.00,0.00,0.00,0.00,0.00,0.00,0.00,0.00,14.32,0.86,1.00,0.00
2014-03-20 01:00:00,0.00,0.00,0.00,0.00,0.00,0.00,0.00,0.00,13.49,0.85,1.00,0.00
2014-03-20 02:00:00,0.00,0.00,0.00,0.00,0.00,0.00,0.00,0.00,12.66,0.68,1.00,0.00
2014-03-20 03:00:00,0.00,0.00,0.00,0.00,0.00,0.00,0.00,0.00,12.45,0.62,1.00,0.00
2014-03-20 04:00:00,0.00,0.00,0.00,0.00,0.00,0.00,0.00,0.00,12.30,0.52,1.00,0.00
2014-03-20 05:00:00,0.00,0.00,0.00,0.00,0.00,0.00,0.00,0.00,11.28,0.50,1.00,0.00
2014-03-20 06:00:00,0.00,0.00,0.00,0.00,0.00,0.00,0.00,0.00,12.86,0.32,1.00,0.00
2014-03-20 07:00:00,9.63,0.00,9.43,0.20,10.26,0.00,10.26,0.00,14.74,0.13,1.00,0.00
2014-03-20 08:00:00,263.53,217.54,41.59,4.40,227.16,181.92,45.24,722.67,17.98,0.39,0.00,0.00
2014-03-20 09:00:00,524.77,457.12,59.02,8.63,445.90,381.70,64.20,850.39,21.19,0.81,0.00,0.00
2014-03-20 10:00:00,754.44,670.45,71.65,12.34,637.46,559.52,77.94,909.01,23.92,1.14,0.00,0.00
2014-03-20 11:00:00,929.89,834.19,80.53,15.17,783.50,695.90,87.60,940.28,26.51,1.53,0.00,0.00
2014-03-20 12:00:00,1033.49,931.10,85.55,16.84,869.62,776.56,93.06,953.63,28.27,1.97,0.00,0.00
2014-03-20 13:00:00,1059.22,955.19,86.79,17.25,890.90,796.50,94.40,956.16,29.79,2.35,0.00,0.00
2014-03-20 14:00:00,1005.10,904.59,84.14,16.37,845.70,754.18,91.52,948.72,30.91,2.47,0.00,0.00
2014-03-20 15:00:00,875.18,783.17,77.74,14.27,737.32,652.76,84.56,929.00,29.86,2.55,0.00,0.00
2014-03-20 16:00:00,680.40,601.63,67.64,11.13,574.84,501.26,73.58,891.33,28.33,2.46,0.00,0.00
2014-03-20 17:00:00,437.80,376.98,53.62,7.20,372.16,313.84,58.32,817.69,25.85,1.71,0.00,0.00
2014-03-20 18:00:00,173.29,136.89,33.50,2.91,150.08,113.64,36.44,634.95,23.31,1.04,0.00,0.00
2014-03-20 19:00:00,0.00,0.00,0.00,0.00,0.00,0.00,0.00,0.00,21.30,0.22,1.00,0.00
2014-03-20 20:00:00,0.00,0.00,0.00,0.00,0.00,0.00,0.00,0.00,19.98,0.22,1.00,0.00
2014-03-20 21:00:00,0.00,0.00,0.00,0.00,0.00,0.00,0.00,0.00,19.01,0.36,1.00,0.00
2014-03-20 22:00:00,0.00,0.00,0.00,0.00,0.00,0.00,0.00,0.00,17.24,0.87,1.00,0.00
2014-03-20 23:00:00,0.00,0.00,0.00,0.00,0.00,0.00,0.00,0.00,17.02,0.95,1.00,0.00
2014-03-21 00:00:00,0.00,0.00,0.00,0.00,0.00,0.00,0.00,0.00,15.23,1.04,1.00,0.00
2014-03-21 01:00:00,0.00,0.00,0.00,0.00,0.00,0.00,0.00,0.00,14.49,1.05,1.00,0.00
2014-03-21 02:00:00,0.00,0.00,0.00,0.00,0.00,0.00,0.00,0.00,13.71,0.90,1.00,0.00
2014-03-21 03:00:00,0.00,0.00,0.00,0.00,0.00,0.00,0.00,0.00,13.20,0.56,1.00,0.00
2014-03-21 04:00:00,0.00,0.00,0.00,0.00,0.00,0.00,0.00,0.00,12.74,0.41,1.00,0.00
2014-03-21 05:00:00,0.00,0.00,0.00,0.00,0.00,0.00,0.00,0.00,11.55,0.41,1.00,0.00
2014-03-21 06:00:00,0.00,0.00,0.00,0.00,0.00,0.00,0.00,0.00,12.96,0.28,1.00,0.00
2014-03-21 07:00:00,9.01,0.00,8.83,0.19,9.60,0.00,9.60,0.00,15.09,0.11,1.00,0.00
2014-03-21 08:00:00,267.46,221.52,41.54,4.41,227.74,182.56,45.18,733.09,18.05,0.35,0.00,0.00
2014-03-21 09:00:00,531.46,463.65,59.13,8.68,448.26,383.94,64.32,860.77,21.13,0.70,0.00,0.00
2014-03-21 10:00:00,762.94,678.73,71.80,12.41,641.06,562.96,78.10,919.34,23.74,1.20,0.00,0.00
2014-03-21 11:00:00,939.53,843.58,80.70,15.25,787.94,700.16,87.78,950.26,26.38,1.55,0.00,0.00
2014-03-21 12:00:00,1043.17,940.52,85.74,16.92,874.08,780.82,93.26,963.07,28.40,1.97,0.00,0.00
2014-03-21 13:00:00,1068.36,964.10,86.93,17.32,894.86,800.30,94.56,965.22,30.00,2.37,0.00,0.00
2014-03-21 14:00:00,1013.09,912.41,84.25,16.43,848.74,757.10,91.64,957.39,31.23,2.50,0.00,0.00
2014-03-21 15:00:00,881.58,789.50,77.78,14.31,739.10,654.50,84.60,937.46,32.22,2.49,0.00,0.00
2014-03-21 16:00:00,684.78,606.04,67.61,11.13,575.06,501.52,73.54,899.19,31.16,2.16,0.00,0.00
2014-03-21 17:00:00,439.97,379.32,53.47,7.18,370.80,312.64,58.16,824.97,28.67,1.44,0.00,0.00
2014-03-21 18:00:00,172.24,136.34,33.06,2.84,146.76,110.80,35.96,636.18,26.03,0.80,0.00,0.00
2014-03-21 19:00:00,0.00,0.00,0.00,0.00,0.00,0.00,0.00,0.00,23.40,0.45,1.00,0.00
2014-03-21 20:00:00,0.00,0.00,0.00,0.00,0.00,0.00,0.00,0.00,21.69,0.77,1.00,0.00
2014-03-21 21:00:00,0.00,0.00,0.00,0.00,0.00,0.00,0.00,0.00,20.11,0.97,1.00,0.00
2014-03-21 22:00:00,0.00,0.00,0.00,0.00,0.00,0.00,0.00,0.00,18.59,1.19,1.00,0.00
2014-03-21 23:00:00,0.00,0.00,0.00,0.00,0.00,0.00,0.00,0.00,17.30,1.15,1.00,0.00
2014-03-22 00:00:00,0.00,0.00,0.00,0.00,0.00,0.00,0.00,0.00,16.18,1.03,1.00,0.00
2014-03-22 01:00:00,0.00,0.00,0.00,0.00,0.00,0.00,0.00,0.00,15.13,0.99,1.00,0.00
2014-03-22 02:00:00,0.00,0.00,0.00,0.00,0.00,0.00,0.00,0.00,14.24,0.91,1.00,0.00
2014-03-22 03:00:00,0.00,0.00,0.00,0.00,0.00,0.00,0.00,0.00,12.58,0.87,1.00,0.00
2014-03-22 04:00:00,0.00,0.00,0.00,0.00,0.00,0.00,0.00,0.00,11.82,0.87,1.00,0.00
2014-03-22 05:00:00,0.00,0.00,0.00,0.00,0.00,0.00,0.00,0.00,10.66,0.85,1.00,0.00
2014-03-22 06:00:00,0.00,0.00,0.00,0.00,0.00,0.00,0.00,0.00,12.44,0.80,1.00,0.00
2014-03-22 07:00:00,8.45,0.00,8.27,0.17,9.00,0.00,9.00,0.00,15.46,0.58,1.00,0.00
2014-03-22 08:00:00,275.40,229.24,41.68,4.48,231.40,186.06,45.34,755.87,19.51,0.30,0.00,0.00
2014-03-22 09:00:00,543.68,475.43,59.44,8.81,455.02,390.36,64.66,881.03,24.31,0.35,0.00,0.00
2014-03-22 10:00:00,777.16,692.40,72.19,12.57,649.34,570.82,78.52,936.82,27.88,0.70,0.00,0.00
2014-03-22 11:00:00,954.53,858.01,81.10,15.42,796.76,708.54,88.22,965.98,31.08,1.04,0.00,0.00
2014-03-22 12:00:00,1056.35,953.22,86.07,17.06,881.28,787.66,93.62,975.96,33.25,1.38,0.00,0.00
2014-03-22 13:00:00,1078.82,974.26,87.13,17.42,899.84,805.06,94.78,975.58,34.73,1.74,0.00,0.00
2014-03-22 14:00:00,1020.42,919.61,84.34,16.48,851.20,759.46,91.74,965.48,33.90,2.09,0.00,0.00
2014-03-22 15:00:00,886.88,794.78,77.78,14.32,739.94,655.34,84.60,944.59,32.63,2.14,0.00,0.00
2014-03-22 16:00:00,687.96,609.36,67.48,11.12,574.28,500.88,73.40,905.59,30.84,2.02,0.00,0.00
2014-03-22 17:00:00,440.66,380.33,53.19,7.13,368.26,310.40,57.86,829.32,27.64,1.22,0.00,0.00
2014-03-22 18:00:00,171.72,136.35,32.58,2.78,143.80,108.36,35.44,640.51,24.44,0.60,0.00,0.00
2014-03-22 19:00:00,0.00,0.00,0.00,0.00,0.00,0.00,0.00,0.00,22.12,0.42,1.00,0.00
2014-03-22 20:00:00,0.00,0.00,0.00,0.00,0.00,0.00,0.00,0.00,20.13,0.67,1.00,0.00
2014-03-22 21:00:00,0.00,0.00,0.00,0.00,0.00,0.00,0.00,0.00,18.52,0.91,1.00,0.00
2014-03-22 22:00:00,0.00,0.00,0.00,0.00,0.00,0.00,0.00,0.00,17.39,1.10,1.00,0.00
2014-03-22 23:00:00,0.00,0.00,0.00,0.00,0.00,0.00,0.00,0.00,16.04,0.95,1.00,0.00
2014-03-23 00:00:00,0.00,0.00,0.00,0.00,0.00,0.00,0.00,0.00,15.13,0.89,1.00,0.00
2014-03-23 01:00:00,0.00,0.00,0.00,0.00,0.00,0.00,0.00,0.00,14.19,0.82,1.00,0.00
2014-03-23 02:00:00,0.00,0.00,0.00,0.00,0.00,0.00,0.00,0.00,13.31,0.71,1.00,0.00
2014-03-23 03:00:00,0.00,0.00,0.00,0.00,0.00,0.00,0.00,0.00,11.98,0.74,1.00,0.00
2014-03-23 04:00:00,0.00,0.00,0.00,0.00,0.00,0.00,0.00,0.00,11.61,0.66,1.00,0.00
2014-03-23 05:00:00,0.00,0.00,0.00,0.00,0.00,0.00,0.00,0.00,10.63,0.63,1.00,0.00
2014-03-23 06:00:00,0.00,0.00,0.00,0.00,0.00,0.00,0.00,0.00,11.60,0.54,1.00,0.00
2014-03-23 07:00:00,7.64,0.00,7.48,0.16,8.14,0.00,8.14,0.00,13.75,0.25,1.00,0.00
2014-03-23 08:00:00,269.36,223.95,41.08,4.33,223.72,179.04,44.68,735.44,17.14,0.17,0.00,0.00
2014-03-23 09:00:00,534.55,467.18,58.76,8.60,444.30,380.38,63.92,864.31,20.72,0.56,0.00,0.00
2014-03-23 10:00:00,765.66,681.90,71.43,12.32,636.38,558.68,77.70,921.72,23.39,0.89,0.00,0.00
2014-03-23 11:00:00,941.44,846.00,80.29,15.15,782.38,695.04,87.34,952.05,25.76,1.30,0.00,0.00
2014-03-23 12:00:00,1042.31,940.34,85.20,16.77,866.12,773.44,92.68,962.66,27.47,1.61,0.00,0.00
2014-03-23 13:00:00,1064.54,961.15,86.27,17.12,884.44,790.60,93.84,962.68,28.74,2.01,0.00,0.00
2014-03-23 14:00:00,1006.57,906.91,83.48,16.19,836.20,745.40,90.80,952.72,29.48,2.24,0.00,0.00
2014-03-23 15:00:00,874.30,783.29,76.95,14.06,726.10,642.40,83.70,931.87,28.48,2.30,0.00,0.00
2014-03-23 16:00:00,677.07,599.48,66.71,10.88,561.96,489.40,72.56,892.35,27.11,2.21,0.00,0.00
2014-03-23 17:00:00,432.01,372.62,52.46,6.93,358.08,301.02,57.06,814.84,24.72,1.40,0.00,0.00
2014-03-23 18:00:00,166.49,132.01,31.83,2.66,137.16,102.54,34.62,623.88,21.79,0.82,0.00,0.00
2014-03-23 19:00:00,0.00,0.00,0.00,0.00,0.00,0.00,0.00,0.00,19.66,0.20,1.00,0.00
2014-03-23 20:00:00,0.00,0.00,0.00,0.00,0.00,0.00,0.00,0.00,18.02,0.37,1.00,0.00
2014-03-23 21:00:00,0.00,0.00,0.00,0.00,0.00,0.00,0.00,0.00,16.72,0.62,1.00,0.00
2014-03-23 22:00:00,0.00,0.00,0.00,0.00,0.00,0.00,0.00,0.00,15.53,0.76,1.00,0.00
2014-03-23 23:00:00,0.00,0.00,0.00,0.00,0.00,0.00,0.00,0.00,14.70,0.67,1.00,0.00
2014-03-24 00:00:00,0.00,0.00,0.00,0.00,0.00,0.00,0.00,0.00,13.65,0.67,1.00,0.00
2014-03-24 01:00:00,0.00,0.00,0.00,0.00,0.00,0.00,0.00,0.00,12.94,0.64,1.00,0.00
2014-03-24 02:00:00,0.00,0.00,0.00,0.00,0.00,0.00,0.00,0.00,12.15,0.51,1.00,0.00
2014-03-24 03:00:00,0.00,0.00,0.00,0.00,0.00,0.00,0.00,0.00,11.44,0.54,1.00,0.00
2014-03-24 04:00:00,0.00,0.00,0.00,0.00,0.00,0.00,0.00,0.00,10.92,0.46,1.00,0.00
2014-03-24 05:00:00,0.00,0.00,0.00,0.00,0.00,0.00,0.00,0.00,10.00,0.53,1.00,0.00
2014-03-24 06:00:00,0.00,0.00,0.00,0.00,0.00,0.00,0.00,0.00,11.20,0.47,1.00,0.00
2014-03-24 07:00:00,6.89,0.00,6.75,0.14,7.34,0.00,7.34,0.00,13.10,0.25,1.00,0.00
2014-03-24 08:00:00,267.94,222.95,40.73,4.26,219.80,175.50,44.30,729.53,16.93,0.22,0.00,0.00
2014-03-24 09:00:00,532.01,465.10,58.41,8.50,438.98,375.44,63.54,858.90,20.42,0.60,0.00,0.00
2014-03-24 10:00:00,761.04,677.85,71.01,12.18,629.14,551.90,77.24,915.36,23.10,0.94,0.00,0.00
2014-03-24 11:00:00,934.43,839.68,79.78,14.97,773.14,686.36,86.78,944.50,25.69,1.33,0.00,0.00
2014-03-24 12:00:00,1033.74,932.54,84.63,16.56,855.54,763.48,92.06,954.60,27.62,1.73,0.00,0.00
2014-03-24 13:00:00,1054.86,952.32,85.65,16.90,873.00,779.84,93.16,954.11,28.83,2.16,0.00,0.00
2014-03-24 14:00:00,996.38,897.59,82.83,15.96,824.30,734.20,90.10,943.54,28.37,2.41,0.00,0.00
2014-03-24 15:00:00,862.99,772.96,76.21,13.81,713.36,630.46,82.90,920.65,27.58,2.49,0.00,0.00
2014-03-24 16:00:00,665.78,589.22,65.92,10.64,549.46,477.76,71.70,878.62,26.28,2.26,0.00,0.00
2014-03-24 17:00:00,422.15,363.77,51.67,6.72,347.04,290.84,56.20,797.80,24.08,1.53,0.00,0.00
2014-03-24 18:00:00,160.20,126.73,30.96,2.51,129.82,96.14,33.68,603.27,21.78,0.79,0.00,0.00
2014-03-24 19:00:00,0.00,0.00,0.00,0.00,0.00,0.00,0.00,0.00,20.00,0.21,1.00,0.00
2014-03-24 20:00:00,0.00,0.00,0.00,0.00,0.00,0.00,0.00,0.00,18.69,0.24,1.00,0.00
2014-03-24 21:00:00,0.00,0.00,0.00,0.00,0.00,0.00,0.00,0.00,17.52,0.50,1.00,0.00
2014-03-24 22:00:00,0.00,0.00,0.00,0.00,0.00,0.00,0.00,0.00,16.51,0.55,1.00,0.00
2014-03-24 23:00:00,0.00,0.00,0.00,0.00,0.00,0.00,0.00,0.00,15.34,0.73,1.00,0.00
2014-03-25 00:00:00,0.00,0.00,0.00,0.00,0.00,0.00,0.00,0.00,14.67,0.55,1.00,0.00
2014-03-25 01:00:00,0.00,0.00,0.00,0.00,0.00,0.00,0.00,0.00,13.75,0.52,1.00,0.00
2014-03-25 02:00:00,0.00,0.00,0.00,0.00,0.00,0.00,0.00,0.00,12.90,0.59,1.00,0.00
2014-03-25 03:00:00,0.00,0.00,0.00,0.00,0.00,0.00,0.00,0.00,11.66,0.61,1.00,0.00
2014-03-25 04:00:00,0.00,0.00,0.00,0.00,0.00,0.00,0.00,0.00,10.71,0.62,1.00,0.00
2014-03-25 05:00:00,0.00,0.00,0.00,0.00,0.00,0.00,0.00,0.00,9.62,0.61,1.00,0.00
2014-03-25 06:00:00,0.00,0.00,0.00,0.00,0.00,0.00,0.00,0.00,11.21,0.55,1.00,0.00
2014-03-25 07:00:00,6.16,0.00,6.03,0.13,6.56,0.00,6.56,0.00,12.98,0.30,1.00,0.00
2014-03-25 08:00:00,266.69,222.16,40.34,4.18,216.14,172.26,43.88,724.22,17.27,0.09,0.00,0.00
2014-03-25 09:00:00,530.70,464.25,58.03,8.42,434.76,371.64,63.12,855.75,20.69,0.49,0.00,0.00
2014-03-25 10:00:00,760.28,677.54,70.64,12.10,625.14,548.30,76.84,914.04,23.74,0.81,0.00,0.00
2014-03-25 11:00:00,934.39,840.08,79.41,14.90,769.50,683.12,86.38,944.57,26.27,1.17,0.00,0.00
2014-03-25 12:00:00,1033.95,933.15,84.30,16.50,852.06,760.36,91.70,955.22,28.39,1.53,0.00,0.00
2014-03-25 13:00:00,1055.11,952.95,85.33,16.83,869.58,776.76,92.82,955.07,29.67,1.95,0.00,0.00
2014-03-25 14:00:00,996.60,898.19,82.52,15.89,820.92,731.16,89.76,944.85,28.89,2.27,0.00,0.00
2014-03-25 15:00:00,863.76,774.03,75.97,13.75,710.48,627.84,82.64,923.01,27.75,2.25,0.00,0.00
2014-03-25 16:00:00,666.59,590.31,65.70,10.59,546.76,475.30,71.46,881.71,26.13,2.15,0.00,0.00
2014-03-25 17:00:00,422.25,364.20,51.39,6.66,344.08,288.18,55.90,801.23,23.61,1.55,0.00,0.00
2014-03-25 18:00:00,156.66,123.91,30.34,2.41,124.72,91.72,33.00,593.51,20.92,0.80,0.00,0.00
2014-03-25 19:00:00,0.00,0.00,0.00,0.00,0.00,0.00,0.00,0.00,18.81,0.35,1.00,0.00
2014-03-25 20:00:00,0.00,0.00,0.00,0.00,0.00,0.00,0.00,0.00,17.24,0.37,1.00,0.00
2014-03-25 21:00:00,0.00,0.00,0.00,0.00,0.00,0.00,0.00,0.00,15.81,0.52,1.00,0.00
2014-03-25 22:00:00,0.00,0.00,0.00,0.00,0.00,0.00,0.00,0.00,14.79,0.60,1.00,0.00
2014-03-25 23:00:00,0.00,0.00,0.00,0.00,0.00,0.00,0.00,0.00,13.57,0.66,1.00,0.00
2014-03-26 00:00:00,0.00,0.00,0.00,0.00,0.00,0.00,0.00,0.00,12.79,0.57,1.00,0.00
2014-03-26 01:00:00,0.00,0.00,0.00,0.00,0.00,0.00,0.00,0.00,11.82,0.55,1.00,0.00
2014-03-26 02:00:00,0.00,0.00,0.00,0.00,0.00,0.00,0.00,0.00,10.92,0.53,1.00,0.00
2014-03-26 03:00:00,0.00,0.00,0.00,0.00,0.00,0.00,0.00,0.00,9.86,0.53,1.00,0.00
2014-03-26 04:00:00,0.00,0.00,0.00,0.00,0.00,0.00,0.00,0.00,9.10,0.52,1.00,0.00
2014-03-26 05:00:00,0.00,0.00,0.00,0.00,0.00,0.00,0.00,0.00,8.13,0.54,1.00,0.00
2014-03-26 06:00:00,0.00,0.00,0.00,0.00,0.00,0.00,0.00,0.00,9.41,0.40,1.00,0.00
2014-03-26 07:00:00,5.33,0.00,5.22,0.11,5.68,0.00,5.68,0.00,11.16,0.15,1.00,0.00
2014-03-26 08:00:00,260.40,216.70,39.66,4.04,208.54,165.40,43.14,703.91,14.24,0.20,0.00,0.00
2014-03-26 09:00:00,520.33,454.88,57.26,8.20,423.32,361.04,62.28,837.10,17.10,0.60,0.00,0.00
2014-03-26 10:00:00,746.31,664.73,69.76,11.82,610.48,534.60,75.88,896.01,19.84,0.95,0.00,0.00
2014-03-26 11:00:00,917.34,824.34,78.44,14.56,752.18,666.86,85.32,926.58,22.01,1.35,0.00,0.00
2014-03-26 12:00:00,1016.37,916.92,83.29,16.15,834.28,743.68,90.60,938.65,23.74,1.71,0.00,0.00
2014-03-26 13:00:00,1038.20,937.36,84.34,16.50,852.26,760.52,91.74,939.82,24.93,2.06,0.00,0.00
2014-03-26 14:00:00,980.97,883.82,81.56,15.58,804.70,715.98,88.72,930.43,24.49,2.39,0.00,0.00
2014-03-26 15:00:00,849.43,760.93,75.04,13.46,695.46,613.84,81.62,908.43,23.50,2.46,0.00,0.00
2014-03-26 16:00:00,654.28,579.14,64.81,10.33,533.56,463.06,70.50,866.58,22.29,2.32,0.00,0.00
2014-03-26 17:00:00,412.58,355.56,50.56,6.45,333.34,278.34,55.00,784.54,20.33,1.68,0.00,0.00
2014-03-26 18:00:00,151.50,119.66,29.55,2.29,118.52,86.38,32.14,576.99,18.07,0.97,0.00,0.00
2014-03-26 19:00:00,0.00,0.00,0.00,0.00,0.00,0.00,0.00,0.00,16.24,0.40,1.00,0.00
2014-03-26 20:00:00,0.00,0.00,0.00,0.00,0.00,0.00,0.00,0.00,14.89,0.13,1.00,0.00
2014-03-26 21:00:00,0.00,0.00,0.00,0.00,0.00,0.00,0.00,0.00,13.65,0.26,1.00,0.00
2014-03-26 22:00:00,0.00,0.00,0.00,0.00,0.00,0.00,0.00,0.00,12.64,0.31,1.00,0.00
2014-03-26 23:00:00,0.00,0.00,0.00,0.00,0.00,0.00,0.00,0.00,11.53,0.41,1.00,0.00
2014-03-27 00:00:00,0.00,0.00,0.00,0.00,0.00,0.00,0.00,0.00,10.54,0.39,1.00,0.00
2014-03-27 01:00:00,0.00,0.00,0.00,0.00,0.00,0.00,0.00,0.00,9.64,0.39,1.00,0.00
2014-03-27 02:00:00,0.00,0.00,0.00,0.00,0.00,0.00,0.00,0.00,8.84,0.46,1.00,0.00
2014-03-27 03:00:00,0.00,0.00,0.00,0.00,0.00,0.00,0.00,0.00,8.17,0.43,1.00,0.00
2014-03-27 04:00:00,0.00,0.00,0.00,0.00,0.00,0.00,0.00,0.00,7.51,0.46,1.00,0.00
2014-03-27 05:00:00,0.00,0.00,0.00,0.00,0.00,0.00,0.00,0.00,6.74,0.49,1.00,0.00
2014-03-27 06:00:00,0.00,0.00,0.00,0.00,0.00,0.00,0.00,0.00,8.00,0.39,1.00,0.00
2014-03-27 07:00:00,4.67,0.00,4.58,0.10,4.98,0.00,4.98,0.00,9.60,0.16,1.00,0.00
2014-03-27 08:00:00,262.51,218.96,39.53,4.02,207.58,164.58,43.00,708.61,13.02,0.16,0.00,0.00
2014-03-27 09:00:00,525.06,459.60,57.26,8.21,423.94,361.66,62.28,844.40,16.19,0.51,0.00,0.00
2014-03-27 10:00:00,753.34,671.60,69.87,11.86,612.80,536.80,76.00,904.59,18.78,0.95,0.00,0.00
2014-03-27 11:00:00,926.10,832.83,78.64,14.63,755.76,670.22,85.54,935.83,21.07,1.39,0.00,0.00
2014-03-27 12:00:00,1025.47,925.75,83.49,16.22,838.08,747.26,90.82,947.77,22.90,1.80,0.00,0.00
2014-03-27 13:00:00,1046.46,945.38,84.52,16.56,855.48,763.54,91.94,948.26,23.95,2.24,0.00,0.00
2014-03-27 14:00:00,988.21,890.91,81.67,15.62,807.04,718.20,88.84,938.64,23.51,2.49,0.00,0.00
2014-03-27 15:00:00,855.87,767.26,75.11,13.50,697.16,615.46,81.70,917.13,22.61,2.64,0.00,0.00
2014-03-27 16:00:00,658.84,583.70,64.81,10.34,533.90,463.40,70.50,875.21,21.45,2.39,0.00,0.00
2014-03-27 17:00:00,414.99,358.12,50.43,6.43,332.26,277.40,54.86,792.47,19.61,1.60,0.00,0.00
2014-03-27 18:00:00,148.98,117.84,28.92,2.21,114.26,82.80,31.46,572.21,17.44,0.70,0.00,0.00
2014-03-27 19:00:00,0.00,0.00,0.00,0.00,0.00,0.00,0.00,0.00,15.60,0.28,1.00,0.00
2014-03-27 20:00:00,0.00,0.00,0.00,0.00,0.00,0.00,0.00,0.00,14.48,0.18,1.00,0.00
2014-03-27 21:00:00,0.00,0.00,0.00,0.00,0.00,0.00,0.00,0.00,13.20,0.60,1.00,0.00
2014-03-27 22:00:00,0.00,0.00,0.00,0.00,0.00,0.00,0.00,0.00,12.04,0.53,1.00,0.00
2014-03-27 23:00:00,0.00,0.00,0.00,0.00,0.00,0.00,0.00,0.00,10.88,0.82,1.00,0.00
2014-03-28 00:00:00,0.00,0.00,0.00,0.00,0.00,0.00,0.00,0.00,9.97,0.55,1.00,0.00
2014-03-28 01:00:00,0.00,0.00,0.00,0.00,0.00,0.00,0.00,0.00,9.16,0.46,1.00,0.00
2014-03-28 02:00:00,0.00,0.00,0.00,0.00,0.00,0.00,0.00,0.00,8.25,0.60,1.00,0.00
2014-03-28 03:00:00,0.00,0.00,0.00,0.00,0.00,0.00,0.00,0.00,7.74,0.67,1.00,0.00
2014-03-28 04:00:00,0.00,0.00,0.00,0.00,0.00,0.00,0.00,0.00,8.63,0.58,1.00,0.00
2014-03-28 05:00:00,0.00,0.00,0.00,0.00,0.00,0.00,0.00,0.00,9.38,0.49,1.00,0.00
2014-03-28 06:00:00,0.00,0.00,0.00,0.00,0.00,0.00,0.00,0.00,10.57,0.41,1.00,0.00
2014-03-28 07:00:00,4.09,0.00,4.01,0.08,4.36,0.00,4.36,0.00,12.42,0.19,1.00,0.00
2014-03-28 08:00:00,268.15,224.51,39.59,4.05,209.18,166.12,43.06,724.24,15.91,0.27,0.00,0.00
2014-03-28 09:00:00,532.73,467.05,57.42,8.26,426.82,364.36,62.46,856.70,18.61,0.61,0.00,0.00
2014-03-28 10:00:00,760.81,678.86,70.03,11.91,615.38,539.20,76.18,913.61,21.41,0.98,0.00,0.00
2014-03-28 11:00:00,931.71,838.34,78.71,14.65,756.86,671.24,85.62,941.75,23.48,1.44,0.00,0.00
2014-03-28 12:00:00,1027.84,928.21,83.44,16.19,836.52,745.76,90.76,950.41,24.86,1.88,0.00,0.00
2014-03-28 13:00:00,1046.13,945.27,84.38,16.49,851.66,759.88,91.78,948.61,25.76,2.25,0.00,0.00
2014-03-28 14:00:00,985.07,888.13,81.43,15.51,801.02,712.44,88.58,936.50,25.08,2.49,0.00,0.00
2014-03-28 15:00:00,853.00,764.72,74.89,13.39,691.50,610.04,81.46,915.24,24.22,2.60,0.00,0.00
2014-03-28 16:00:00,656.36,581.55,64.57,10.23,528.64,458.40,70.24,873.59,23.07,2.36,0.00,0.00
2014-03-28 17:00:00,412.56,356.08,50.14,6.34,327.36,272.82,54.54,790.47,21.15,1.60,0.00,0.00
2014-03-28 18:00:00,146.84,116.23,28.46,2.14,110.44,79.48,30.96,568.26,18.72,0.79,0.00,0.00
2014-03-28 19:00:00,0.00,0.00,0.00,0.00,0.00,0.00,0.00,0.00,16.82,0.32,1.00,0.00
2014-03-28 20:00:00,0.00,0.00,0.00,0.00,0.00,0.00,0.00,0.00,15.39,0.08,1.00,0.00
2014-03-28 21:00:00,0.00,0.00,0.00,0.00,0.00,0.00,0.00,0.00,14.18,0.12,1.00,0.00
2014-03-28 22:00:00,0.00,0.00,0.00,0.00,0.00,0.00,0.00,0.00,12.87,0.26,1.00,0.00
2014-03-28 23:00:00,0.00,0.00,0.00,0.00,0.00,0.00,0.00,0.00,12.03,0.50,1.00,0.00
2014-03-29 00:00:00,0.00,0.00,0.00,0.00,0.00,0.00,0.00,0.00,10.83,0.44,1.00,0.00
2014-03-29 01:00:00,0.00,0.00,0.00,0.00,0.00,0.00,0.00,0.00,9.90,0.43,1.00,0.00
2014-03-29 02:00:00,0.00,0.00,0.00,0.00,0.00,0.00,0.00,0.00,9.00,0.50,1.00,0.00
2014-03-29 03:00:00,0.00,0.00,0.00,0.00,0.00,0.00,0.00,0.00,8.30,0.45,1.00,0.00
2014-03-29 04:00:00,0.00,0.00,0.00,0.00,0.00,0.00,0.00,0.00,7.70,0.40,1.00,0.00
2014-03-29 05:00:00,0.00,0.00,0.00,0.00,0.00,0.00,0.00,0.00,6.72,0.42,1.00,0.00
2014-03-29 06:00:00,0.00,0.00,0.00,0.00,0.00,0.00,0.00,0.00,7.97,0.34,1.00,0.00
2014-03-29 07:00:00,3.36,0.00,3.29,0.07,3.58,0.00,3.58,0.00,9.68,0.12,1.00,0.00
2014-03-29 08:00:00,64.47,2.22,60.93,1.31,67.90,1.62,66.28,7.15,12.98,0.29,0.00,1.00
2014-03-29 09:00:00,132.04,4.63,124.72,2.70,139.24,3.58,135.66,8.48,15.89,0.51,0.00,1.00
2014-03-29 10:00:00,308.31,6.74,295.25,6.32,326.48,5.32,321.16,9.06,18.30,1.09,0.00,1.00
2014-03-29 11:00:00,927.22,834.47,78.24,14.52,749.76,664.66,85.10,937.19,20.57,1.44,0.00,0.00
2014-03-29 12:00:00,1023.08,924.07,82.96,16.05,829.20,738.96,90.24,946.33,22.15,1.96,0.00,0.00
2014-03-29 13:00:00,1041.11,940.93,83.84,16.34,844.12,752.92,91.20,944.75,23.13,2.37,0.00,0.00
2014-03-29 14:00:00,980.43,884.16,80.90,15.37,793.76,705.76,88.00,933.16,22.35,2.75,0.00,0.00
2014-03-29 15:00:00,846.34,758.86,74.26,13.22,682.70,601.92,80.78,909.47,21.25,2.93,0.00,0.00
2014-03-29 16:00:00,648.94,574.99,63.89,10.06,519.50,450.00,69.50,865.44,19.97,2.79,0.00,0.00
2014-03-29 17:00:00,35.24,3.48,31.06,0.71,36.42,2.64,33.78,7.76,18.25,2.42,0.00,1.00
2014-03-29 18:00:00,142.35,112.63,27.69,2.03,104.98,74.86,30.12,554.42,16.84,1.78,0.00,0.00
2014-03-29 19:00:00,0.00,0.00,0.00,0.00,0.00,0.00,0.00,0.00,15.87,1.09,1.00,0.00
2014-03-29 20:00:00,0.00,0.00,0.00,0.00,0.00,0.00,0.00,0.00,15.30,0.68,1.00,0.00
2014-03-29 21:00:00,0.00,0.00,0.00,0.00,0.00,0.00,0.00,0.00,14.92,0.58,1.00,0.00
2014-03-29 22:00:00,0.00,0.00,0.00,0.00,0.00,0.00,0.00,0.00,14.08,0.41,1.00,0.00
2014-03-29 23:00:00,0.00,0.00,0.00,0.00,0.00,0.00,0.00,0.00,14.33,0.40,1.00,0.00
2014-03-30 00:00:00,0.00,0.00,0.00,0.00,0.00,0.00,0.00,0.00,13.69,0.44,1.00,0.00
2014-03-30 01:00:00,0.00,0.00,0.00,0.00,0.00,0.00,0.00,0.00,13.67,0.55,1.00,0.00
2014-03-30 02:00:00,0.00,0.00,0.00,0.00,0.00,0.00,0.00,0.00,13.55,0.65,1.00,0.00
2014-03-30 03:00:00,0.00,0.00,0.00,0.00,0.00,0.00,0.00,0.00,13.86,0.70,1.00,0.00
2014-03-30 04:00:00,0.00,0.00,0.00,0.00,0.00,0.00,0.00,0.00,13.10,0.61,1.00,0.00
2014-03-30 05:00:00,0.00,0.00,0.00,0.00,0.00,0.00,0.00,0.00,11.71,0.57,1.00,0.00
2014-03-30 06:00:00,0.00,0.00,0.00,0.00,0.00,0.00,0.00,0.00,10.32,0.39,1.00,0.00
2014-03-30 07:00:00,2.68,0.00,2.63,0.06,2.86,0.00,2.86,0.00,10.71,0.68,1.00,0.00
2014-03-30 08:00:00,63.17,2.18,59.70,1.29,66.50,1.56,64.94,6.97,14.26,0.73,0.00,1.00
2014-03-30 09:00:00,154.56,4.56,146.84,3.16,163.22,3.50,159.72,8.35,16.26,1.07,0.00,1.00
2014-03-30 10:00:00,743.81,663.45,68.84,11.52,595.26,520.38,74.88,891.76,18.53,1.40,0.00,0.00
2014-03-30 11:00:00,383.81,8.20,367.73,7.87,406.50,6.50,400.00,9.21,20.48,1.74,0.00,1.00
2014-03-30 12:00:00,459.29,12.14,437.75,9.41,485.82,9.66,476.16,12.43,21.80,2.06,0.00,1.00
2014-03-30 13:00:00,535.80,17.98,506.87,10.95,565.66,14.32,551.34,18.06,22.69,2.45,0.00,1.00
2014-03-30 14:00:00,516.02,16.14,489.33,10.55,545.08,12.82,532.26,17.05,21.72,2.91,0.00,1.00
2014-03-30 15:00:00,836.44,749.80,73.64,13.00,671.52,591.42,80.10,899.85,20.08,3.04,0.00,0.00
2014-03-30 16:00:00,641.03,567.82,63.34,9.87,510.08,441.18,68.90,856.35,18.43,2.91,0.00,0.00
2014-03-30 17:00:00,399.33,344.41,48.89,6.03,311.24,258.06,53.18,769.29,16.71,2.52,0.00,0.00
2014-03-30 18:00:00,136.61,107.83,26.86,1.91,98.76,69.54,29.22,534.89,15.26,1.86,0.00,0.00
2014-03-30 19:00:00,0.00,0.00,0.00,0.00,0.00,0.00,0.00,0.00,14.44,1.07,1.00,0.00
2014-03-30 20:00:00,0.00,0.00,0.00,0.00,0.00,0.00,0.00,0.00,12.92,0.62,1.00,0.00
2014-03-30 21:00:00,0.00,0.00,0.00,0.00,0.00,0.00,0.00,0.00,11.98,0.61,1.00,0.00
2014-03-30 22:00:00,0.00,0.00,0.00,0.00,0.00,0.00,0.00,0.00,11.16,0.22,1.00,0.00
2014-03-30 23:00:00,0.00,0.00,0.00,0.00,0.00,0.00,0.00,0.00,10.12,0.06,1.00,0.00
2014-03-31 00:00:00,0.00,0.00,0.00,0.00,0.00,0.00,0.00,0.00,9.17,0.13,1.00,0.00
2014-03-31 01:00:00,0.00,0.00,0.00,0.00,0.00,0.00,0.00,0.00,8.43,0.13,1.00,0.00
2014-03-31 02:00:00,0.00,0.00,0.00,0.00,0.00,0.00,0.00,0.00,7.79,0.13,1.00,0.00
2014-03-31 03:00:00,0.00,0.00,0.00,0.00,0.00,0.00,0.00,0.00,7.34,0.24,1.00,0.00
2014-03-31 04:00:00,0.00,0.00,0.00,0.00,0.00,0.00,0.00,0.00,7.95,0.19,1.00,0.00
2014-03-31 05:00:00,0.00,0.00,0.00,0.00,0.00,0.00,0.00,0.00,8.37,0.20,1.00,0.00
2014-03-31 06:00:00,0.00,0.00,0.00,0.00,0.00,0.00,0.00,0.00,8.87,0.16,1.00,0.00
2014-03-31 07:00:00,0.32,0.00,0.31,0.01,0.34,0.00,0.34,0.00,9.68,0.34,1.00,1.00
2014-03-31 08:00:00,47.01,2.18,43.87,0.95,49.26,1.54,47.72,6.97,11.89,0.48,0.00,1.00
2014-03-31 09:00:00,169.89,4.58,161.84,3.48,179.52,3.48,176.04,8.36,14.27,0.80,0.00,1.00
2014-03-31 10:00:00,288.44,6.70,275.84,5.91,305.26,5.22,300.04,9.00,16.36,1.25,0.00,1.00
2014-03-31 11:00:00,420.09,9.72,401.77,8.61,444.68,7.66,437.02,10.91,18.13,1.56,0.00,1.00
2014-03-31 12:00:00,514.19,16.18,487.49,10.51,543.08,12.82,530.26,16.58,19.56,1.88,0.00,1.00
2014-03-31 13:00:00,530.29,17.59,501.87,10.84,559.84,13.94,545.90,17.68,20.68,2.24,0.00,1.00
2014-03-31 14:00:00,241.84,8.83,228.07,4.94,255.06,6.98,248.08,9.34,21.31,2.67,0.00,1.00
2014-03-31 15:00:00,253.46,7.57,240.70,5.18,267.76,5.94,261.82,9.10,20.60,2.66,0.00,1.00
2014-03-31 16:00:00,188.13,5.73,178.55,3.85,198.64,4.42,194.22,8.66,19.60,2.48,0.00,1.00
2014-03-31 17:00:00,102.92,3.48,97.34,2.10,108.46,2.58,105.88,7.81,17.60,1.83,0.00,1.00
2014-03-31 18:00:00,134.95,106.85,26.26,1.85,95.36,66.80,28.56,533.72,15.86,1.12,0.00,0.00
2014-03-31 19:00:00,0.00,0.00,0.00,0.00,0.00,0.00,0.00,0.00,14.17,0.46,1.00,0.00
2014-03-31 20:00:00,0.00,0.00,0.00,0.00,0.00,0.00,0.00,0.00,12.78,0.14,1.00,0.00
2014-03-31 21:00:00,0.00,0.00,0.00,0.00,0.00,0.00,0.00,0.00,11.67,0.06,1.00,0.00
2014-03-31 22:00:00,0.00,0.00,0.00,0.00,0.00,0.00,0.00,0.00,10.87,0.31,1.00,0.00
2014-03-31 23:00:00,0.00,0.00,0.00,0.00,0.00,0.00,0.00,0.00,10.04,0.28,1.00,0.00
2008-04-01 00:00:00,0.00,0.00,0.00,0.00,0.00,0.00,0.00,0.00,11.13,0.53,1.00,0.00
2008-04-01 01:00:00,0.00,0.00,0.00,0.00,0.00,0.00,0.00,0.00,9.77,0.57,1.00,0.00
2008-04-01 02:00:00,0.00,0.00,0.00,0.00,0.00,0.00,0.00,0.00,8.39,0.60,1.00,0.00
2008-04-01 03:00:00,0.00,0.00,0.00,0.00,0.00,0.00,0.00,0.00,9.14,0.60,1.00,0.00
2008-04-01 04:00:00,0.00,0.00,0.00,0.00,0.00,0.00,0.00,0.00,9.61,0.52,1.00,0.00
2008-04-01 05:00:00,0.00,0.00,0.00,0.00,0.00,0.00,0.00,0.00,10.14,0.50,1.00,0.00
2008-04-01 06:00:00,0.00,0.00,0.00,0.00,0.00,0.00,0.00,0.00,10.71,0.40,1.00,0.00
2008-04-01 07:00:00,0.09,0.00,0.09,0.00,0.10,0.00,0.10,0.00,11.92,0.20,1.00,1.00
2008-04-01 08:00:00,271.21,228.84,38.50,3.86,199.58,157.70,41.88,727.46,14.80,0.09,0.00,0.00
2008-04-01 09:00:00,541.11,476.20,56.80,8.12,419.26,357.48,61.78,868.02,18.29,0.48,0.00,0.00
2008-04-01 10:00:00,773.18,691.76,69.61,11.81,610.00,534.28,75.72,928.48,21.12,0.81,0.00,0.00
2008-04-01 11:00:00,947.06,854.05,78.42,14.59,753.42,668.12,85.30,958.85,23.30,1.20,0.00,0.00
2008-04-01 12:00:00,1046.19,946.76,83.25,16.17,835.24,744.68,90.56,970.55,24.99,1.61,0.00,0.00
2008-04-01 13:00:00,1065.73,965.05,84.19,16.48,851.36,759.78,91.58,971.10,26.32,1.96,0.00,0.00
2008-04-01 14:00:00,1004.58,907.88,81.20,15.50,800.72,712.40,88.32,961.51,27.17,2.20,0.00,0.00
2008-04-01 15:00:00,866.55,778.90,74.36,13.29,686.72,605.84,80.88,938.04,26.56,2.32,0.00,0.00
2008-04-01 16:00:00,663.64,589.89,63.69,10.05,519.34,450.06,69.28,894.18,25.45,2.10,0.00,0.00
2008-04-01 17:00:00,412.46,357.67,48.72,6.07,313.46,260.46,53.00,805.33,22.61,1.31,0.00,0.00
2008-04-01 18:00:00,136.56,109.19,25.58,1.80,92.96,65.14,27.82,550.96,20.37,0.76,0.00,0.00
2008-04-01 19:00:00,0.00,0.00,0.00,0.00,0.00,0.00,0.00,0.00,17.87,0.22,1.00,0.00
2008-04-01 20:00:00,0.00,0.00,0.00,0.00,0.00,0.00,0.00,0.00,16.44,0.43,1.00,0.00
2008-04-01 21:00:00,0.00,0.00,0.00,0.00,0.00,0.00,0.00,0.00,15.02,0.83,1.00,0.00
2008-04-01 22:00:00,0.00,0.00,0.00,0.00,0.00,0.00,0.00,0.00,13.56,0.88,1.00,0.00
2008-04-01 23:00:00,0.00,0.00,0.00,0.00,0.00,0.00,0.00,0.00,12.91,1.01,1.00,0.00
2008-04-02 00:00:00,0.00,0.00,0.00,0.00,0.00,0.00,0.00,0.00,11.67,0.86,1.00,0.00
2008-04-02 01:00:00,0.00,0.00,0.00,0.00,0.00,0.00,0.00,0.00,10.96,0.84,1.00,0.00
2008-04-02 02:00:00,0.00,0.00,0.00,0.00,0.00,0.00,0.00,0.00,10.25,0.75,1.00,0.00
2008-04-02 03:00:00,0.00,0.00,0.00,0.00,0.00,0.00,0.00,0.00,9.64,0.76,1.00,0.00
2008-04-02 04:00:00,0.00,0.00,0.00,0.00,0.00,0.00,0.00,0.00,8.92,0.67,1.00,0.00
2008-04-02 05:00:00,0.00,0.00,0.00,0.00,0.00,0.00,0.00,0.00,8.39,0.69,1.00,0.00
2008-04-02 06:00:00,0.00,0.00,0.00,0.00,0.00,0.00,0.00,0.00,9.53,0.58,1.00,0.00
2008-04-02 07:00:00,0.36,0.00,0.35,0.01,0.38,0.00,0.38,0.00,11.62,0.34,1.00,0.00
2008-04-02 08:00:00,260.31,219.04,37.60,3.67,189.42,148.52,40.90,693.85,15.94,0.08,0.00,0.00
2008-04-02 09:00:00,523.40,459.94,55.66,7.80,402.74,342.20,60.54,837.39,19.59,0.48,0.00,0.00
2008-04-02 10:00:00,748.79,669.22,68.20,11.38,587.84,513.66,74.18,897.78,22.96,0.79,0.00,0.00
2008-04-02 11:00:00,917.31,826.44,76.80,14.07,726.62,643.08,83.54,927.93,25.70,1.16,0.00,0.00
2008-04-02 12:00:00,1014.51,917.29,81.60,15.62,806.84,718.08,88.76,940.70,27.58,1.56,0.00,0.00
2008-04-02 13:00:00,1033.60,935.14,82.54,15.92,822.54,732.76,89.78,941.69,28.80,1.88,0.00,0.00
2008-04-02 14:00:00,973.59,878.99,79.63,14.96,772.92,686.30,86.62,931.90,28.22,2.12,0.00,0.00
2008-04-02 15:00:00,840.19,754.40,72.96,12.83,662.72,583.36,79.36,910.01,27.15,2.24,0.00,0.00
2008-04-02 16:00:00,259.18,5.70,248.17,5.31,274.26,4.32,269.94,8.66,25.43,2.04,0.00,1.00
2008-04-02 17:00:00,123.72,3.45,117.75,2.53,130.56,2.48,128.08,7.78,22.85,1.17,0.00,1.00
2008-04-02 18:00:00,129.00,102.77,24.56,1.66,85.94,59.22,26.72,522.33,20.50,0.60,0.00,0.00
2008-04-02 19:00:00,0.00,0.00,0.00,0.00,0.00,0.00,0.00,0.00,18.31,0.19,1.00,0.00
2008-04-02 20:00:00,0.00,0.00,0.00,0.00,0.00,0.00,0.00,0.00,16.78,0.46,1.00,0.00
2008-04-02 21:00:00,0.00,0.00,0.00,0.00,0.00,0.00,0.00,0.00,15.42,0.81,1.00,0.00
2008-04-02 22:00:00,0.00,0.00,0.00,0.00,0.00,0.00,0.00,0.00,14.13,0.90,1.00,0.00
2008-04-02 23:00:00,0.00,0.00,0.00,0.00,0.00,0.00,0.00,0.00,13.16,0.91,1.00,0.00
2008-04-03 00:00:00,0.00,0.00,0.00,0.00,0.00,0.00,0.00,0.00,11.97,0.82,1.00,0.00
2008-04-03 01:00:00,0.00,0.00,0.00,0.00,0.00,0.00,0.00,0.00,11.12,0.73,1.00,0.00
2008-04-03 02:00:00,0.00,0.00,0.00,0.00,0.00,0.00,0.00,0.00,10.37,0.65,1.00,0.00
2008-04-03 03:00:00,0.00,0.00,0.00,0.00,0.00,0.00,0.00,0.00,9.90,0.60,1.00,0.00
2008-04-03 04:00:00,0.00,0.00,0.00,0.00,0.00,0.00,0.00,0.00,9.25,0.56,1.00,0.00
2008-04-03 05:00:00,0.00,0.00,0.00,0.00,0.00,0.00,0.00,0.00,8.39,0.61,1.00,0.00
2008-04-03 06:00:00,0.00,0.00,0.00,0.00,0.00,0.00,0.00,0.00,9.48,0.43,1.00,0.00
2008-04-03 07:00:00,0.04,0.00,0.04,0.00,0.04,0.00,0.04,0.00,11.46,0.20,1.00,0.00
2008-04-03 08:00:00,254.07,213.47,37.07,3.54,182.70,142.38,40.32,674.29,14.86,0.16,0.00,0.00
2008-04-03 09:00:00,514.61,451.89,55.10,7.61,393.24,333.30,59.94,821.70,18.17,0.52,0.00,0.00
2008-04-03 10:00:00,738.71,659.90,67.64,11.17,576.86,503.28,73.58,884.96,21.22,0.87,0.00,0.00
2008-04-03 11:00:00,906.71,816.59,76.27,13.84,715.06,632.10,82.96,916.93,23.68,1.23,0.00,0.00
2008-04-03 12:00:00,1004.23,907.76,81.07,15.40,795.42,707.24,88.18,931.33,25.57,1.61,0.00,0.00
2008-04-03 13:00:00,1024.37,926.63,82.02,15.72,811.96,722.74,89.22,933.83,26.72,1.94,0.00,0.00
2008-04-03 14:00:00,965.79,871.84,79.17,14.78,763.44,677.32,86.12,925.37,27.59,2.17,0.00,0.00
2008-04-03 15:00:00,832.59,747.43,72.50,12.65,653.54,574.68,78.86,902.90,26.34,2.32,0.00,0.00
2008-04-03 16:00:00,635.69,564.18,62.00,9.52,491.52,424.08,67.44,858.83,24.74,2.01,0.00,0.00
2008-04-03 17:00:00,391.04,338.23,47.16,5.65,291.80,240.50,51.30,766.75,22.11,1.10,0.00,0.00
2008-04-03 18:00:00,123.07,97.80,23.72,1.55,80.16,54.36,25.80,500.92,19.60,0.51,0.00,0.00
2008-04-03 19:00:00,0.00,0.00,0.00,0.00,0.00,0.00,0.00,0.00,17.13,0.23,1.00,0.00
2008-04-03 20:00:00,0.00,0.00,0.00,0.00,0.00,0.00,0.00,0.00,15.85,0.46,1.00,0.00
2008-04-03 21:00:00,0.00,0.00,0.00,0.00,0.00,0.00,0.00,0.00,14.56,0.85,1.00,0.00
2008-04-03 22:00:00,0.00,0.00,0.00,0.00,0.00,0.00,0.00,0.00,13.26,0.79,1.00,0.00
2008-04-03 23:00:00,0.00,0.00,0.00,0.00,0.00,0.00,0.00,0.00,12.47,0.86,1.00,0.00
2008-04-04 00:00:00,0.00,0.00,0.00,0.00,0.00,0.00,0.00,0.00,11.46,0.78,1.00,0.00
2008-04-04 01:00:00,0.00,0.00,0.00,0.00,0.00,0.00,0.00,0.00,10.62,0.70,1.00,0.00
2008-04-04 02:00:00,0.00,0.00,0.00,0.00,0.00,0.00,0.00,0.00,9.79,0.64,1.00,0.00
2008-04-04 03:00:00,0.00,0.00,0.00,0.00,0.00,0.00,0.00,0.00,8.80,0.60,1.00,0.00
2008-04-04 04:00:00,0.00,0.00,0.00,0.00,0.00,0.00,0.00,0.00,9.73,0.58,1.00,0.00
2008-04-04 05:00:00,0.00,0.00,0.00,0.00,0.00,0.00,0.00,0.00,10.42,0.57,1.00,0.00
2008-04-04 06:00:00,0.00,0.00,0.00,0.00,0.00,0.00,0.00,0.00,11.49,0.46,1.00,0.00
2008-04-04 07:00:00,0.02,0.00,0.02,0.00,0.02,0.00,0.02,0.00,13.29,0.27,1.00,0.00
2008-04-04 08:00:00,250.81,210.77,36.59,3.45,178.12,138.32,39.80,663.65,16.59,0.29,0.00,0.00
2008-04-04 09:00:00,509.99,447.89,54.61,7.49,386.92,327.52,59.40,813.54,19.82,0.66,0.00,0.00
2008-04-04 10:00:00,732.79,654.67,67.09,11.02,569.18,496.20,72.98,877.61,22.44,0.97,0.00,0.00
2008-04-04 11:00:00,899.68,810.38,75.62,13.67,706.28,624.02,82.26,910.06,24.77,1.34,0.00,0.00
2008-04-04 12:00:00,995.73,900.14,80.39,15.20,785.40,697.96,87.44,923.97,26.56,1.65,0.00,0.00
2008-04-04 13:00:00,1014.65,917.82,81.32,15.51,800.92,712.46,88.46,925.73,27.76,1.97,0.00,0.00
2008-04-04 14:00:00,955.16,862.17,78.44,14.55,751.76,666.44,85.32,916.18,28.84,2.18,0.00,0.00
2008-04-04 15:00:00,823.11,738.84,71.82,12.45,642.92,564.80,78.12,894.01,27.92,2.27,0.00,0.00
2008-04-04 16:00:00,627.63,556.91,61.39,9.34,482.24,415.46,66.78,849.74,26.56,2.09,0.00,0.00
2008-04-04 17:00:00,384.76,332.66,46.59,5.51,284.36,233.68,50.68,756.61,23.87,1.22,0.00,0.00
2008-04-04 18:00:00,117.76,93.40,22.91,1.45,74.92,50.00,24.92,481.54,21.34,0.75,0.00,0.00
2008-04-04 19:00:00,0.00,0.00,0.00,0.00,0.00,0.00,0.00,0.00,19.27,0.19,1.00,0.00
2008-04-04 20:00:00,0.00,0.00,0.00,0.00,0.00,0.00,0.00,0.00,17.81,0.45,1.00,0.00
2008-04-04 21:00:00,0.00,0.00,0.00,0.00,0.00,0.00,0.00,0.00,16.60,0.65,1.00,0.00
2008-04-04 22:00:00,0.00,0.00,0.00,0.00,0.00,0.00,0.00,0.00,15.38,0.77,1.00,0.00
2008-04-04 23:00:00,0.00,0.00,0.00,0.00,0.00,0.00,0.00,0.00,14.76,0.79,1.00,0.00
2008-04-05 00:00:00,0.00,0.00,0.00,0.00,0.00,0.00,0.00,0.00,13.82,0.86,1.00,0.00
2008-04-05 01:00:00,0.00,0.00,0.00,0.00,0.00,0.00,0.00,0.00,13.08,0.89,1.00,0.00
2008-04-05 02:00:00,0.00,0.00,0.00,0.00,0.00,0.00,0.00,0.00,12.35,0.68,1.00,0.00
2008-04-05 03:00:00,0.00,0.00,0.00,0.00,0.00,0.00,0.00,0.00,11.61,0.61,1.00,0.00
2008-04-05 04:00:00,0.00,0.00,0.00,0.00,0.00,0.00,0.00,0.00,11.35,0.57,1.00,0.00
2008-04-05 05:00:00,0.00,0.00,0.00,0.00,0.00,0.00,0.00,0.00,10.47,0.59,1.00,0.00
2008-04-05 06:00:00,0.00,0.00,0.00,0.00,0.00,0.00,0.00,0.00,11.43,0.42,1.00,0.00
2008-04-05 07:00:00,0.02,0.00,0.02,0.00,0.02,0.00,0.02,0.00,13.21,0.24,1.00,0.00
2008-04-05 08:00:00,250.05,210.29,36.37,3.39,175.30,135.74,39.56,660.47,16.01,0.22,0.00,0.00
2008-04-05 09:00:00,509.21,447.35,54.44,7.42,383.42,324.20,59.22,811.74,19.47,0.63,0.00,0.00
2008-04-05 10:00:00,731.45,653.59,66.93,10.94,565.02,492.22,72.80,875.93,22.30,0.95,0.00,0.00
2008-04-05 11:00:00,897.58,808.54,75.46,13.58,701.42,619.34,82.08,908.13,24.79,1.28,0.00,0.00
2008-04-05 12:00:00,468.37,12.98,445.80,9.58,494.94,10.02,484.92,13.34,26.71,1.65,0.00,1.00
2008-04-05 13:00:00,1014.06,917.50,81.12,15.43,797.12,708.88,88.24,926.19,27.97,1.96,0.00,0.00
2008-04-05 14:00:00,955.45,862.73,78.22,14.49,748.66,663.58,85.08,917.86,28.87,2.15,0.00,0.00
2008-04-05 15:00:00,822.68,738.74,71.56,12.38,639.24,561.40,77.84,895.36,27.99,2.25,0.00,0.00
2008-04-05 16:00:00,626.38,556.00,61.12,9.26,478.12,411.64,66.48,850.15,26.64,2.08,0.00,0.00
2008-04-05 17:00:00,382.66,331.01,46.22,5.42,279.98,229.70,50.28,755.51,23.60,1.34,0.00,0.00
2008-04-05 18:00:00,114.23,90.69,22.17,1.37,70.76,46.64,24.12,471.24,21.57,0.82,0.00,0.00
2008-04-05 19:00:00,0.00,0.00,0.00,0.00,0.00,0.00,0.00,0.00,19.81,0.16,1.00,0.00
2008-04-05 20:00:00,0.00,0.00,0.00,0.00,0.00,0.00,0.00,0.00,19.03,0.24,1.00,0.00
2008-04-05 21:00:00,0.00,0.00,0.00,0.00,0.00,0.00,0.00,0.00,18.00,0.40,1.00,0.00
2008-04-05 22:00:00,0.00,0.00,0.00,0.00,0.00,0.00,0.00,0.00,16.84,0.62,1.00,0.00
2008-04-05 23:00:00,0.00,0.00,0.00,0.00,0.00,0.00,0.00,0.00,16.11,0.69,1.00,0.00
2008-04-06 00:00:00,0.00,0.00,0.00,0.00,0.00,0.00,0.00,0.00,15.02,0.74,1.00,0.00
2008-04-06 01:00:00,0.00,0.00,0.00,0.00,0.00,0.00,0.00,0.00,14.33,0.59,1.00,0.00
2008-04-06 02:00:00,0.00,0.00,0.00,0.00,0.00,0.00,0.00,0.00,13.71,0.57,1.00,0.00
2008-04-06 03:00:00,0.00,0.00,0.00,0.00,0.00,0.00,0.00,0.00,12.85,0.45,1.00,0.00
2008-04-06 04:00:00,0.00,0.00,0.00,0.00,0.00,0.00,0.00,0.00,12.25,0.42,1.00,0.00
2008-04-06 05:00:00,0.00,0.00,0.00,0.00,0.00,0.00,0.00,0.00,11.52,0.43,1.00,0.00
2008-04-06 06:00:00,0.00,0.00,0.00,0.00,0.00,0.00,0.00,0.00,11.12,0.40,1.00,0.00
2008-04-06 07:00:00,0.00,0.00,0.00,0.00,0.00,0.00,0.00,0.00,13.09,0.35,1.00,0.00
2008-04-06 08:00:00,251.26,211.75,36.15,3.36,173.74,134.42,39.32,663.42,16.33,0.33,0.00,0.00
2008-04-06 09:00:00,510.87,449.20,54.28,7.39,381.76,322.72,59.04,814.24,19.42,0.66,0.00,0.00
2008-04-06 10:00:00,732.60,654.98,66.73,10.89,562.76,490.18,72.58,877.49,22.15,0.94,0.00,0.00
2008-04-06 11:00:00,897.76,809.06,75.18,13.52,698.28,616.50,81.78,908.91,24.56,1.22,0.00,0.00
2008-04-06 12:00:00,454.43,12.11,433.03,9.30,480.32,9.30,471.02,12.44,26.34,1.66,0.00,1.00
2008-04-06 13:00:00,1009.52,913.54,80.68,15.30,790.26,702.50,87.76,923.02,27.60,1.95,0.00,0.00
2008-04-06 14:00:00,948.90,856.87,77.70,14.33,740.24,655.72,84.52,912.79,28.60,2.21,0.00,0.00
2008-04-06 15:00:00,814.65,731.50,70.95,12.19,629.84,552.66,77.18,887.98,27.92,2.38,0.00,0.00
2008-04-06 16:00:00,617.81,548.30,60.44,9.07,468.54,402.80,65.74,840.38,26.92,2.15,0.00,0.00
2008-04-06 17:00:00,93.68,3.24,88.53,1.91,98.52,2.22,96.30,7.42,24.74,1.61,0.00,1.00
2008-04-06 18:00:00,108.85,86.29,21.29,1.27,65.74,42.58,23.16,451.62,23.28,1.25,0.00,0.00
2008-04-06 19:00:00,0.00,0.00,0.00,0.00,0.00,0.00,0.00,0.00,21.78,0.59,1.00,0.00
2008-04-06 20:00:00,0.00,0.00,0.00,0.00,0.00,0.00,0.00,0.00,21.15,0.31,1.00,0.00
2008-04-06 21:00:00,0.00,0.00,0.00,0.00,0.00,0.00,0.00,0.00,20.26,0.22,1.00,0.00
2008-04-06 22:00:00,0.00,0.00,0.00,0.00,0.00,0.00,0.00,0.00,19.72,0.17,1.00,0.00
2008-04-06 23:00:00,0.00,0.00,0.00,0.00,0.00,0.00,0.00,0.00,19.14,0.18,1.00,0.00
2008-04-07 00:00:00,0.00,0.00,0.00,0.00,0.00,0.00,0.00,0.00,18.82,0.14,1.00,0.00
2008-04-07 01:00:00,0.00,0.00,0.00,0.00,0.00,0.00,0.00,0.00,18.42,0.19,1.00,0.00
2008-04-07 02:00:00,0.00,0.00,0.00,0.00,0.00,0.00,0.00,0.00,17.92,0.21,1.00,0.00
2008-04-07 03:00:00,0.00,0.00,0.00,0.00,0.00,0.00,0.00,0.00,16.67,0.12,1.00,0.00
2008-04-07 04:00:00,0.00,0.00,0.00,0.00,0.00,0.00,0.00,0.00,15.61,0.30,1.00,0.00
2008-04-07 05:00:00,0.00,0.00,0.00,0.00,0.00,0.00,0.00,0.00,14.34,0.30,1.00,0.00
2008-04-07 06:00:00,0.00,0.00,0.00,0.00,0.00,0.00,0.00,0.00,13.88,0.22,1.00,0.00
2008-04-07 07:00:00,0.00,0.00,0.00,0.00,0.00,0.00,0.00,0.00,14.48,0.10,1.00,0.00
2008-04-07 08:00:00,247.89,208.98,35.63,3.28,169.22,130.46,38.76,652.69,16.86,0.27,0.00,0.00
2008-04-07 09:00:00,510.43,449.17,53.93,7.33,378.48,319.82,58.66,813.50,19.26,0.64,0.00,0.00
2008-04-07 10:00:00,736.97,659.47,66.60,10.90,562.84,490.40,72.44,883.39,21.01,0.91,0.00,0.00
2008-04-07 11:00:00,908.59,819.64,75.33,13.61,703.22,621.28,81.94,921.02,22.55,1.34,0.00,0.00
2008-04-07 12:00:00,471.02,13.32,448.07,9.63,497.56,10.18,487.38,13.69,23.81,1.67,0.00,1.00
2008-04-07 13:00:00,496.77,15.24,471.38,10.15,524.40,11.66,512.74,15.41,24.71,2.05,0.00,1.00
2008-04-07 14:00:00,968.21,875.40,78.25,14.55,751.66,666.54,85.12,933.71,25.39,2.23,0.00,0.00
2008-04-07 15:00:00,834.11,750.15,71.54,12.41,641.20,563.38,77.82,912.23,24.48,2.50,0.00,0.00
2008-04-07 16:00:00,634.80,564.65,60.90,9.25,477.86,411.62,66.24,867.39,23.40,2.16,0.00,0.00
2008-04-07 17:00:00,386.77,335.70,45.71,5.36,276.90,227.18,49.72,771.30,21.09,1.30,0.00,0.00
2008-04-07 18:00:00,108.03,86.25,20.56,1.22,63.10,40.74,22.36,454.74,19.42,0.66,0.00,0.00
2008-04-07 19:00:00,0.00,0.00,0.00,0.00,0.00,0.00,0.00,0.00,17.73,0.19,1.00,0.00
2008-04-07 20:00:00,0.00,0.00,0.00,0.00,0.00,0.00,0.00,0.00,16.61,0.39,1.00,0.00
2008-04-07 21:00:00,0.00,0.00,0.00,0.00,0.00,0.00,0.00,0.00,15.34,0.81,1.00,0.00
2008-04-07 22:00:00,0.00,0.00,0.00,0.00,0.00,0.00,0.00,0.00,14.48,0.85,1.00,0.00
2008-04-07 23:00:00,0.00,0.00,0.00,0.00,0.00,0.00,0.00,0.00,12.93,1.03,1.00,0.00
2008-04-08 00:00:00,0.00,0.00,0.00,0.00,0.00,0.00,0.00,0.00,12.20,0.83,1.00,0.00
2008-04-08 01:00:00,0.00,0.00,0.00,0.00,0.00,0.00,0.00,0.00,11.32,0.77,1.00,0.00
2008-04-08 02:00:00,0.00,0.00,0.00,0.00,0.00,0.00,0.00,0.00,10.55,0.69,1.00,0.00
2008-04-08 03:00:00,0.00,0.00,0.00,0.00,0.00,0.00,0.00,0.00,9.54,0.70,1.00,0.00
2008-04-08 04:00:00,0.00,0.00,0.00,0.00,0.00,0.00,0.00,0.00,8.62,0.71,1.00,0.00
2008-04-08 05:00:00,0.00,0.00,0.00,0.00,0.00,0.00,0.00,0.00,7.86,0.70,1.00,0.00
2008-04-08 06:00:00,0.00,0.00,0.00,0.00,0.00,0.00,0.00,0.00,9.03,0.60,1.00,0.00
2008-04-08 07:00:00,0.00,0.00,0.00,0.00,0.00,0.00,0.00,0.00,11.41,0.36,1.00,0.00
2008-04-08 08:00:00,265.66,226.10,36.11,3.45,178.08,138.80,39.28,704.67,15.09,0.06,0.00,0.00
2008-04-08 09:00:00,535.22,472.87,54.74,7.61,393.32,333.78,59.54,855.65,18.64,0.45,0.00,0.00
2008-04-08 10:00:00,763.67,684.97,67.48,11.22,579.50,506.10,73.40,917.44,21.47,0.74,0.00,0.00
2008-04-08 11:00:00,932.85,842.82,76.12,13.91,718.30,635.50,82.80,947.36,23.93,1.15,0.00,0.00
2008-04-08 12:00:00,1030.86,934.44,80.96,15.47,798.84,710.78,88.06,961.45,25.63,1.52,0.00,0.00
2008-04-08 13:00:00,1049.60,951.96,81.88,15.76,814.16,725.10,89.06,963.70,27.33,1.82,0.00,0.00
2008-04-08 14:00:00,987.68,894.07,78.84,14.77,763.06,677.30,85.76,954.85,28.63,2.04,0.00,0.00
2008-04-08 15:00:00,849.59,765.09,71.93,12.57,649.46,571.22,78.24,931.98,27.78,2.15,0.00,0.00
2008-04-08 16:00:00,646.07,575.60,61.12,9.35,482.82,416.34,66.48,886.25,26.31,1.80,0.00,0.00
2008-04-08 17:00:00,393.01,341.97,45.65,5.38,278.10,228.44,49.66,788.54,23.16,1.07,0.00,0.00
2008-04-08 18:00:00,110.07,88.89,19.99,1.20,61.82,40.08,21.74,472.11,20.86,0.44,0.00,0.00
2008-04-08 19:00:00,0.00,0.00,0.00,0.00,0.00,0.00,0.00,0.00,18.69,0.58,1.00,0.00
2008-04-08 20:00:00,0.00,0.00,0.00,0.00,0.00,0.00,0.00,0.00,16.99,0.79,1.00,0.00
2008-04-08 21:00:00,0.00,0.00,0.00,0.00,0.00,0.00,0.00,0.00,15.57,0.91,1.00,0.00
2008-04-08 22:00:00,0.00,0.00,0.00,0.00,0.00,0.00,0.00,0.00,14.11,0.97,1.00,0.00
2008-04-08 23:00:00,0.00,0.00,0.00,0.00,0.00,0.00,0.00,0.00,13.03,1.02,1.00,0.00
2008-04-09 00:00:00,0.00,0.00,0.00,0.00,0.00,0.00,0.00,0.00,11.80,0.81,1.00,0.00
2008-04-09 01:00:00,0.00,0.00,0.00,0.00,0.00,0.00,0.00,0.00,10.82,0.76,1.00,0.00
2008-04-09 02:00:00,0.00,0.00,0.00,0.00,0.00,0.00,0.00,0.00,9.96,0.73,1.00,0.00
2008-04-09 03:00:00,0.00,0.00,0.00,0.00,0.00,0.00,0.00,0.00,8.97,0.71,1.00,0.00
2008-04-09 04:00:00,0.00,0.00,0.00,0.00,0.00,0.00,0.00,0.00,8.25,0.66,1.00,0.00
2008-04-09 05:00:00,0.00,0.00,0.00,0.00,0.00,0.00,0.00,0.00,7.54,0.66,1.00,0.00
2008-04-09 06:00:00,0.00,0.00,0.00,0.00,0.00,0.00,0.00,0.00,8.94,0.54,1.00,0.00
2008-04-09 07:00:00,0.00,0.00,0.00,0.00,0.00,0.00,0.00,0.00,11.85,0.29,1.00,0.00
2008-04-09 08:00:00,261.47,222.45,35.67,3.35,173.02,134.22,38.80,691.63,15.56,0.06,0.00,0.00
2008-04-09 09:00:00,528.88,467.13,54.28,7.47,385.90,326.86,59.04,844.53,19.31,0.43,0.00,0.00
2008-04-09 10:00:00,755.20,677.22,66.95,11.04,570.08,497.26,72.82,906.92,22.46,0.81,0.00,0.00
2008-04-09 11:00:00,922.86,833.63,75.53,13.70,707.44,625.28,82.16,937.38,25.01,1.19,0.00,0.00
2008-04-09 12:00:00,1015.85,920.54,80.13,15.18,783.96,696.80,87.16,947.83,26.95,1.61,0.00,0.00
2008-04-09 13:00:00,1030.28,934.03,80.85,15.41,795.96,708.02,87.94,946.51,28.49,1.98,0.00,0.00
2008-04-09 14:00:00,965.64,873.56,77.70,14.38,742.92,658.40,84.52,934.22,27.94,2.18,0.00,0.00
2008-04-09 15:00:00,828.69,745.65,70.83,12.21,630.48,553.44,77.04,909.95,27.00,2.28,0.00,0.00
2008-04-09 16:00:00,628.16,559.02,60.11,9.03,466.58,401.20,65.38,862.80,25.81,2.03,0.00,0.00
2008-04-09 17:00:00,378.76,328.87,44.75,5.14,265.54,216.86,48.68,760.86,22.96,1.36,0.00,0.00
2008-04-09 18:00:00,103.40,83.24,19.07,1.09,56.46,35.72,20.74,445.39,20.83,0.57,0.00,0.00
2008-04-09 19:00:00,0.00,0.00,0.00,0.00,0.00,0.00,0.00,0.00,18.89,0.19,1.00,0.00
2008-04-09 20:00:00,0.00,0.00,0.00,0.00,0.00,0.00,0.00,0.00,17.70,0.17,1.00,0.00
2008-04-09 21:00:00,0.00,0.00,0.00,0.00,0.00,0.00,0.00,0.00,16.51,0.39,1.00,0.00
2008-04-09 22:00:00,0.00,0.00,0.00,0.00,0.00,0.00,0.00,0.00,15.25,0.48,1.00,0.00
2008-04-09 23:00:00,0.00,0.00,0.00,0.00,0.00,0.00,0.00,0.00,14.46,0.51,1.00,0.00
2008-04-10 00:00:00,0.00,0.00,0.00,0.00,0.00,0.00,0.00,0.00,13.45,0.44,1.00,0.00
2008-04-10 01:00:00,0.00,0.00,0.00,0.00,0.00,0.00,0.00,0.00,12.69,0.35,1.00,0.00
2008-04-10 02:00:00,0.00,0.00,0.00,0.00,0.00,0.00,0.00,0.00,11.76,0.34,1.00,0.00
2008-04-10 03:00:00,0.00,0.00,0.00,0.00,0.00,0.00,0.00,0.00,10.37,0.50,1.00,0.00
2008-04-10 04:00:00,0.00,0.00,0.00,0.00,0.00,0.00,0.00,0.00,9.60,0.45,1.00,0.00
2008-04-10 05:00:00,0.00,0.00,0.00,0.00,0.00,0.00,0.00,0.00,8.97,0.43,1.00,0.00
2008-04-10 06:00:00,0.00,0.00,0.00,0.00,0.00,0.00,0.00,0.00,8.09,0.49,1.00,0.00
2008-04-10 07:00:00,0.00,0.00,0.00,0.00,0.00,0.00,0.00,0.00,10.89,0.21,1.00,0.00
2008-04-10 08:00:00,259.13,220.52,35.34,3.28,169.28,130.84,38.44,683.87,13.91,0.12,0.00,0.00
2008-04-10 09:00:00,525.36,464.07,53.93,7.37,380.46,321.80,58.66,838.43,16.55,0.48,0.00,0.00
2008-04-10 10:00:00,749.78,672.32,66.56,10.90,562.90,490.50,72.40,900.35,19.50,0.89,0.00,0.00
2008-04-10 11:00:00,915.35,826.76,75.07,13.52,698.52,616.86,81.66,930.02,21.91,1.33,0.00,0.00
2008-04-10 12:00:00,1008.21,913.55,79.65,15.00,774.86,688.22,86.64,941.33,23.88,1.70,0.00,0.00
2008-04-10 13:00:00,1022.96,927.34,80.39,15.24,787.08,699.64,87.44,940.72,25.35,2.13,0.00,0.00
2008-04-10 14:00:00,959.03,867.57,77.24,14.22,734.56,650.54,84.02,929.13,24.91,2.33,0.00,0.00
2008-04-10 15:00:00,821.63,739.26,70.33,12.04,621.90,545.40,76.50,903.75,24.02,2.52,0.00,0.00
2008-04-10 16:00:00,621.02,552.56,59.59,8.87,458.32,393.50,64.82,854.78,22.68,2.33,0.00,0.00
2008-04-10 17:00:00,372.54,323.35,44.18,5.00,258.48,210.42,48.06,750.61,20.30,1.68,0.00,0.00
2008-04-10 18:00:00,96.96,77.87,18.09,1.00,51.44,31.76,19.68,419.69,18.33,0.86,0.00,0.00
2008-04-10 19:00:00,0.00,0.00,0.00,0.00,0.00,0.00,0.00,0.00,16.84,0.42,1.00,0.00
2008-04-10 20:00:00,0.00,0.00,0.00,0.00,0.00,0.00,0.00,0.00,15.65,0.22,1.00,0.00
2008-04-10 21:00:00,0.00,0.00,0.00,0.00,0.00,0.00,0.00,0.00,14.76,0.25,1.00,0.00
2008-04-10 22:00:00,0.00,0.00,0.00,0.00,0.00,0.00,0.00,0.00,13.69,0.52,1.00,0.00
2008-04-10 23:00:00,0.00,0.00,0.00,0.00,0.00,0.00,0.00,0.00,13.10,0.47,1.00,0.00
2008-04-11 00:00:00,0.00,0.00,0.00,0.00,0.00,0.00,0.00,0.00,12.33,0.26,1.00,0.00
2008-04-11 01:00:00,0.00,0.00,0.00,0.00,0.00,0.00,0.00,0.00,11.85,0.23,1.00,0.00
2008-04-11 02:00:00,0.00,0.00,0.00,0.00,0.00,0.00,0.00,0.00,11.29,0.37,1.00,0.00
2008-04-11 03:00:00,0.00,0.00,0.00,0.00,0.00,0.00,0.00,0.00,10.70,0.38,1.00,0.00
2008-04-11 04:00:00,0.00,0.00,0.00,0.00,0.00,0.00,0.00,0.00,11.37,0.22,1.00,0.00
2008-04-11 05:00:00,0.00,0.00,0.00,0.00,0.00,0.00,0.00,0.00,11.47,0.26,1.00,0.00
2008-04-11 06:00:00,0.00,0.00,0.00,0.00,0.00,0.00,0.00,0.00,11.74,0.31,1.00,0.00
2008-04-11 07:00:00,0.00,0.00,0.00,0.00,0.00,0.00,0.00,0.00,12.69,0.28,1.00,0.00
2008-04-11 08:00:00,19.67,2.09,17.19,0.39,19.92,1.22,18.70,6.48,13.69,0.31,0.00,1.00
2008-04-11 09:00:00,85.55,4.48,79.34,1.73,89.38,3.08,86.30,8.09,15.64,0.57,0.00,1.00
2008-04-11 10:00:00,175.26,6.54,165.15,3.57,184.38,4.74,179.64,8.75,17.31,1.02,0.00,1.00
2008-04-11 11:00:00,135.35,8.06,124.55,2.74,141.46,5.98,135.48,9.07,19.11,1.23,0.00,1.00
2008-04-11 12:00:00,85.26,8.91,74.65,1.70,87.88,6.68,81.20,9.19,19.72,1.66,0.00,1.00
2008-04-11 13:00:00,60.45,9.08,50.18,1.19,61.40,6.82,54.58,9.22,19.80,1.97,0.00,1.00
2008-04-11 14:00:00,56.48,8.50,46.87,1.11,57.32,6.34,50.98,9.11,19.14,2.43,0.00,1.00
2008-04-11 15:00:00,154.84,7.23,144.46,3.14,162.44,5.30,157.14,8.85,18.49,2.32,0.00,1.00
2008-04-11 16:00:00,103.11,5.38,95.65,2.09,107.84,3.80,104.04,8.34,17.92,1.99,0.00,1.00
2008-04-11 17:00:00,50.52,3.11,46.39,1.02,52.46,2.00,50.46,7.26,16.82,1.39,0.00,1.00
2008-04-11 18:00:00,8.30,0.73,7.41,0.16,8.34,0.28,8.06,3.94,15.66,0.70,0.00,1.00
2008-04-11 19:00:00,0.00,0.00,0.00,0.00,0.00,0.00,0.00,0.00,15.34,0.43,1.00,0.00
2008-04-11 20:00:00,0.00,0.00,0.00,0.00,0.00,0.00,0.00,0.00,14.99,0.49,1.00,0.00
2008-04-11 21:00:00,0.00,0.00,0.00,0.00,0.00,0.00,0.00,0.00,14.80,0.22,1.00,0.00
2008-04-11 22:00:00,0.00,0.00,0.00,0.00,0.00,0.00,0.00,0.00,14.37,0.49,1.00,0.00
2008-04-11 23:00:00,0.00,0.00,0.00,0.00,0.00,0.00,0.00,0.00,14.52,0.29,1.00,0.00
2008-04-12 00:00:00,0.00,0.00,0.00,0.00,0.00,0.00,0.00,0.00,14.33,0.30,1.00,0.00
2008-04-12 01:00:00,0.00,0.00,0.00,0.00,0.00,0.00,0.00,0.00,14.20,0.12,1.00,0.00
2008-04-12 02:00:00,0.00,0.00,0.00,0.00,0.00,0.00,0.00,0.00,14.10,0.10,1.00,0.00
2008-04-12 03:00:00,0.00,0.00,0.00,0.00,0.00,0.00,0.00,0.00,14.30,0.22,1.00,0.00
2008-04-12 04:00:00,0.00,0.00,0.00,0.00,0.00,0.00,0.00,0.00,14.92,0.33,1.00,0.00
2008-04-12 05:00:00,0.00,0.00,0.00,0.00,0.00,0.00,0.00,0.00,14.76,0.51,1.00,0.00
2008-04-12 06:00:00,0.00,0.00,0.00,0.00,0.00,0.00,0.00,0.00,14.68,0.57,1.00,0.00
2008-04-12 07:00:00,0.00,0.00,0.00,0.00,0.00,0.00,0.00,0.00,14.68,0.47,1.00,0.00
2008-04-12 08:00:00,242.07,205.10,33.98,2.99,154.46,117.50,36.96,633.44,16.05,0.78,0.00,0.00
2008-04-12 09:00:00,501.05,441.72,52.40,6.93,357.92,300.92,57.00,797.10,17.41,0.95,0.00,0.00
2008-04-12 10:00:00,720.31,645.10,64.85,10.36,535.26,464.72,70.54,863.97,18.43,1.32,0.00,0.00
2008-04-12 11:00:00,368.63,7.96,353.12,7.55,389.98,5.88,384.10,8.97,19.42,1.53,0.00,1.00
2008-04-12 12:00:00,443.21,11.63,422.51,9.07,468.26,8.68,459.58,12.01,19.91,2.14,0.00,1.00
2008-04-12 13:00:00,285.25,8.99,270.43,5.82,300.88,6.72,294.16,9.14,20.36,2.41,0.00,1.00
2008-04-12 14:00:00,326.35,8.41,311.27,6.68,344.82,6.24,338.58,9.03,19.59,2.69,0.00,1.00
2008-04-12 15:00:00,189.24,7.16,178.22,3.85,199.08,5.22,193.86,8.78,18.57,2.62,0.00,1.00
2008-04-12 16:00:00,98.83,5.34,91.49,2.00,103.26,3.74,99.52,8.29,16.97,2.39,0.00,1.00
2008-04-12 17:00:00,53.37,3.09,49.20,1.07,55.48,1.96,53.52,7.23,15.02,1.87,0.00,1.00
2008-04-12 18:00:00,83.98,67.21,15.96,0.81,41.84,24.48,17.36,367.45,13.40,1.18,0.00,0.00
2008-04-12 19:00:00,0.00,0.00,0.00,0.00,0.00,0.00,0.00,0.00,12.07,0.64,1.00,0.00
2008-04-12 20:00:00,0.00,0.00,0.00,0.00,0.00,0.00,0.00,0.00,10.74,0.33,1.00,0.00
2008-04-12 21:00:00,0.00,0.00,0.00,0.00,0.00,0.00,0.00,0.00,9.48,0.34,1.00,0.00
2008-04-12 22:00:00,0.00,0.00,0.00,0.00,0.00,0.00,0.00,0.00,8.21,0.29,1.00,0.00
2008-04-12 23:00:00,0.00,0.00,0.00,0.00,0.00,0.00,0.00,0.00,8.46,0.17,1.00,0.00
2008-04-13 00:00:00,0.00,0.00,0.00,0.00,0.00,0.00,0.00,0.00,8.24,0.24,1.00,0.00
2008-04-13 01:00:00,0.00,0.00,0.00,0.00,0.00,0.00,0.00,0.00,8.43,0.35,1.00,0.00
2008-04-13 02:00:00,0.00,0.00,0.00,0.00,0.00,0.00,0.00,0.00,8.76,0.10,1.00,0.00
2008-04-13 03:00:00,0.00,0.00,0.00,0.00,0.00,0.00,0.00,0.00,8.99,0.09,1.00,0.00
2008-04-13 04:00:00,0.00,0.00,0.00,0.00,0.00,0.00,0.00,0.00,9.35,0.20,1.00,0.00
2008-04-13 05:00:00,0.00,0.00,0.00,0.00,0.00,0.00,0.00,0.00,9.36,0.23,1.00,0.00
2008-04-13 06:00:00,0.00,0.00,0.00,0.00,0.00,0.00,0.00,0.00,9.19,0.34,1.00,0.00
2008-04-13 07:00:00,0.00,0.00,0.00,0.00,0.00,0.00,0.00,0.00,9.84,0.30,1.00,0.00
2008-04-13 08:00:00,250.58,213.65,33.89,3.04,157.18,120.32,36.86,658.38,12.06,0.39,0.00,0.00
2008-04-13 09:00:00,519.43,459.53,52.79,7.12,367.64,310.22,57.42,828.84,14.15,0.65,0.00,0.00
2008-04-13 10:00:00,748.18,671.87,65.62,10.69,552.30,480.92,71.38,900.01,16.19,0.95,0.00,0.00
2008-04-13 11:00:00,920.06,832.26,74.39,13.40,692.12,611.20,80.92,937.66,17.74,1.40,0.00,0.00
2008-04-13 12:00:00,448.85,12.15,427.53,9.18,474.06,9.02,465.04,12.55,18.91,1.83,0.00,1.00
2008-04-13 13:00:00,469.91,13.58,446.72,9.60,496.02,10.10,485.92,13.82,19.94,2.19,0.00,1.00
2008-04-13 14:00:00,965.35,874.56,76.67,14.12,729.24,645.84,83.40,940.66,20.48,2.34,0.00,0.00
2008-04-13 15:00:00,827.48,745.81,69.74,11.93,616.36,540.50,75.86,916.69,19.98,2.46,0.00,0.00
2008-04-13 16:00:00,624.89,557.33,58.82,8.74,451.44,387.46,63.98,868.36,19.12,2.08,0.00,0.00
2008-04-13 17:00:00,372.42,324.53,43.06,4.83,249.62,202.78,46.84,761.19,16.61,1.31,0.00,0.00
2008-04-13 18:00:00,85.38,69.47,15.13,0.78,40.22,23.76,16.46,382.65,14.83,0.45,0.00,0.00
2008-04-13 19:00:00,0.00,0.00,0.00,0.00,0.00,0.00,0.00,0.00,13.22,0.10,1.00,0.00
2008-04-13 20:00:00,0.00,0.00,0.00,0.00,0.00,0.00,0.00,0.00,12.10,0.37,1.00,0.00
2008-04-13 21:00:00,0.00,0.00,0.00,0.00,0.00,0.00,0.00,0.00,10.89,0.61,1.00,0.00
2008-04-13 22:00:00,0.00,0.00,0.00,0.00,0.00,0.00,0.00,0.00,9.53,0.89,1.00,0.00
2008-04-13 23:00:00,0.00,0.00,0.00,0.00,0.00,0.00,0.00,0.00,8.67,0.82,1.00,0.00
2008-04-14 00:00:00,0.00,0.00,0.00,0.00,0.00,0.00,0.00,0.00,7.13,0.74,1.00,0.00
2008-04-14 01:00:00,0.00,0.00,0.00,0.00,0.00,0.00,0.00,0.00,5.98,0.73,1.00,0.00
2008-04-14 02:00:00,0.00,0.00,0.00,0.00,0.00,0.00,0.00,0.00,4.87,0.71,1.00,0.00
2008-04-14 03:00:00,0.00,0.00,0.00,0.00,0.00,0.00,0.00,0.00,4.74,0.79,1.00,0.00
2008-04-14 04:00:00,0.00,0.00,0.00,0.00,0.00,0.00,0.00,0.00,3.73,0.69,1.00,0.00
2008-04-14 05:00:00,0.00,0.00,0.00,0.00,0.00,0.00,0.00,0.00,4.60,0.64,1.00,0.00
2008-04-14 06:00:00,0.00,0.00,0.00,0.00,0.00,0.00,0.00,0.00,6.24,0.57,1.00,0.00
2008-04-14 07:00:00,0.00,0.00,0.00,0.00,0.00,0.00,0.00,0.00,8.53,0.33,1.00,0.00
2008-04-14 08:00:00,263.82,226.64,34.03,3.14,162.40,125.38,37.02,697.20,11.16,0.26,0.00,0.00
2008-04-14 09:00:00,538.32,477.81,53.19,7.31,377.60,319.74,57.86,861.36,14.74,0.09,0.00,0.00
2008-04-14 10:00:00,768.89,691.87,66.10,10.92,564.04,492.14,71.90,926.90,19.02,0.61,0.00,0.00
2008-04-14 11:00:00,939.40,850.99,74.80,13.61,703.08,621.72,81.36,959.27,21.71,1.02,0.00,0.00
2008-04-14 12:00:00,1032.70,938.20,79.41,15.09,779.66,693.28,86.38,970.01,23.13,1.48,0.00,0.00
2008-04-14 13:00:00,1046.35,950.95,80.09,15.31,791.00,703.88,87.12,969.08,24.41,1.86,0.00,0.00
2008-04-14 14:00:00,979.82,888.70,76.86,14.26,736.58,652.98,83.60,957.27,25.36,2.11,0.00,0.00
2008-04-14 15:00:00,837.69,755.96,69.72,12.01,620.38,544.54,75.84,930.90,24.37,2.24,0.00,0.00
2008-04-14 16:00:00,630.86,563.47,58.64,8.76,452.32,388.54,63.78,880.03,22.44,1.99,0.00,0.00
2008-04-14 17:00:00,374.34,326.89,42.66,4.80,247.78,201.38,46.40,769.55,19.04,1.29,0.00,0.00
2008-04-14 18:00:00,85.17,70.15,14.29,0.74,38.00,22.46,15.54,389.00,16.58,0.47,0.00,0.00
2008-04-14 19:00:00,0.00,0.00,0.00,0.00,0.00,0.00,0.00,0.00,14.46,0.32,1.00,0.00
2008-04-14 20:00:00,0.00,0.00,0.00,0.00,0.00,0.00,0.00,0.00,13.06,0.51,1.00,0.00
2008-04-14 21:00:00,0.00,0.00,0.00,0.00,0.00,0.00,0.00,0.00,11.62,0.63,1.00,0.00
2008-04-14 22:00:00,0.00,0.00,0.00,0.00,0.00,0.00,0.00,0.00,9.91,0.74,1.00,0.00
2008-04-14 23:00:00,0.00,0.00,0.00,0.00,0.00,0.00,0.00,0.00,8.85,0.88,1.00,0.00
2008-04-15 00:00:00,0.00,0.00,0.00,0.00,0.00,0.00,0.00,0.00,6.99,0.69,1.00,0.00
2008-04-15 01:00:00,0.00,0.00,0.00,0.00,0.00,0.00,0.00,0.00,5.73,0.70,1.00,0.00
2008-04-15 02:00:00,0.00,0.00,0.00,0.00,0.00,0.00,0.00,0.00,4.54,0.61,1.00,0.00
2008-04-15 03:00:00,0.00,0.00,0.00,0.00,0.00,0.00,0.00,0.00,5.95,0.55,1.00,0.00
2008-04-15 04:00:00,0.00,0.00,0.00,0.00,0.00,0.00,0.00,0.00,6.54,0.46,1.00,0.00
2008-04-15 05:00:00,0.00,0.00,0.00,0.00,0.00,0.00,0.00,0.00,7.08,0.42,1.00,0.00
2008-04-15 06:00:00,0.00,0.00,0.00,0.00,0.00,0.00,0.00,0.00,7.82,0.39,1.00,0.00
2008-04-15 07:00:00,0.00,0.00,0.00,0.00,0.00,0.00,0.00,0.00,9.77,0.15,1.00,0.00
2008-04-15 08:00:00,247.63,211.78,32.93,2.92,150.88,115.06,35.82,650.38,12.00,0.08,0.00,0.00
2008-04-15 09:00:00,512.87,454.09,51.85,6.92,357.52,301.12,56.40,818.34,14.03,0.48,0.00,0.00
2008-04-15 10:00:00,735.08,660.20,64.48,10.39,536.76,466.62,70.14,884.75,16.61,0.77,0.00,0.00
2008-04-15 11:00:00,199.50,8.12,187.32,4.06,209.66,5.90,203.76,9.16,18.87,1.16,0.00,1.00
2008-04-15 12:00:00,993.06,900.99,77.61,14.46,747.06,662.64,84.42,932.41,20.72,1.53,0.00,0.00
2008-04-15 13:00:00,1010.08,916.93,78.42,14.73,760.78,675.48,85.30,935.57,22.04,1.88,0.00,0.00
2008-04-15 14:00:00,948.14,859.05,75.35,13.74,709.86,627.90,81.96,926.76,22.73,2.11,0.00,0.00
2008-04-15 15:00:00,809.70,729.78,68.36,11.55,596.86,522.50,74.36,900.43,21.83,2.29,0.00,0.00
2008-04-15 16:00:00,607.73,541.89,57.46,8.39,433.18,370.68,62.50,848.32,20.68,1.99,0.00,0.00
2008-04-15 17:00:00,356.96,310.80,41.63,4.53,234.06,188.78,45.28,734.17,18.01,1.21,0.00,0.00
2008-04-15 18:00:00,76.25,62.54,13.07,0.64,32.86,18.64,14.22,349.18,16.23,0.38,0.00,0.00
2008-04-15 19:00:00,0.00,0.00,0.00,0.00,0.00,0.00,0.00,0.00,14.53,0.18,1.00,0.00
2008-04-15 20:00:00,0.00,0.00,0.00,0.00,0.00,0.00,0.00,0.00,13.52,0.50,1.00,0.00
2008-04-15 21:00:00,0.00,0.00,0.00,0.00,0.00,0.00,0.00,0.00,12.25,0.93,1.00,0.00
2008-04-15 22:00:00,0.00,0.00,0.00,0.00,0.00,0.00,0.00,0.00,11.06,0.86,1.00,0.00
2008-04-15 23:00:00,0.00,0.00,0.00,0.00,0.00,0.00,0.00,0.00,9.89,1.03,1.00,0.00
2008-04-16 00:00:00,0.00,0.00,0.00,0.00,0.00,0.00,0.00,0.00,8.69,0.79,1.00,0.00
2008-04-16 01:00:00,0.00,0.00,0.00,0.00,0.00,0.00,0.00,0.00,7.60,0.75,1.00,0.00
2008-04-16 02:00:00,0.00,0.00,0.00,0.00,0.00,0.00,0.00,0.00,6.73,0.68,1.00,0.00
2008-04-16 03:00:00,0.00,0.00,0.00,0.00,0.00,0.00,0.00,0.00,6.63,0.68,1.00,0.00
2008-04-16 04:00:00,0.00,0.00,0.00,0.00,0.00,0.00,0.00,0.00,5.79,0.63,1.00,0.00
2008-04-16 05:00:00,0.00,0.00,0.00,0.00,0.00,0.00,0.00,0.00,5.13,0.61,1.00,0.00
2008-04-16 06:00:00,0.00,0.00,0.00,0.00,0.00,0.00,0.00,0.00,6.40,0.58,1.00,0.00
2008-04-16 07:00:00,0.00,0.00,0.00,0.00,0.00,0.00,0.00,0.00,8.80,0.30,1.00,0.00
2008-04-16 08:00:00,248.35,212.57,32.89,2.89,149.26,113.48,35.78,651.57,11.87,0.03,0.00,0.00
2008-04-16 09:00:00,515.21,456.37,51.94,6.90,356.48,299.98,56.50,822.14,14.95,0.45,0.00,0.00
2008-04-16 10:00:00,738.76,663.73,64.65,10.38,536.42,466.10,70.32,889.78,17.96,0.78,0.00,0.00
2008-04-16 11:00:00,903.01,816.92,73.12,12.97,670.14,590.60,79.54,922.07,20.28,1.17,0.00,0.00
2008-04-16 12:00:00,994.96,902.85,77.68,14.43,745.26,660.76,84.50,935.27,22.20,1.45,0.00,0.00
2008-04-16 13:00:00,1008.89,915.86,78.38,14.65,756.72,671.46,85.26,935.65,23.88,1.77,0.00,0.00
2008-04-16 14:00:00,944.13,855.30,75.20,13.62,703.76,621.96,81.80,924.14,25.13,1.98,0.00,0.00
2008-04-16 15:00:00,805.71,726.07,68.20,11.44,590.88,516.70,74.18,897.49,24.08,2.09,0.00,0.00
2008-04-16 16:00:00,603.68,538.19,57.22,8.27,427.42,365.18,62.24,844.54,22.40,1.84,0.00,0.00
2008-04-16 17:00:00,353.45,307.66,41.35,4.44,229.24,184.26,44.98,729.04,19.29,1.06,0.00,0.00
2008-04-16 18:00:00,70.35,57.69,12.10,0.56,29.06,15.90,13.16,324.33,17.05,0.36,0.00,0.00
2008-04-16 19:00:00,0.00,0.00,0.00,0.00,0.00,0.00,0.00,0.00,15.13,0.16,1.00,0.00
2008-04-16 20:00:00,0.00,0.00,0.00,0.00,0.00,0.00,0.00,0.00,13.63,0.40,1.00,0.00
2008-04-16 21:00:00,0.00,0.00,0.00,0.00,0.00,0.00,0.00,0.00,12.25,0.60,1.00,0.00
2008-04-16 22:00:00,0.00,0.00,0.00,0.00,0.00,0.00,0.00,0.00,10.71,0.87,1.00,0.00
2008-04-16 23:00:00,0.00,0.00,0.00,0.00,0.00,0.00,0.00,0.00,9.73,0.85,1.00,0.00
2008-04-17 00:00:00,0.00,0.00,0.00,0.00,0.00,0.00,0.00,0.00,8.15,0.86,1.00,0.00
2008-04-17 01:00:00,0.00,0.00,0.00,0.00,0.00,0.00,0.00,0.00,7.07,0.88,1.00,0.00
2008-04-17 02:00:00,0.00,0.00,0.00,0.00,0.00,0.00,0.00,0.00,6.04,0.80,1.00,0.00
2008-04-17 03:00:00,0.00,0.00,0.00,0.00,0.00,0.00,0.00,0.00,6.92,0.89,1.00,0.00
2008-04-17 04:00:00,0.00,0.00,0.00,0.00,0.00,0.00,0.00,0.00,7.94,0.75,1.00,0.00
2008-04-17 05:00:00,0.00,0.00,0.00,0.00,0.00,0.00,0.00,0.00,9.03,0.82,1.00,0.00
2008-04-17 06:00:00,0.00,0.00,0.00,0.00,0.00,0.00,0.00,0.00,10.20,0.66,1.00,0.00
2008-04-17 07:00:00,0.00,0.00,0.00,0.00,0.00,0.00,0.00,0.00,12.09,0.50,1.00,0.00
2008-04-17 08:00:00,254.48,218.75,32.82,2.91,150.36,114.66,35.70,669.58,15.56,0.19,0.00,0.00
2008-04-17 09:00:00,525.36,466.31,52.07,6.98,360.38,303.74,56.64,839.93,19.44,0.30,0.00,0.00
2008-04-17 10:00:00,751.20,675.86,64.85,10.50,542.20,471.66,70.54,906.32,22.74,0.57,0.00,0.00
2008-04-17 11:00:00,917.08,830.56,73.42,13.11,677.12,597.26,79.86,938.18,25.39,0.95,0.00,0.00
2008-04-17 12:00:00,1010.18,917.58,78.01,14.58,753.20,668.34,84.86,951.51,27.39,1.27,0.00,0.00
2008-04-17 13:00:00,1024.24,930.70,78.73,14.81,764.78,679.14,85.64,952.01,28.82,1.59,0.00,0.00
2008-04-17 14:00:00,958.84,869.58,75.50,13.77,711.28,629.16,82.12,940.99,29.95,1.72,0.00,0.00
2008-04-17 15:00:00,818.66,738.68,68.42,11.56,596.92,522.50,74.42,914.83,28.54,1.90,0.00,0.00
2008-04-17 16:00:00,613.80,548.13,57.33,8.35,431.24,368.88,62.36,862.21,26.19,1.54,0.00,0.00
2008-04-17 17:00:00,359.38,313.73,41.20,4.45,230.00,185.18,44.82,746.14,22.41,0.84,0.00,0.00
2008-04-17 18:00:00,68.33,56.60,11.22,0.51,26.52,14.32,12.20,320.60,19.82,0.38,0.00,0.00
2008-04-17 19:00:00,0.00,0.00,0.00,0.00,0.00,0.00,0.00,0.00,17.27,0.57,1.00,0.00
2008-04-17 20:00:00,0.00,0.00,0.00,0.00,0.00,0.00,0.00,0.00,15.33,0.77,1.00,0.00
2008-04-17 21:00:00,0.00,0.00,0.00,0.00,0.00,0.00,0.00,0.00,13.64,0.95,1.00,0.00
2008-04-17 22:00:00,0.00,0.00,0.00,0.00,0.00,0.00,0.00,0.00,11.76,1.10,1.00,0.00
2008-04-17 23:00:00,0.00,0.00,0.00,0.00,0.00,0.00,0.00,0.00,10.84,1.13,1.00,0.00
2008-04-18 00:00:00,0.00,0.00,0.00,0.00,0.00,0.00,0.00,0.00,9.14,1.04,1.00,0.00
2008-04-18 01:00:00,0.00,0.00,0.00,0.00,0.00,0.00,0.00,0.00,7.99,1.05,1.00,0.00
2008-04-18 02:00:00,0.00,0.00,0.00,0.00,0.00,0.00,0.00,0.00,6.99,0.84,1.00,0.00
2008-04-18 03:00:00,0.00,0.00,0.00,0.00,0.00,0.00,0.00,0.00,8.05,0.80,1.00,0.00
2008-04-18 04:00:00,0.00,0.00,0.00,0.00,0.00,0.00,0.00,0.00,8.90,0.69,1.00,0.00
2008-04-18 05:00:00,0.00,0.00,0.00,0.00,0.00,0.00,0.00,0.00,9.63,0.70,1.00,0.00
2008-04-18 06:00:00,0.00,0.00,0.00,0.00,0.00,0.00,0.00,0.00,10.59,0.61,1.00,0.00
2008-04-18 07:00:00,0.00,0.00,0.00,0.00,0.00,0.00,0.00,0.00,12.66,0.43,1.00,0.00
2008-04-18 08:00:00,251.04,215.83,32.38,2.83,146.26,111.04,35.22,659.71,15.83,0.10,0.00,0.00
2008-04-18 09:00:00,521.44,462.90,51.67,6.87,355.04,298.84,56.20,833.51,19.37,0.30,0.00,0.00
2008-04-18 10:00:00,747.23,672.39,64.46,10.38,536.34,466.22,70.12,902.07,22.79,0.65,0.00,0.00
2008-04-18 11:00:00,913.18,827.19,73.00,12.99,671.16,591.76,79.40,935.09,25.22,0.97,0.00,0.00
2008-04-18 12:00:00,445.79,12.17,424.51,9.11,470.58,8.82,461.76,12.63,26.94,1.33,0.00,1.00
2008-04-18 13:00:00,1017.50,924.65,78.20,14.65,756.60,671.54,85.06,947.06,28.27,1.61,0.00,0.00
2008-04-18 14:00:00,951.20,862.68,74.93,13.60,702.50,621.00,81.50,934.98,29.18,1.80,0.00,0.00
2008-04-18 15:00:00,810.09,730.90,67.81,11.38,587.68,513.92,73.76,906.87,27.76,1.87,0.00,0.00
2008-04-18 16:00:00,605.32,540.45,56.69,8.18,422.36,360.70,61.66,852.21,25.70,1.45,0.00,0.00
2008-04-18 17:00:00,351.84,306.96,40.56,4.31,222.70,178.58,44.12,732.53,22.20,0.72,0.00,0.00
2008-04-18 18:00:00,63.34,52.70,10.19,0.45,23.24,12.16,11.08,300.39,19.36,0.31,0.00,0.00
2008-04-18 19:00:00,0.00,0.00,0.00,0.00,0.00,0.00,0.00,0.00,16.98,0.61,1.00,0.00
2008-04-18 20:00:00,0.00,0.00,0.00,0.00,0.00,0.00,0.00,0.00,14.89,0.73,1.00,0.00
2008-04-18 21:00:00,0.00,0.00,0.00,0.00,0.00,0.00,0.00,0.00,13.28,0.90,1.00,0.00
2008-04-18 22:00:00,0.00,0.00,0.00,0.00,0.00,0.00,0.00,0.00,11.56,1.07,1.00,0.00
2008-04-18 23:00:00,0.00,0.00,0.00,0.00,0.00,0.00,0.00,0.00,10.33,1.10,1.00,0.00
2008-04-19 00:00:00,0.00,0.00,0.00,0.00,0.00,0.00,0.00,0.00,8.81,1.06,1.00,0.00
2008-04-19 01:00:00,0.00,0.00,0.00,0.00,0.00,0.00,0.00,0.00,7.53,1.05,1.00,0.00
2008-04-19 02:00:00,0.00,0.00,0.00,0.00,0.00,0.00,0.00,0.00,6.26,0.84,1.00,0.00
2008-04-19 03:00:00,0.00,0.00,0.00,0.00,0.00,0.00,0.00,0.00,7.22,0.96,1.00,0.00
2008-04-19 04:00:00,0.00,0.00,0.00,0.00,0.00,0.00,0.00,0.00,8.41,0.73,1.00,0.00
2008-04-19 05:00:00,0.00,0.00,0.00,0.00,0.00,0.00,0.00,0.00,9.26,0.77,1.00,0.00
2008-04-19 06:00:00,0.00,0.00,0.00,0.00,0.00,0.00,0.00,0.00,10.37,0.61,1.00,0.00
2008-04-19 07:00:00,0.00,0.00,0.00,0.00,0.00,0.00,0.00,0.00,12.23,0.48,1.00,0.00
2008-04-19 08:00:00,252.75,217.85,32.08,2.81,144.98,110.08,34.90,664.88,15.49,0.14,0.00,0.00
2008-04-19 09:00:00,525.97,467.58,51.52,6.88,355.16,299.12,56.04,841.95,19.22,0.28,0.00,0.00
2008-04-19 10:00:00,753.76,678.95,64.39,10.41,537.88,467.84,70.04,911.27,22.89,0.56,0.00,0.00
2008-04-19 11:00:00,921.34,835.29,73.01,13.05,673.88,594.46,79.42,945.01,25.79,0.88,0.00,0.00
2008-04-19 12:00:00,1012.65,920.59,77.57,14.49,748.56,664.18,84.38,956.64,27.80,1.29,0.00,0.00
2008-04-19 13:00:00,1025.28,932.37,78.22,14.69,759.00,673.92,85.08,956.24,29.31,1.53,0.00,0.00
2008-04-19 14:00:00,958.03,869.49,74.91,13.63,704.20,622.72,81.48,943.89,30.52,1.70,0.00,0.00
2008-04-19 15:00:00,815.29,736.17,67.74,11.39,588.22,514.54,73.68,915.18,29.51,1.84,0.00,0.00
2008-04-19 16:00:00,608.73,543.99,56.58,8.16,421.66,360.12,61.54,859.85,27.45,1.52,0.00,0.00
2008-04-19 17:00:00,352.78,308.21,40.30,4.27,220.54,176.70,43.84,737.63,24.24,0.94,0.00,0.00
2008-04-19 18:00:00,59.13,49.54,9.19,0.39,20.32,10.32,10.00,284.34,21.83,0.47,0.00,0.00
2008-04-19 19:00:00,0.00,0.00,0.00,0.00,0.00,0.00,0.00,0.00,19.22,0.59,1.00,0.00
2008-04-19 20:00:00,0.00,0.00,0.00,0.00,0.00,0.00,0.00,0.00,17.29,0.81,1.00,0.00
2008-04-19 21:00:00,0.00,0.00,0.00,0.00,0.00,0.00,0.00,0.00,15.62,0.90,1.00,0.00
2008-04-19 22:00:00,0.00,0.00,0.00,0.00,0.00,0.00,0.00,0.00,13.77,1.00,1.00,0.00
2008-04-19 23:00:00,0.00,0.00,0.00,0.00,0.00,0.00,0.00,0.00,13.13,0.98,1.00,0.00
2008-04-20 00:00:00,0.00,0.00,0.00,0.00,0.00,0.00,0.00,0.00,11.69,0.98,1.00,0.00
2008-04-20 01:00:00,0.00,0.00,0.00,0.00,0.00,0.00,0.00,0.00,10.75,0.93,1.00,0.00
2008-04-20 02:00:00,0.00,0.00,0.00,0.00,0.00,0.00,0.00,0.00,9.79,0.77,1.00,0.00
2008-04-20 03:00:00,0.00,0.00,0.00,0.00,0.00,0.00,0.00,0.00,9.22,0.81,1.00,0.00
2008-04-20 04:00:00,0.00,0.00,0.00,0.00,0.00,0.00,0.00,0.00,8.74,0.67,1.00,0.00
2008-04-20 05:00:00,0.00,0.00,0.00,0.00,0.00,0.00,0.00,0.00,7.59,0.65,1.00,0.00
2008-04-20 06:00:00,0.00,0.00,0.00,0.00,0.00,0.00,0.00,0.00,8.74,0.60,1.00,0.00
2008-04-20 07:00:00,0.00,0.00,0.00,0.00,0.00,0.00,0.00,0.00,11.32,0.40,1.00,0.00
2008-04-20 08:00:00,246.20,211.85,31.64,2.70,139.46,105.04,34.42,645.85,14.30,0.10,0.00,0.00
2008-04-20 09:00:00,517.22,459.46,51.04,6.71,346.80,291.28,55.52,827.49,17.87,0.27,0.00,0.00
2008-04-20 10:00:00,743.67,669.57,63.88,10.22,527.88,458.40,69.48,899.19,21.39,0.63,0.00,0.00
2008-04-20 11:00:00,910.65,825.34,72.48,12.84,663.16,584.32,78.84,934.55,24.40,0.91,0.00,0.00
2008-04-20 12:00:00,436.89,11.67,416.29,8.93,461.20,8.38,452.82,12.14,26.76,1.38,0.00,1.00
2008-04-20 13:00:00,1011.41,919.43,77.54,14.44,745.72,661.38,84.34,944.27,28.46,1.65,0.00,0.00
2008-04-20 14:00:00,943.56,855.98,74.21,13.37,690.60,609.88,80.72,930.73,27.87,1.82,0.00,0.00
2008-04-20 15:00:00,797.92,719.94,66.89,11.09,572.90,500.14,72.76,896.72,26.61,1.91,0.00,0.00
2008-04-20 16:00:00,591.55,527.99,55.67,7.88,407.22,346.66,60.56,836.58,24.69,1.65,0.00,0.00
2008-04-20 17:00:00,338.16,294.70,39.40,4.05,209.28,166.42,42.86,707.74,21.74,0.95,0.00,0.00
2008-04-20 18:00:00,8.26,0.00,8.09,0.17,8.80,0.00,8.80,0.00,19.25,0.30,1.00,0.00
2008-04-20 19:00:00,0.00,0.00,0.00,0.00,0.00,0.00,0.00,0.00,17.54,0.46,1.00,0.00
2008-04-20 20:00:00,0.00,0.00,0.00,0.00,0.00,0.00,0.00,0.00,15.55,0.66,1.00,0.00
2008-04-20 21:00:00,0.00,0.00,0.00,0.00,0.00,0.00,0.00,0.00,14.24,0.75,1.00,0.00
2008-04-20 22:00:00,0.00,0.00,0.00,0.00,0.00,0.00,0.00,0.00,13.04,0.86,1.00,0.00
2008-04-20 23:00:00,0.00,0.00,0.00,0.00,0.00,0.00,0.00,0.00,12.50,0.86,1.00,0.00
2008-04-21 00:00:00,0.00,0.00,0.00,0.00,0.00,0.00,0.00,0.00,11.64,0.74,1.00,0.00
2008-04-21 01:00:00,0.00,0.00,0.00,0.00,0.00,0.00,0.00,0.00,11.05,0.67,1.00,0.00
2008-04-21 02:00:00,0.00,0.00,0.00,0.00,0.00,0.00,0.00,0.00,10.45,0.48,1.00,0.00
2008-04-21 03:00:00,0.00,0.00,0.00,0.00,0.00,0.00,0.00,0.00,9.60,0.46,1.00,0.00
2008-04-21 04:00:00,0.00,0.00,0.00,0.00,0.00,0.00,0.00,0.00,9.18,0.46,1.00,0.00
2008-04-21 05:00:00,0.00,0.00,0.00,0.00,0.00,0.00,0.00,0.00,7.99,0.37,1.00,0.00
2008-04-21 06:00:00,0.00,0.00,0.00,0.00,0.00,0.00,0.00,0.00,6.83,0.48,1.00,0.00
2008-04-21 07:00:00,0.00,0.00,0.00,0.00,0.00,0.00,0.00,0.00,8.44,0.27,1.00,0.00
2008-04-21 08:00:00,41.18,2.10,38.26,0.83,42.64,1.02,41.62,6.39,10.64,0.02,0.00,1.00
2008-04-21 09:00:00,512.58,455.35,50.62,6.61,341.18,286.12,55.06,820.07,13.58,0.27,0.00,0.00
2008-04-21 10:00:00,736.19,662.73,63.40,10.06,519.84,450.88,68.96,890.48,17.37,0.62,0.00,0.00
2008-04-21 11:00:00,342.83,8.15,327.67,7.01,362.16,5.74,356.42,9.24,20.22,0.87,0.00,1.00
2008-04-21 12:00:00,368.66,8.96,352.16,7.54,389.46,6.40,383.06,9.33,22.06,1.27,0.00,1.00
2008-04-21 13:00:00,390.62,9.05,373.58,7.99,412.84,6.48,406.36,9.31,21.87,1.67,0.00,1.00
2008-04-21 14:00:00,267.38,8.41,253.52,5.45,281.72,5.96,275.76,9.16,21.45,1.79,0.00,1.00
2008-04-21 15:00:00,785.65,708.65,66.14,10.87,561.24,489.30,71.94,884.42,20.77,1.68,0.00,0.00
2008-04-21 16:00:00,160.87,5.19,152.41,3.27,169.16,3.38,165.78,8.24,19.87,1.42,0.00,1.00
2008-04-21 17:00:00,64.60,2.88,60.42,1.30,67.32,1.60,65.72,6.93,17.81,0.76,0.00,1.00
2008-04-21 18:00:00,7.15,0.00,7.01,0.15,7.62,0.00,7.62,0.00,16.14,0.38,1.00,0.00
2008-04-21 19:00:00,0.00,0.00,0.00,0.00,0.00,0.00,0.00,0.00,14.64,0.23,1.00,0.00
2008-04-21 20:00:00,0.00,0.00,0.00,0.00,0.00,0.00,0.00,0.00,13.56,0.16,1.00,0.00
2008-04-21 21:00:00,0.00,0.00,0.00,0.00,0.00,0.00,0.00,0.00,12.78,0.25,1.00,0.00
2008-04-21 22:00:00,0.00,0.00,0.00,0.00,0.00,0.00,0.00,0.00,11.82,0.41,1.00,0.00
2008-04-21 23:00:00,0.00,0.00,0.00,0.00,0.00,0.00,0.00,0.00,11.50,0.40,1.00,0.00
2008-04-22 00:00:00,0.00,0.00,0.00,0.00,0.00,0.00,0.00,0.00,10.78,0.37,1.00,0.00
2008-04-22 01:00:00,0.00,0.00,0.00,0.00,0.00,0.00,0.00,0.00,10.61,0.34,1.00,0.00
2008-04-22 02:00:00,0.00,0.00,0.00,0.00,0.00,0.00,0.00,0.00,10.63,0.36,1.00,0.00
2008-04-22 03:00:00,0.00,0.00,0.00,0.00,0.00,0.00,0.00,0.00,10.46,0.33,1.00,0.00
2008-04-22 04:00:00,0.00,0.00,0.00,0.00,0.00,0.00,0.00,0.00,10.25,0.34,1.00,0.00
2008-04-22 05:00:00,0.00,0.00,0.00,0.00,0.00,0.00,0.00,0.00,9.72,0.29,1.00,0.00
2008-04-22 06:00:00,0.00,0.00,0.00,0.00,0.00,0.00,0.00,0.00,8.98,0.34,1.00,0.00
2008-04-22 07:00:00,0.00,0.00,0.00,0.00,0.00,0.00,0.00,0.00,10.13,0.19,1.00,0.00
2008-04-22 08:00:00,23.27,2.05,20.76,0.46,23.56,0.98,22.58,6.24,11.70,0.11,0.00,1.00
2008-04-22 09:00:00,61.42,4.46,55.73,1.23,63.40,2.78,60.62,8.04,14.66,0.36,0.00,1.00
2008-04-22 10:00:00,159.81,6.51,150.05,3.25,167.62,4.40,163.22,8.75,17.39,0.74,0.00,1.00
2008-04-22 11:00:00,884.65,801.13,71.16,12.36,638.68,561.28,77.40,908.83,19.46,0.98,0.00,0.00
2008-04-22 12:00:00,972.01,882.73,75.53,13.75,710.02,627.86,82.16,920.45,20.92,1.37,0.00,0.00
2008-04-22 13:00:00,982.82,892.80,76.10,13.92,718.96,636.18,82.78,919.48,21.80,1.69,0.00,0.00
2008-04-22 14:00:00,915.72,830.05,72.81,12.87,664.62,585.42,79.20,905.49,22.31,1.91,0.00,0.00
2008-04-22 15:00:00,776.50,700.14,65.68,10.69,551.94,480.50,71.44,875.42,21.36,1.95,0.00,0.00
2008-04-22 16:00:00,575.20,513.05,54.59,7.56,390.68,331.30,59.38,816.77,19.97,1.73,0.00,0.00
2008-04-22 17:00:00,325.88,283.74,38.32,3.82,197.14,155.46,41.68,685.90,17.46,1.02,0.00,0.00
2008-04-22 18:00:00,6.08,0.00,5.96,0.13,6.48,0.00,6.48,0.00,15.49,0.43,1.00,0.00
2008-04-22 19:00:00,0.00,0.00,0.00,0.00,0.00,0.00,0.00,0.00,14.05,0.16,1.00,0.00
2008-04-22 20:00:00,0.00,0.00,0.00,0.00,0.00,0.00,0.00,0.00,12.73,0.06,1.00,0.00
2008-04-22 21:00:00,0.00,0.00,0.00,0.00,0.00,0.00,0.00,0.00,11.54,0.24,1.00,0.00
2008-04-22 22:00:00,0.00,0.00,0.00,0.00,0.00,0.00,0.00,0.00,10.59,0.38,1.00,0.00
2008-04-22 23:00:00,0.00,0.00,0.00,0.00,0.00,0.00,0.00,0.00,9.53,0.34,1.00,0.00
2008-04-23 00:00:00,0.00,0.00,0.00,0.00,0.00,0.00,0.00,0.00,8.94,0.48,1.00,0.00
2008-04-23 01:00:00,0.00,0.00,0.00,0.00,0.00,0.00,0.00,0.00,8.37,0.47,1.00,0.00
2008-04-23 02:00:00,0.00,0.00,0.00,0.00,0.00,0.00,0.00,0.00,7.89,0.34,1.00,0.00
2008-04-23 03:00:00,0.00,0.00,0.00,0.00,0.00,0.00,0.00,0.00,6.75,0.42,1.00,0.00
2008-04-23 04:00:00,0.00,0.00,0.00,0.00,0.00,0.00,0.00,0.00,6.88,0.41,1.00,0.00
2008-04-23 05:00:00,0.00,0.00,0.00,0.00,0.00,0.00,0.00,0.00,5.86,0.41,1.00,0.00
2008-04-23 06:00:00,0.00,0.00,0.00,0.00,0.00,0.00,0.00,0.00,5.23,0.43,1.00,0.00
2008-04-23 07:00:00,0.00,0.00,0.00,0.00,0.00,0.00,0.00,0.00,7.49,0.28,1.00,0.00
2008-04-23 08:00:00,230.16,197.58,30.15,2.43,125.34,92.54,32.80,600.83,9.62,0.10,0.00,0.00
2008-04-23 09:00:00,496.40,440.51,49.59,6.31,325.76,271.82,53.94,793.61,13.26,0.33,0.00,0.00
2008-04-23 10:00:00,718.21,646.18,62.31,9.72,501.94,434.16,67.78,869.37,16.63,0.70,0.00,0.00
2008-04-23 11:00:00,882.25,799.15,70.83,12.27,634.00,556.96,77.04,907.49,19.64,0.97,0.00,0.00
2008-04-23 12:00:00,971.55,882.59,75.28,13.68,706.64,624.76,81.88,921.43,22.22,1.36,0.00,0.00
2008-04-23 13:00:00,983.81,894.05,75.88,13.87,716.66,634.12,82.54,922.06,23.97,1.70,0.00,0.00
2008-04-23 14:00:00,918.38,832.92,72.61,12.84,663.40,584.42,78.98,910.14,23.49,1.88,0.00,0.00
2008-04-23 15:00:00,778.48,702.35,65.48,10.65,550.32,479.10,71.22,879.90,22.64,1.90,0.00,0.00
2008-04-23 16:00:00,576.39,514.51,54.35,7.52,388.60,329.48,59.12,821.01,21.21,1.62,0.00,0.00
2008-04-23 17:00:00,325.42,283.68,37.97,3.76,194.40,153.10,41.30,687.87,18.18,0.93,0.00,0.00
2008-04-23 18:00:00,5.07,0.00,4.96,0.10,5.40,0.00,5.40,0.00,16.18,0.31,1.00,0.00
2008-04-23 19:00:00,0.00,0.00,0.00,0.00,0.00,0.00,0.00,0.00,14.64,0.13,1.00,0.00
2008-04-23 20:00:00,0.00,0.00,0.00,0.00,0.00,0.00,0.00,0.00,13.49,0.22,1.00,0.00
2008-04-23 21:00:00,0.00,0.00,0.00,0.00,0.00,0.00,0.00,0.00,12.35,0.53,1.00,0.00
2008-04-23 22:00:00,0.00,0.00,0.00,0.00,0.00,0.00,0.00,0.00,11.37,0.50,1.00,0.00
2008-04-23 23:00:00,0.00,0.00,0.00,0.00,0.00,0.00,0.00,0.00,10.29,0.56,1.00,0.00
2008-04-24 00:00:00,0.00,0.00,0.00,0.00,0.00,0.00,0.00,0.00,9.85,0.49,1.00,0.00
2008-04-24 01:00:00,0.00,0.00,0.00,0.00,0.00,0.00,0.00,0.00,9.32,0.34,1.00,0.00
2008-04-24 02:00:00,0.00,0.00,0.00,0.00,0.00,0.00,0.00,0.00,8.86,0.34,1.00,0.00
2008-04-24 03:00:00,0.00,0.00,0.00,0.00,0.00,0.00,0.00,0.00,7.35,0.36,1.00,0.00
2008-04-24 04:00:00,0.00,0.00,0.00,0.00,0.00,0.00,0.00,0.00,6.76,0.39,1.00,0.00
2008-04-24 05:00:00,0.00,0.00,0.00,0.00,0.00,0.00,0.00,0.00,5.74,0.42,1.00,0.00
2008-04-24 06:00:00,0.00,0.00,0.00,0.00,0.00,0.00,0.00,0.00,5.13,0.44,1.00,0.00
2008-04-24 07:00:00,0.00,0.00,0.00,0.00,0.00,0.00,0.00,0.00,7.98,0.39,1.00,0.00
2008-04-24 08:00:00,238.10,205.50,30.14,2.46,127.22,94.44,32.78,624.35,10.70,0.24,0.00,0.00
2008-04-24 09:00:00,508.91,452.69,49.81,6.41,331.02,276.84,54.18,815.69,14.77,0.27,0.00,0.00
2008-04-24 10:00:00,732.12,659.69,62.59,9.84,508.52,440.44,68.08,888.14,18.66,0.67,0.00,0.00
2008-04-24 11:00:00,895.69,812.23,71.06,12.40,640.48,563.18,77.30,923.24,21.73,0.93,0.00,0.00
2008-04-24 12:00:00,980.88,891.76,75.37,13.75,710.28,628.30,81.98,932.13,24.04,1.38,0.00,0.00
2008-04-24 13:00:00,989.18,899.46,75.83,13.89,717.46,634.98,82.48,928.97,25.59,1.69,0.00,0.00
2008-04-24 14:00:00,919.76,834.55,72.41,12.80,661.38,582.62,78.76,913.44,24.81,1.89,0.00,0.00
2008-04-24 15:00:00,779.73,703.87,65.25,10.61,548.26,477.28,70.98,883.46,23.97,1.90,0.00,0.00
2008-04-24 16:00:00,577.11,515.54,54.09,7.48,386.30,327.46,58.84,824.53,22.34,1.59,0.00,0.00
2008-04-24 17:00:00,325.25,283.93,37.60,3.71,191.76,150.86,40.90,690.49,19.61,0.87,0.00,0.00
2008-04-24 18:00:00,4.06,0.00,3.97,0.08,4.32,0.00,4.32,0.00,17.56,0.22,1.00,0.00
2008-04-24 19:00:00,0.00,0.00,0.00,0.00,0.00,0.00,0.00,0.00,16.20,0.14,1.00,0.00
2008-04-24 20:00:00,0.00,0.00,0.00,0.00,0.00,0.00,0.00,0.00,14.93,0.41,1.00,0.00
2008-04-24 21:00:00,0.00,0.00,0.00,0.00,0.00,0.00,0.00,0.00,13.84,0.61,1.00,0.00
2008-04-24 22:00:00,0.00,0.00,0.00,0.00,0.00,0.00,0.00,0.00,12.97,0.62,1.00,0.00
2008-04-24 23:00:00,0.00,0.00,0.00,0.00,0.00,0.00,0.00,0.00,11.88,0.61,1.00,0.00
2008-04-25 00:00:00,0.00,0.00,0.00,0.00,0.00,0.00,0.00,0.00,11.50,0.49,1.00,0.00
2008-04-25 01:00:00,0.00,0.00,0.00,0.00,0.00,0.00,0.00,0.00,10.89,0.40,1.00,0.00
2008-04-25 02:00:00,0.00,0.00,0.00,0.00,0.00,0.00,0.00,0.00,10.67,0.49,1.00,0.00
2008-04-25 03:00:00,0.00,0.00,0.00,0.00,0.00,0.00,0.00,0.00,9.42,0.51,1.00,0.00
2008-04-25 04:00:00,0.00,0.00,0.00,0.00,0.00,0.00,0.00,0.00,9.52,0.40,1.00,0.00
2008-04-25 05:00:00,0.00,0.00,0.00,0.00,0.00,0.00,0.00,0.00,8.74,0.42,1.00,0.00
2008-04-25 06:00:00,0.00,0.00,0.00,0.00,0.00,0.00,0.00,0.00,8.09,0.40,1.00,0.00
2008-04-25 07:00:00,0.00,0.00,0.00,0.00,0.00,0.00,0.00,0.00,8.32,0.08,1.00,0.00
2008-04-25 08:00:00,10.06,1.91,7.96,0.18,9.52,0.86,8.66,5.80,8.77,0.26,0.00,1.00
2008-04-25 09:00:00,25.63,4.32,20.81,0.49,25.26,2.62,22.64,7.80,10.01,0.32,0.00,1.00
2008-04-25 10:00:00,77.61,6.36,69.70,1.55,80.04,4.22,75.82,8.57,11.79,0.74,0.00,1.00
2008-04-25 11:00:00,49.07,7.83,40.29,0.95,49.22,5.40,43.82,8.91,12.55,0.98,0.00,1.00
2008-04-25 12:00:00,54.54,8.61,44.86,1.06,54.84,6.04,48.80,9.01,12.85,1.44,0.00,1.00
2008-04-25 13:00:00,55.20,8.71,45.42,1.07,55.52,6.12,49.40,9.01,13.18,1.91,0.00,1.00
2008-04-25 14:00:00,51.00,8.09,41.92,0.99,51.22,5.62,45.60,8.87,12.66,2.15,0.00,1.00
2008-04-25 15:00:00,42.36,6.82,34.71,0.82,42.36,4.60,37.76,8.58,11.91,2.24,0.00,1.00
2008-04-25 16:00:00,74.23,4.98,67.76,1.49,76.84,3.14,73.70,7.99,11.22,1.95,0.00,1.00
2008-04-25 17:00:00,50.03,2.71,46.32,1.00,51.80,1.42,50.38,6.62,10.53,1.43,0.00,1.00
2008-04-25 18:00:00,0.79,0.00,0.77,0.02,0.84,0.00,0.84,0.00,9.76,0.69,1.00,1.00
2008-04-25 19:00:00,0.00,0.00,0.00,0.00,0.00,0.00,0.00,0.00,9.44,0.40,1.00,0.00
2008-04-25 20:00:00,0.00,0.00,0.00,0.00,0.00,0.00,0.00,0.00,9.22,0.30,1.00,0.00
2008-04-25 21:00:00,0.00,0.00,0.00,0.00,0.00,0.00,0.00,0.00,8.85,0.03,1.00,0.00
2008-04-25 22:00:00,0.00,0.00,0.00,0.00,0.00,0.00,0.00,0.00,8.50,0.14,1.00,0.00
2008-04-25 23:00:00,0.00,0.00,0.00,0.00,0.00,0.00,0.00,0.00,8.47,0.19,1.00,0.00
2008-04-26 00:00:00,0.00,0.00,0.00,0.00,0.00,0.00,0.00,0.00,8.29,0.21,1.00,0.00
2008-04-26 01:00:00,0.00,0.00,0.00,0.00,0.00,0.00,0.00,0.00,8.59,0.24,1.00,0.00
2008-04-26 02:00:00,0.00,0.00,0.00,0.00,0.00,0.00,0.00,0.00,9.00,0.28,1.00,0.00
2008-04-26 03:00:00,0.00,0.00,0.00,0.00,0.00,0.00,0.00,0.00,8.82,0.21,1.00,0.00
2008-04-26 04:00:00,0.00,0.00,0.00,0.00,0.00,0.00,0.00,0.00,9.04,0.32,1.00,0.00
2008-04-26 05:00:00,0.00,0.00,0.00,0.00,0.00,0.00,0.00,0.00,8.86,0.26,1.00,0.00
2008-04-26 06:00:00,0.00,0.00,0.00,0.00,0.00,0.00,0.00,0.00,8.68,0.32,1.00,0.00
2008-04-26 07:00:00,0.00,0.00,0.00,0.00,0.00,0.00,0.00,0.00,9.29,0.17,1.00,0.00
2008-04-26 08:00:00,226.59,195.12,29.18,2.28,117.94,86.20,31.74,592.17,10.63,0.14,0.00,0.00
2008-04-26 09:00:00,494.59,439.55,48.91,6.14,317.18,263.98,53.20,792.77,12.72,0.27,0.00,0.00
2008-04-26 10:00:00,715.94,644.76,61.65,9.53,492.16,425.10,67.06,869.46,15.70,0.62,0.00,0.00
2008-04-26 11:00:00,878.43,796.26,70.11,12.06,622.74,546.48,76.26,907.00,17.46,0.92,0.00,0.00
2008-04-26 12:00:00,367.77,8.77,351.48,7.52,388.44,6.12,382.32,9.19,18.59,1.38,0.00,1.00
2008-04-26 13:00:00,397.29,9.52,379.65,8.12,419.62,6.66,412.96,9.86,19.21,1.73,0.00,1.00
2008-04-26 14:00:00,351.48,8.22,336.07,7.19,371.24,5.68,365.56,9.03,19.44,1.99,0.00,1.00
2008-04-26 15:00:00,280.20,6.90,267.58,5.72,295.68,4.62,291.06,8.69,18.90,2.24,0.00,1.00
2008-04-26 16:00:00,128.60,5.03,120.97,2.61,134.72,3.14,131.58,8.08,17.62,2.02,0.00,1.00
2008-04-26 17:00:00,312.61,272.50,36.63,3.49,180.18,140.34,39.84,666.79,15.80,1.43,0.00,0.00
2008-04-26 18:00:00,2.20,0.00,2.15,0.05,2.34,0.00,2.34,0.00,14.57,0.70,1.00,0.00
2008-04-26 19:00:00,0.00,0.00,0.00,0.00,0.00,0.00,0.00,0.00,13.77,0.45,1.00,0.00
2008-04-26 20:00:00,0.00,0.00,0.00,0.00,0.00,0.00,0.00,0.00,13.43,0.25,1.00,0.00
2008-04-26 21:00:00,0.00,0.00,0.00,0.00,0.00,0.00,0.00,0.00,13.07,0.45,1.00,0.00
2008-04-26 22:00:00,0.00,0.00,0.00,0.00,0.00,0.00,0.00,0.00,12.16,0.13,1.00,0.00
2008-04-26 23:00:00,0.00,0.00,0.00,0.00,0.00,0.00,0.00,0.00,11.77,0.21,1.00,0.00
2008-04-27 00:00:00,0.00,0.00,0.00,0.00,0.00,0.00,0.00,0.00,11.08,0.10,1.00,0.00
2008-04-27 01:00:00,0.00,0.00,0.00,0.00,0.00,0.00,0.00,0.00,10.57,0.09,1.00,0.00
2008-04-27 02:00:00,0.00,0.00,0.00,0.00,0.00,0.00,0.00,0.00,10.36,0.25,1.00,0.00
2008-04-27 03:00:00,0.00,0.00,0.00,0.00,0.00,0.00,0.00,0.00,9.96,0.27,1.00,0.00
2008-04-27 04:00:00,0.00,0.00,0.00,0.00,0.00,0.00,0.00,0.00,9.71,0.30,1.00,0.00
2008-04-27 05:00:00,0.00,0.00,0.00,0.00,0.00,0.00,0.00,0.00,9.22,0.34,1.00,0.00
2008-04-27 06:00:00,0.00,0.00,0.00,0.00,0.00,0.00,0.00,0.00,8.92,0.36,1.00,0.00
2008-04-27 07:00:00,0.00,0.00,0.00,0.00,0.00,0.00,0.00,0.00,9.39,0.14,1.00,0.00
2008-04-27 08:00:00,25.22,1.94,22.78,0.50,25.62,0.84,24.78,5.89,10.55,0.34,0.00,1.00
2008-04-27 09:00:00,73.62,4.33,67.81,1.48,76.34,2.58,73.76,7.82,12.22,0.48,0.00,1.00
2008-04-27 10:00:00,173.43,6.32,163.59,3.52,182.08,4.14,177.94,8.53,13.63,0.90,0.00,1.00
2008-04-27 11:00:00,125.46,7.76,115.17,2.53,130.58,5.30,125.28,8.85,15.04,1.07,0.00,1.00
2008-04-27 12:00:00,139.73,8.55,128.36,2.82,145.56,5.94,139.62,8.97,15.84,1.49,0.00,1.00
2008-04-27 13:00:00,156.74,8.65,144.92,3.17,163.66,6.02,157.64,8.97,15.86,1.80,0.00,1.00
2008-04-27 14:00:00,86.93,8.03,77.17,1.73,89.46,5.52,83.94,8.83,15.73,2.22,0.00,1.00
2008-04-27 15:00:00,41.47,6.73,33.94,0.80,41.40,4.48,36.92,8.49,15.00,2.14,0.00,1.00
2008-04-27 16:00:00,29.11,4.87,23.68,0.56,28.78,3.02,25.76,7.85,14.36,1.75,0.00,1.00
2008-04-27 17:00:00,301.37,262.24,35.80,3.33,171.86,132.92,38.94,643.54,12.75,1.66,0.00,0.00
2008-04-27 18:00:00,1.30,0.00,1.27,0.03,1.38,0.00,1.38,0.00,12.20,1.14,1.00,0.00
2008-04-27 19:00:00,0.00,0.00,0.00,0.00,0.00,0.00,0.00,0.00,12.42,0.82,1.00,0.00
2008-04-27 20:00:00,0.00,0.00,0.00,0.00,0.00,0.00,0.00,0.00,11.89,0.85,1.00,0.00
2008-04-27 21:00:00,0.00,0.00,0.00,0.00,0.00,0.00,0.00,0.00,10.91,0.40,1.00,0.00
2008-04-27 22:00:00,0.00,0.00,0.00,0.00,0.00,0.00,0.00,0.00,11.33,0.92,1.00,0.00
2008-04-27 23:00:00,0.00,0.00,0.00,0.00,0.00,0.00,0.00,0.00,10.63,1.17,1.00,0.00
2008-04-28 00:00:00,0.00,0.00,0.00,0.00,0.00,0.00,0.00,0.00,13.02,1.54,1.00,0.00
2008-04-28 01:00:00,0.00,0.00,0.00,0.00,0.00,0.00,0.00,0.00,14.84,0.64,1.00,0.00
2008-04-28 02:00:00,0.00,0.00,0.00,0.00,0.00,0.00,0.00,0.00,15.87,0.74,1.00,0.00
2008-04-28 03:00:00,0.00,0.00,0.00,0.00,0.00,0.00,0.00,0.00,11.60,0.37,1.00,0.00
2008-04-28 04:00:00,0.00,0.00,0.00,0.00,0.00,0.00,0.00,0.00,12.63,0.48,1.00,0.00
2008-04-28 05:00:00,0.00,0.00,0.00,0.00,0.00,0.00,0.00,0.00,12.71,0.61,1.00,0.00
2008-04-28 06:00:00,0.00,0.00,0.00,0.00,0.00,0.00,0.00,0.00,11.96,0.46,1.00,0.00
2008-04-28 07:00:00,0.00,0.00,0.00,0.00,0.00,0.00,0.00,0.00,11.90,0.52,1.00,0.00
2008-04-28 08:00:00,21.86,1.79,19.64,0.43,22.12,0.76,21.36,5.43,11.97,0.67,0.00,1.00
2008-04-28 09:00:00,467.99,414.82,47.44,5.74,296.28,244.68,51.60,748.89,12.84,0.84,0.00,0.00
2008-04-28 10:00:00,55.38,6.11,48.17,1.09,56.38,3.98,52.40,8.26,14.19,1.15,0.00,1.00
2008-04-28 11:00:00,80.19,7.57,71.03,1.60,82.40,5.14,77.26,8.64,15.46,1.32,0.00,1.00
2008-04-28 12:00:00,52.67,8.42,43.23,1.02,52.84,5.82,47.02,8.84,16.37,1.65,0.00,1.00
2008-04-28 13:00:00,259.12,8.54,245.30,5.28,272.74,5.92,266.82,8.88,17.04,1.94,0.00,1.00
2008-04-28 14:00:00,232.28,7.98,219.57,4.73,244.30,5.46,238.84,8.79,17.66,2.18,0.00,1.00
2008-04-28 15:00:00,747.07,673.82,63.29,9.97,514.90,446.06,68.84,852.25,18.02,2.11,0.00,0.00
2008-04-28 16:00:00,551.25,491.99,52.31,6.95,359.20,302.30,56.90,793.96,17.11,1.94,0.00,0.00
2008-04-28 17:00:00,304.88,265.86,35.71,3.32,171.44,132.60,38.84,654.44,15.50,1.57,0.00,0.00
2008-04-28 18:00:00,0.38,0.00,0.37,0.01,0.40,0.00,0.40,0.00,14.03,0.87,1.00,0.00
2008-04-28 19:00:00,0.00,0.00,0.00,0.00,0.00,0.00,0.00,0.00,13.18,0.45,1.00,0.00
2008-04-28 20:00:00,0.00,0.00,0.00,0.00,0.00,0.00,0.00,0.00,12.09,0.16,1.00,0.00
2008-04-28 21:00:00,0.00,0.00,0.00,0.00,0.00,0.00,0.00,0.00,11.41,0.06,1.00,0.00
2008-04-28 22:00:00,0.00,0.00,0.00,0.00,0.00,0.00,0.00,0.00,10.62,0.43,1.00,0.00
2008-04-28 23:00:00,0.00,0.00,0.00,0.00,0.00,0.00,0.00,0.00,9.95,0.36,1.00,0.00
2008-04-29 00:00:00,0.00,0.00,0.00,0.00,0.00,0.00,0.00,0.00,9.02,0.29,1.00,0.00
2008-04-29 01:00:00,0.00,0.00,0.00,0.00,0.00,0.00,0.00,0.00,8.29,0.28,1.00,0.00
2008-04-29 02:00:00,0.00,0.00,0.00,0.00,0.00,0.00,0.00,0.00,7.61,0.34,1.00,0.00
2008-04-29 03:00:00,0.00,0.00,0.00,0.00,0.00,0.00,0.00,0.00,7.68,0.44,1.00,0.00
2008-04-29 04:00:00,0.00,0.00,0.00,0.00,0.00,0.00,0.00,0.00,6.68,0.41,1.00,0.00
2008-04-29 05:00:00,0.00,0.00,0.00,0.00,0.00,0.00,0.00,0.00,6.29,0.43,1.00,0.00
2008-04-29 06:00:00,0.00,0.00,0.00,0.00,0.00,0.00,0.00,0.00,5.60,0.49,1.00,0.00
2008-04-29 07:00:00,0.00,0.00,0.00,0.00,0.00,0.00,0.00,0.00,6.42,0.42,1.00,0.00
2008-04-29 08:00:00,220.05,190.18,27.76,2.11,109.20,79.00,30.20,576.95,9.83,0.10,0.00,0.00
2008-04-29 09:00:00,486.70,433.08,47.71,5.91,305.06,253.16,51.90,782.35,13.48,0.51,0.00,0.00
2008-04-29 10:00:00,703.89,634.32,60.35,9.22,476.12,410.48,65.64,857.78,15.88,0.67,0.00,0.00
2008-04-29 11:00:00,861.28,781.02,68.60,11.66,602.50,527.88,74.62,892.73,17.56,1.07,0.00,0.00
2008-04-29 12:00:00,372.59,8.60,356.37,7.62,393.56,5.92,387.64,9.05,18.54,1.22,0.00,1.00
2008-04-29 13:00:00,371.73,8.70,355.43,7.60,392.62,6.00,386.62,9.05,19.46,1.60,0.00,1.00
2008-04-29 14:00:00,888.85,806.69,70.05,12.11,625.46,549.26,76.20,890.36,18.93,1.95,0.00,0.00
2008-04-29 15:00:00,158.65,6.78,148.66,3.22,166.16,4.46,161.70,8.59,18.02,1.98,0.00,1.00
2008-04-29 16:00:00,550.45,491.80,51.76,6.89,355.94,299.64,56.30,795.41,16.23,1.87,0.00,0.00
2008-04-29 17:00:00,300.67,262.48,34.95,3.23,166.84,128.82,38.02,647.81,14.15,1.39,0.00,0.00
2008-04-29 18:00:00,0.00,0.00,0.00,0.00,0.00,0.00,0.00,0.00,12.99,0.79,1.00,0.00
2008-04-29 19:00:00,0.00,0.00,0.00,0.00,0.00,0.00,0.00,0.00,11.62,0.60,1.00,0.00
2008-04-29 20:00:00,0.00,0.00,0.00,0.00,0.00,0.00,0.00,0.00,10.64,0.41,1.00,0.00
2008-04-29 21:00:00,0.00,0.00,0.00,0.00,0.00,0.00,0.00,0.00,9.55,0.24,1.00,0.00
2008-04-29 22:00:00,0.00,0.00,0.00,0.00,0.00,0.00,0.00,0.00,9.00,0.08,1.00,0.00
2008-04-29 23:00:00,0.00,0.00,0.00,0.00,0.00,0.00,0.00,0.00,7.86,0.06,1.00,0.00
2008-04-30 00:00:00,0.00,0.00,0.00,0.00,0.00,0.00,0.00,0.00,7.47,0.10,1.00,0.00
2008-04-30 01:00:00,0.00,0.00,0.00,0.00,0.00,0.00,0.00,0.00,6.55,0.21,1.00,0.00
2008-04-30 02:00:00,0.00,0.00,0.00,0.00,0.00,0.00,0.00,0.00,5.84,0.34,1.00,0.00
2008-04-30 03:00:00,0.00,0.00,0.00,0.00,0.00,0.00,0.00,0.00,6.24,0.19,1.00,0.00
2008-04-30 04:00:00,0.00,0.00,0.00,0.00,0.00,0.00,0.00,0.00,7.12,0.19,1.00,0.00
2008-04-30 05:00:00,0.00,0.00,0.00,0.00,0.00,0.00,0.00,0.00,7.20,0.25,1.00,0.00
2008-04-30 06:00:00,0.00,0.00,0.00,0.00,0.00,0.00,0.00,0.00,7.07,0.25,1.00,0.00
2008-04-30 07:00:00,0.00,0.00,0.00,0.00,0.00,0.00,0.00,0.00,7.41,0.20,1.00,0.00
2008-04-30 08:00:00,13.69,1.77,11.66,0.26,13.40,0.72,12.68,5.37,8.01,0.30,0.00,1.00
2008-04-30 09:00:00,36.72,4.14,31.86,0.72,37.06,2.40,34.66,7.49,9.73,0.69,0.00,1.00
2008-04-30 10:00:00,42.97,6.10,36.04,0.83,43.12,3.92,39.20,8.25,11.55,0.88,0.00,1.00
2008-04-30 11:00:00,46.53,7.55,38.08,0.90,46.50,5.08,41.42,8.64,12.84,1.27,0.00,1.00
2008-04-30 12:00:00,71.71,8.35,61.94,1.42,73.10,5.72,67.38,8.80,13.62,1.57,0.00,1.00
2008-04-30 13:00:00,52.62,8.45,43.15,1.02,52.74,5.80,46.94,8.80,14.02,1.86,0.00,1.00
2008-04-30 14:00:00,83.39,7.85,73.88,1.66,85.68,5.32,80.36,8.68,13.77,2.12,0.00,1.00
2008-04-30 15:00:00,79.90,6.60,71.71,1.59,82.32,4.32,78.00,8.38,12.85,2.24,0.00,1.00
2008-04-30 16:00:00,87.80,4.77,81.27,1.77,91.28,2.88,88.40,7.72,11.59,2.04,0.00,1.00
2008-04-30 17:00:00,289.35,252.09,34.18,3.08,158.90,121.72,37.18,623.92,10.72,1.82,0.00,0.00
2008-04-30 18:00:00,0.00,0.00,0.00,0.00,0.00,0.00,0.00,0.00,10.30,1.41,1.00,0.00
2008-04-30 19:00:00,0.00,0.00,0.00,0.00,0.00,0.00,0.00,0.00,9.66,0.86,1.00,0.00
2008-04-30 20:00:00,0.00,0.00,0.00,0.00,0.00,0.00,0.00,0.00,8.85,0.43,1.00,0.00
2008-04-30 21:00:00,0.00,0.00,0.00,0.00,0.00,0.00,0.00,0.00,7.95,0.11,1.00,0.00
2008-04-30 22:00:00,0.00,0.00,0.00,0.00,0.00,0.00,0.00,0.00,7.72,0.07,1.00,0.00
2008-04-30 23:00:00,0.00,0.00,0.00,0.00,0.00,0.00,0.00,0.00,6.71,0.10,1.00,0.00
2006-05-01 00:00:00,0.00,0.00,0.00,0.00,0.00,0.00,0.00,0.00,13.36,0.70,1.00,0.00
2006-05-01 01:00:00,0.00,0.00,0.00,0.00,0.00,0.00,0.00,0.00,12.52,0.65,1.00,0.00
2006-05-01 02:00:00,0.00,0.00,0.00,0.00,0.00,0.00,0.00,0.00,12.06,0.70,1.00,0.00
2006-05-01 03:00:00,0.00,0.00,0.00,0.00,0.00,0.00,0.00,0.00,10.22,0.60,1.00,0.00
2006-05-01 04:00:00,0.00,0.00,0.00,0.00,0.00,0.00,0.00,0.00,9.58,0.66,1.00,0.00
2006-05-01 05:00:00,0.00,0.00,0.00,0.00,0.00,0.00,0.00,0.00,8.45,0.66,1.00,0.00
2006-05-01 06:00:00,0.00,0.00,0.00,0.00,0.00,0.00,0.00,0.00,7.57,0.62,1.00,0.00
2006-05-01 07:00:00,0.00,0.00,0.00,0.00,0.00,0.00,0.00,0.00,9.99,0.39,1.00,0.00
2006-05-01 08:00:00,220.86,191.21,27.58,2.07,107.02,77.02,30.00,580.08,12.50,0.08,0.00,0.00
2006-05-01 09:00:00,489.53,435.94,47.71,5.87,303.34,251.44,51.90,788.31,16.06,0.24,0.00,0.00
2006-05-01 10:00:00,707.23,637.66,60.38,9.19,474.54,408.86,65.68,863.53,19.39,0.58,0.00,0.00
2006-05-01 11:00:00,864.82,784.50,68.69,11.63,600.96,526.24,74.72,898.32,21.88,0.79,0.00,0.00
2006-05-01 12:00:00,950.20,864.22,73.01,12.97,670.20,590.78,79.42,911.16,24.02,1.16,0.00,0.00
2006-05-01 13:00:00,959.05,872.44,73.49,13.12,677.68,597.74,79.94,909.83,25.24,1.41,0.00,0.00
2006-05-01 14:00:00,891.45,809.26,70.13,12.07,623.32,547.04,76.28,895.36,24.59,1.61,0.00,0.00
2006-05-01 15:00:00,752.51,679.62,62.97,9.91,511.86,443.36,68.50,863.59,23.57,1.74,0.00,0.00
2006-05-01 16:00:00,551.56,492.99,51.74,6.83,352.96,296.68,56.28,799.93,21.84,1.30,0.00,0.00
2006-05-01 17:00:00,300.09,262.13,34.79,3.16,163.46,125.62,37.84,649.61,19.05,0.50,0.00,0.00
2006-05-01 18:00:00,0.00,0.00,0.00,0.00,0.00,0.00,0.00,0.00,17.31,0.14,1.00,0.00
2006-05-01 19:00:00,0.00,0.00,0.00,0.00,0.00,0.00,0.00,0.00,15.97,0.41,1.00,0.00
2006-05-01 20:00:00,0.00,0.00,0.00,0.00,0.00,0.00,0.00,0.00,14.78,0.65,1.00,0.00
2006-05-01 21:00:00,0.00,0.00,0.00,0.00,0.00,0.00,0.00,0.00,13.43,0.88,1.00,0.00
2006-05-01 22:00:00,0.00,0.00,0.00,0.00,0.00,0.00,0.00,0.00,12.59,0.76,1.00,0.00
2006-05-01 23:00:00,0.00,0.00,0.00,0.00,0.00,0.00,0.00,0.00,11.01,0.88,1.00,0.00
2006-05-02 00:00:00,0.00,0.00,0.00,0.00,0.00,0.00,0.00,0.00,10.86,0.69,1.00,0.00
2006-05-02 01:00:00,0.00,0.00,0.00,0.00,0.00,0.00,0.00,0.00,10.23,0.59,1.00,0.00
2006-05-02 02:00:00,0.00,0.00,0.00,0.00,0.00,0.00,0.00,0.00,9.88,0.66,1.00,0.00
2006-05-02 03:00:00,0.00,0.00,0.00,0.00,0.00,0.00,0.00,0.00,8.21,0.57,1.00,0.00
2006-05-02 04:00:00,0.00,0.00,0.00,0.00,0.00,0.00,0.00,0.00,7.46,0.70,1.00,0.00
2006-05-02 05:00:00,0.00,0.00,0.00,0.00,0.00,0.00,0.00,0.00,6.72,0.75,1.00,0.00
2006-05-02 06:00:00,0.00,0.00,0.00,0.00,0.00,0.00,0.00,0.00,6.15,0.64,1.00,0.00
2006-05-02 07:00:00,0.00,0.00,0.00,0.00,0.00,0.00,0.00,0.00,8.17,0.45,1.00,0.00
2006-05-02 08:00:00,213.97,185.09,26.90,1.98,102.26,73.00,29.26,561.51,11.29,0.24,0.00,0.00
2006-05-02 09:00:00,480.65,427.86,47.07,5.73,295.74,244.54,51.20,774.31,14.65,0.30,0.00,0.00
2006-05-02 10:00:00,695.91,627.25,59.66,8.99,464.56,399.66,64.90,850.46,17.59,0.56,0.00,0.00
2006-05-02 11:00:00,851.30,771.98,67.92,11.41,589.12,515.24,73.88,885.11,20.19,0.76,0.00,0.00
2006-05-02 12:00:00,361.58,8.52,345.67,7.39,381.80,5.80,376.00,9.00,22.29,1.07,0.00,1.00
2006-05-02 13:00:00,368.29,8.62,352.14,7.53,388.92,5.88,383.04,9.00,23.65,1.24,0.00,1.00
2006-05-02 14:00:00,880.59,799.35,69.37,11.87,613.16,537.70,75.46,885.89,23.22,1.44,0.00,0.00
2006-05-02 15:00:00,742.96,670.98,62.24,9.73,502.80,435.10,67.70,854.24,22.18,1.55,0.00,0.00
2006-05-02 16:00:00,543.35,485.64,51.02,6.69,345.40,289.90,55.50,789.59,20.42,1.11,0.00,0.00
2006-05-02 17:00:00,293.36,256.29,34.02,3.06,157.84,120.84,37.00,636.73,17.77,0.53,0.00,0.00
2006-05-02 18:00:00,0.00,0.00,0.00,0.00,0.00,0.00,0.00,0.00,16.37,0.31,1.00,0.00
2006-05-02 19:00:00,0.00,0.00,0.00,0.00,0.00,0.00,0.00,0.00,14.92,0.56,1.00,0.00
2006-05-02 20:00:00,0.00,0.00,0.00,0.00,0.00,0.00,0.00,0.00,14.06,0.70,1.00,0.00
2006-05-02 21:00:00,0.00,0.00,0.00,0.00,0.00,0.00,0.00,0.00,13.12,0.90,1.00,0.00
2006-05-02 22:00:00,0.00,0.00,0.00,0.00,0.00,0.00,0.00,0.00,12.52,1.07,1.00,0.00
2006-05-02 23:00:00,0.00,0.00,0.00,0.00,0.00,0.00,0.00,0.00,11.35,0.99,1.00,0.00
2006-05-03 00:00:00,0.00,0.00,0.00,0.00,0.00,0.00,0.00,0.00,11.08,0.81,1.00,0.00
2006-05-03 01:00:00,0.00,0.00,0.00,0.00,0.00,0.00,0.00,0.00,10.53,0.79,1.00,0.00
2006-05-03 02:00:00,0.00,0.00,0.00,0.00,0.00,0.00,0.00,0.00,9.92,0.86,1.00,0.00
2006-05-03 03:00:00,0.00,0.00,0.00,0.00,0.00,0.00,0.00,0.00,8.41,0.73,1.00,0.00
2006-05-03 04:00:00,0.00,0.00,0.00,0.00,0.00,0.00,0.00,0.00,7.13,0.84,1.00,0.00
2006-05-03 05:00:00,0.00,0.00,0.00,0.00,0.00,0.00,0.00,0.00,6.22,0.90,1.00,0.00
2006-05-03 06:00:00,0.00,0.00,0.00,0.00,0.00,0.00,0.00,0.00,5.62,0.73,1.00,0.00
2006-05-03 07:00:00,0.00,0.00,0.00,0.00,0.00,0.00,0.00,0.00,7.61,0.59,1.00,0.00
2006-05-03 08:00:00,205.72,177.77,26.07,1.88,97.00,68.64,28.36,539.46,10.81,0.24,0.00,0.00
2006-05-03 09:00:00,470.82,418.97,46.28,5.57,287.64,237.30,50.34,758.96,14.71,0.30,0.00,0.00
2006-05-03 10:00:00,686.03,618.30,58.91,8.82,455.72,391.64,64.08,839.18,17.98,0.58,0.00,0.00
2006-05-03 11:00:00,842.47,764.06,67.17,11.24,580.54,507.48,73.06,877.13,20.52,0.78,0.00,0.00
2006-05-03 12:00:00,927.27,843.24,71.47,12.56,649.00,571.26,77.74,891.51,22.35,1.13,0.00,0.00
2006-05-03 13:00:00,936.87,852.20,71.95,12.72,656.86,578.60,78.26,891.46,23.21,1.36,0.00,0.00
2006-05-03 14:00:00,870.56,790.25,68.62,11.69,603.58,528.94,74.64,877.28,22.73,1.59,0.00,0.00
2006-05-03 15:00:00,733.22,662.16,61.50,9.56,493.86,426.96,66.90,844.49,21.83,1.70,0.00,0.00
2006-05-03 16:00:00,534.71,477.89,50.29,6.54,337.64,282.94,54.70,778.56,20.31,1.33,0.00,0.00
2006-05-03 17:00:00,285.93,249.71,33.28,2.94,152.02,115.82,36.20,622.08,18.00,0.79,0.00,0.00
2006-05-03 18:00:00,0.00,0.00,0.00,0.00,0.00,0.00,0.00,0.00,16.59,0.33,1.00,0.00
2006-05-03 19:00:00,0.00,0.00,0.00,0.00,0.00,0.00,0.00,0.00,15.43,0.34,1.00,0.00
2006-05-03 20:00:00,0.00,0.00,0.00,0.00,0.00,0.00,0.00,0.00,14.59,0.47,1.00,0.00
2006-05-03 21:00:00,0.00,0.00,0.00,0.00,0.00,0.00,0.00,0.00,13.64,0.72,1.00,0.00
2006-05-03 22:00:00,0.00,0.00,0.00,0.00,0.00,0.00,0.00,0.00,13.38,0.85,1.00,0.00
2006-05-03 23:00:00,0.00,0.00,0.00,0.00,0.00,0.00,0.00,0.00,12.03,0.80,1.00,0.00
2006-05-04 00:00:00,0.00,0.00,0.00,0.00,0.00,0.00,0.00,0.00,12.19,0.69,1.00,0.00
2006-05-04 01:00:00,0.00,0.00,0.00,0.00,0.00,0.00,0.00,0.00,11.72,0.62,1.00,0.00
2006-05-04 02:00:00,0.00,0.00,0.00,0.00,0.00,0.00,0.00,0.00,11.49,0.70,1.00,0.00
2006-05-04 03:00:00,0.00,0.00,0.00,0.00,0.00,0.00,0.00,0.00,10.12,0.49,1.00,0.00
2006-05-04 04:00:00,0.00,0.00,0.00,0.00,0.00,0.00,0.00,0.00,9.79,0.71,1.00,0.00
2006-05-04 05:00:00,0.00,0.00,0.00,0.00,0.00,0.00,0.00,0.00,9.02,0.67,1.00,0.00
2006-05-04 06:00:00,0.00,0.00,0.00,0.00,0.00,0.00,0.00,0.00,8.34,0.53,1.00,0.00
2006-05-04 07:00:00,0.00,0.00,0.00,0.00,0.00,0.00,0.00,0.00,9.15,0.37,1.00,0.00
2006-05-04 08:00:00,22.45,1.69,20.32,0.44,22.74,0.64,22.10,5.14,10.64,0.17,0.00,1.00
2006-05-04 09:00:00,460.45,409.44,45.60,5.41,279.46,229.86,49.60,742.25,12.83,0.36,0.00,0.00
2006-05-04 10:00:00,672.82,606.00,58.21,8.61,444.82,381.50,63.32,823.45,15.71,0.63,0.00,0.00
2006-05-04 11:00:00,826.77,749.34,66.45,10.99,567.46,495.18,72.28,861.39,17.66,0.88,0.00,0.00
2006-05-04 12:00:00,245.33,8.27,232.06,4.99,258.00,5.58,252.42,8.76,19.43,1.23,0.00,1.00
2006-05-04 13:00:00,343.39,8.37,328.00,7.02,362.44,5.66,356.78,8.77,20.24,1.48,0.00,1.00
2006-05-04 14:00:00,857.14,777.68,67.99,11.46,591.98,518.02,73.96,864.77,20.05,1.67,0.00,0.00
2006-05-04 15:00:00,722.20,651.88,60.95,9.37,484.14,417.84,66.30,832.91,19.33,1.81,0.00,0.00
2006-05-04 16:00:00,525.90,469.70,49.81,6.39,330.00,275.82,54.18,766.87,18.04,1.54,0.00,0.00
2006-05-04 17:00:00,279.09,243.48,32.77,2.84,146.76,111.12,35.64,608.04,16.25,0.86,0.00,0.00
2006-05-04 18:00:00,0.00,0.00,0.00,0.00,0.00,0.00,0.00,0.00,14.74,0.45,1.00,0.00
2006-05-04 19:00:00,0.00,0.00,0.00,0.00,0.00,0.00,0.00,0.00,13.53,0.26,1.00,0.00
2006-05-04 20:00:00,0.00,0.00,0.00,0.00,0.00,0.00,0.00,0.00,12.90,0.34,1.00,0.00
2006-05-04 21:00:00,0.00,0.00,0.00,0.00,0.00,0.00,0.00,0.00,12.07,0.57,1.00,0.00
2006-05-04 22:00:00,0.00,0.00,0.00,0.00,0.00,0.00,0.00,0.00,11.74,0.46,1.00,0.00
2006-05-04 23:00:00,0.00,0.00,0.00,0.00,0.00,0.00,0.00,0.00,10.59,0.49,1.00,0.00
2006-05-05 00:00:00,0.00,0.00,0.00,0.00,0.00,0.00,0.00,0.00,10.64,0.43,1.00,0.00
2006-05-05 01:00:00,0.00,0.00,0.00,0.00,0.00,0.00,0.00,0.00,10.17,0.46,1.00,0.00
2006-05-05 02:00:00,0.00,0.00,0.00,0.00,0.00,0.00,0.00,0.00,9.95,0.50,1.00,0.00
2006-05-05 03:00:00,0.00,0.00,0.00,0.00,0.00,0.00,0.00,0.00,8.95,0.40,1.00,0.00
2006-05-05 04:00:00,0.00,0.00,0.00,0.00,0.00,0.00,0.00,0.00,8.82,0.50,1.00,0.00
2006-05-05 05:00:00,0.00,0.00,0.00,0.00,0.00,0.00,0.00,0.00,7.89,0.53,1.00,0.00
2006-05-05 06:00:00,0.00,0.00,0.00,0.00,0.00,0.00,0.00,0.00,7.38,0.48,1.00,0.00
2006-05-05 07:00:00,0.00,0.00,0.00,0.00,0.00,0.00,0.00,0.00,8.41,0.25,1.00,0.00
2006-05-05 08:00:00,18.30,1.73,16.22,0.35,18.28,0.64,17.64,5.26,9.92,0.13,0.00,1.00
2006-05-05 09:00:00,82.65,4.13,76.86,1.66,85.90,2.30,83.60,7.50,12.34,0.32,0.00,1.00
2006-05-05 10:00:00,70.01,6.14,62.48,1.39,71.80,3.84,67.96,8.35,14.58,0.64,0.00,1.00
2006-05-05 11:00:00,156.66,7.57,145.92,3.17,163.70,4.98,158.72,8.72,16.06,0.91,0.00,1.00
2006-05-05 12:00:00,339.82,8.37,324.51,6.94,358.60,5.62,352.98,8.87,17.22,1.27,0.00,1.00
2006-05-05 13:00:00,229.00,8.47,215.88,4.66,240.52,5.70,234.82,8.89,17.36,1.57,0.00,1.00
2006-05-05 14:00:00,203.45,7.87,191.44,4.13,213.46,5.22,208.24,8.77,17.22,1.80,0.00,1.00
2006-05-05 15:00:00,730.04,659.50,61.12,9.42,486.78,420.30,66.48,844.18,16.64,1.89,0.00,0.00
2006-05-05 16:00:00,532.24,475.94,49.88,6.42,331.48,277.22,54.26,778.52,15.67,1.51,0.00,0.00
2006-05-05 17:00:00,282.69,247.18,32.67,2.84,146.50,110.96,35.54,618.79,13.89,0.96,0.00,0.00
2006-05-05 18:00:00,0.00,0.00,0.00,0.00,0.00,0.00,0.00,0.00,12.76,0.39,1.00,0.00
2006-05-05 19:00:00,0.00,0.00,0.00,0.00,0.00,0.00,0.00,0.00,11.91,0.33,1.00,0.00
2006-05-05 20:00:00,0.00,0.00,0.00,0.00,0.00,0.00,0.00,0.00,11.24,0.37,1.00,0.00
2006-05-05 21:00:00,0.00,0.00,0.00,0.00,0.00,0.00,0.00,0.00,10.54,0.64,1.00,0.00
2006-05-05 22:00:00,0.00,0.00,0.00,0.00,0.00,0.00,0.00,0.00,10.22,0.64,1.00,0.00
2006-05-05 23:00:00,0.00,0.00,0.00,0.00,0.00,0.00,0.00,0.00,9.21,0.73,1.00,0.00
2006-05-06 00:00:00,0.00,0.00,0.00,0.00,0.00,0.00,0.00,0.00,9.04,0.60,1.00,0.00
2006-05-06 01:00:00,0.00,0.00,0.00,0.00,0.00,0.00,0.00,0.00,8.54,0.59,1.00,0.00
2006-05-06 02:00:00,0.00,0.00,0.00,0.00,0.00,0.00,0.00,0.00,8.25,0.64,1.00,0.00
2006-05-06 03:00:00,0.00,0.00,0.00,0.00,0.00,0.00,0.00,0.00,7.80,0.60,1.00,0.00
2006-05-06 04:00:00,0.00,0.00,0.00,0.00,0.00,0.00,0.00,0.00,7.53,0.64,1.00,0.00
2006-05-06 05:00:00,0.00,0.00,0.00,0.00,0.00,0.00,0.00,0.00,6.93,0.63,1.00,0.00
2006-05-06 06:00:00,0.00,0.00,0.00,0.00,0.00,0.00,0.00,0.00,6.62,0.61,1.00,0.00
2006-05-06 07:00:00,0.00,0.00,0.00,0.00,0.00,0.00,0.00,0.00,8.46,0.42,1.00,0.00
2006-05-06 08:00:00,209.42,182.29,25.32,1.81,93.44,65.90,27.54,554.14,10.97,0.25,0.00,0.00
2006-05-06 09:00:00,482.98,431.16,46.24,5.58,288.06,237.76,50.30,783.31,14.15,0.19,0.00,0.00
2006-05-06 10:00:00,703.61,635.54,59.17,8.90,459.66,395.30,64.36,865.69,17.72,0.46,0.00,0.00
2006-05-06 11:00:00,863.77,784.80,67.61,11.37,587.16,513.62,73.54,904.51,20.60,0.62,0.00,0.00
2006-05-06 12:00:00,950.28,865.56,72.00,12.72,656.94,578.62,78.32,919.04,22.96,1.04,0.00,0.00
2006-05-06 13:00:00,960.21,874.83,72.50,12.87,665.00,586.14,78.86,919.35,24.19,1.31,0.00,0.00
2006-05-06 14:00:00,892.89,811.95,69.12,11.83,610.92,535.74,75.18,905.81,24.96,1.50,0.00,0.00
2006-05-06 15:00:00,750.99,679.53,61.82,9.64,497.88,430.64,67.24,871.31,24.06,1.56,0.00,0.00
2006-05-06 16:00:00,547.24,490.35,50.34,6.54,338.06,283.30,54.76,803.70,21.92,1.28,0.00,0.00
2006-05-06 17:00:00,290.59,254.94,32.78,2.87,148.26,112.60,35.66,639.58,19.36,0.79,0.00,0.00
2006-05-06 18:00:00,0.00,0.00,0.00,0.00,0.00,0.00,0.00,0.00,17.39,0.23,1.00,0.00
2006-05-06 19:00:00,0.00,0.00,0.00,0.00,0.00,0.00,0.00,0.00,16.00,0.45,1.00,0.00
2006-05-06 20:00:00,0.00,0.00,0.00,0.00,0.00,0.00,0.00,0.00,14.99,0.72,1.00,0.00
2006-05-06 21:00:00,0.00,0.00,0.00,0.00,0.00,0.00,0.00,0.00,13.82,0.83,1.00,0.00
2006-05-06 22:00:00,0.00,0.00,0.00,0.00,0.00,0.00,0.00,0.00,13.08,1.02,1.00,0.00
2006-05-06 23:00:00,0.00,0.00,0.00,0.00,0.00,0.00,0.00,0.00,11.91,0.87,1.00,0.00
2006-05-07 00:00:00,0.00,0.00,0.00,0.00,0.00,0.00,0.00,0.00,11.63,0.75,1.00,0.00
2006-05-07 01:00:00,0.00,0.00,0.00,0.00,0.00,0.00,0.00,0.00,11.00,0.69,1.00,0.00
2006-05-07 02:00:00,0.00,0.00,0.00,0.00,0.00,0.00,0.00,0.00,10.40,0.68,1.00,0.00
2006-05-07 03:00:00,0.00,0.00,0.00,0.00,0.00,0.00,0.00,0.00,9.02,0.67,1.00,0.00
2006-05-07 04:00:00,0.00,0.00,0.00,0.00,0.00,0.00,0.00,0.00,8.67,0.72,1.00,0.00
2006-05-07 05:00:00,0.00,0.00,0.00,0.00,0.00,0.00,0.00,0.00,7.44,0.74,1.00,0.00
2006-05-07 06:00:00,0.00,0.00,0.00,0.00,0.00,0.00,0.00,0.00,6.51,0.73,1.00,0.00
2006-05-07 07:00:00,0.00,0.00,0.00,0.00,0.00,0.00,0.00,0.00,8.33,0.59,1.00,0.00
2006-05-07 08:00:00,207.82,180.99,25.06,1.77,91.22,63.96,27.26,550.66,10.88,0.28,0.00,0.00
2006-05-07 09:00:00,482.56,430.89,46.13,5.53,285.62,235.44,50.18,783.83,14.84,0.20,0.00,0.00
2006-05-07 10:00:00,703.59,635.60,59.13,8.85,457.24,392.92,64.32,866.97,18.64,0.50,0.00,0.00
2006-05-07 11:00:00,864.06,785.15,67.59,11.32,584.84,511.32,73.52,906.20,21.63,0.74,0.00,0.00
2006-05-07 12:00:00,951.26,866.58,72.00,12.68,655.08,576.76,78.32,921.45,23.84,1.12,0.00,0.00
2006-05-07 13:00:00,961.74,876.41,72.48,12.85,663.56,584.72,78.84,922.39,25.35,1.36,0.00,0.00
2006-05-07 14:00:00,894.83,813.91,69.12,11.80,609.74,534.56,75.18,909.45,26.53,1.51,0.00,0.00
2006-05-07 15:00:00,752.97,681.59,61.76,9.62,496.68,429.50,67.18,875.46,25.69,1.60,0.00,0.00
2006-05-07 16:00:00,548.50,491.76,50.23,6.51,336.50,281.86,54.64,807.48,23.55,1.25,0.00,0.00
2006-05-07 17:00:00,290.94,255.56,32.54,2.83,146.42,111.02,35.40,642.52,20.98,0.65,0.00,0.00
2006-05-07 18:00:00,0.00,0.00,0.00,0.00,0.00,0.00,0.00,0.00,18.98,0.20,1.00,0.00
2006-05-07 19:00:00,0.00,0.00,0.00,0.00,0.00,0.00,0.00,0.00,17.51,0.60,1.00,0.00
2006-05-07 20:00:00,0.00,0.00,0.00,0.00,0.00,0.00,0.00,0.00,16.07,0.85,1.00,0.00
2006-05-07 21:00:00,0.00,0.00,0.00,0.00,0.00,0.00,0.00,0.00,14.69,0.92,1.00,0.00
2006-05-07 22:00:00,0.00,0.00,0.00,0.00,0.00,0.00,0.00,0.00,13.55,1.11,1.00,0.00
2006-05-07 23:00:00,0.00,0.00,0.00,0.00,0.00,0.00,0.00,0.00,12.38,1.07,1.00,0.00
2006-05-08 00:00:00,0.00,0.00,0.00,0.00,0.00,0.00,0.00,0.00,11.59,0.96,1.00,0.00
2006-05-08 01:00:00,0.00,0.00,0.00,0.00,0.00,0.00,0.00,0.00,10.79,0.96,1.00,0.00
2006-05-08 02:00:00,0.00,0.00,0.00,0.00,0.00,0.00,0.00,0.00,10.08,0.93,1.00,0.00
2006-05-08 03:00:00,0.00,0.00,0.00,0.00,0.00,0.00,0.00,0.00,9.23,0.86,1.00,0.00
2006-05-08 04:00:00,0.00,0.00,0.00,0.00,0.00,0.00,0.00,0.00,8.72,0.87,1.00,0.00
2006-05-08 05:00:00,0.00,0.00,0.00,0.00,0.00,0.00,0.00,0.00,7.91,0.85,1.00,0.00
2006-05-08 06:00:00,0.00,0.00,0.00,0.00,0.00,0.00,0.00,0.00,7.29,0.78,1.00,0.00
2006-05-08 07:00:00,0.00,0.00,0.00,0.00,0.00,0.00,0.00,0.00,9.04,0.68,1.00,0.00
2006-05-08 08:00:00,210.02,183.43,24.84,1.75,90.42,63.40,27.02,558.34,12.18,0.43,0.00,0.00
2006-05-08 09:00:00,488.17,436.51,46.11,5.55,286.54,236.38,50.16,794.89,16.13,0.28,0.00,0.00
2006-05-08 10:00:00,711.74,643.61,59.22,8.90,459.92,395.50,64.42,879.00,20.04,0.47,0.00,0.00
2006-05-08 11:00:00,874.30,795.13,67.77,11.40,589.08,515.36,73.72,919.00,23.01,0.62,0.00,0.00
2006-05-08 12:00:00,960.50,875.60,72.15,12.75,658.68,580.20,78.48,932.44,25.21,1.01,0.00,0.00
2006-05-08 13:00:00,969.43,883.92,72.61,12.90,666.20,587.22,78.98,931.70,26.57,1.23,0.00,0.00
2006-05-08 14:00:00,900.87,819.88,69.15,11.83,611.18,535.96,75.22,917.57,27.44,1.38,0.00,0.00
2006-05-08 15:00:00,757.91,686.49,61.80,9.63,497.42,430.20,67.22,883.19,26.44,1.47,0.00,0.00
2006-05-08 16:00:00,551.97,495.25,50.21,6.51,336.24,281.62,54.62,814.81,24.00,1.03,0.00,0.00
2006-05-08 17:00:00,292.28,257.08,32.40,2.81,145.14,109.90,35.24,647.64,21.38,0.48,0.00,0.00
2006-05-08 18:00:00,0.00,0.00,0.00,0.00,0.00,0.00,0.00,0.00,19.25,0.38,1.00,0.00
2006-05-08 19:00:00,0.00,0.00,0.00,0.00,0.00,0.00,0.00,0.00,17.35,0.64,1.00,0.00
2006-05-08 20:00:00,0.00,0.00,0.00,0.00,0.00,0.00,0.00,0.00,16.01,0.77,1.00,0.00
2006-05-08 21:00:00,0.00,0.00,0.00,0.00,0.00,0.00,0.00,0.00,14.66,1.04,1.00,0.00
2006-05-08 22:00:00,0.00,0.00,0.00,0.00,0.00,0.00,0.00,0.00,13.52,1.06,1.00,0.00
2006-05-08 23:00:00,0.00,0.00,0.00,0.00,0.00,0.00,0.00,0.00,12.32,1.05,1.00,0.00
2006-05-09 00:00:00,0.00,0.00,0.00,0.00,0.00,0.00,0.00,0.00,11.46,0.89,1.00,0.00
2006-05-09 01:00:00,0.00,0.00,0.00,0.00,0.00,0.00,0.00,0.00,10.62,0.86,1.00,0.00
2006-05-09 02:00:00,0.00,0.00,0.00,0.00,0.00,0.00,0.00,0.00,9.95,0.78,1.00,0.00
2006-05-09 03:00:00,0.00,0.00,0.00,0.00,0.00,0.00,0.00,0.00,9.13,0.75,1.00,0.00
2006-05-09 04:00:00,0.00,0.00,0.00,0.00,0.00,0.00,0.00,0.00,8.40,0.78,1.00,0.00
2006-05-09 05:00:00,0.00,0.00,0.00,0.00,0.00,0.00,0.00,0.00,7.51,0.77,1.00,0.00
2006-05-09 06:00:00,0.00,0.00,0.00,0.00,0.00,0.00,0.00,0.00,6.75,0.73,1.00,0.00
2006-05-09 07:00:00,0.00,0.00,0.00,0.00,0.00,0.00,0.00,0.00,8.67,0.62,1.00,0.00
2006-05-09 08:00:00,206.28,180.17,24.42,1.69,87.38,60.82,26.56,549.04,12.17,0.37,0.00,0.00
2006-05-09 09:00:00,482.99,431.81,45.73,5.45,281.50,231.76,49.74,787.30,16.33,0.21,0.00,0.00
2006-05-09 10:00:00,703.06,635.60,58.71,8.75,452.20,388.34,63.86,869.11,20.24,0.46,0.00,0.00
2006-05-09 11:00:00,862.04,783.73,67.11,11.20,578.54,505.54,73.00,907.11,23.17,0.65,0.00,0.00
2006-05-09 12:00:00,947.78,863.77,71.47,12.54,647.66,569.92,77.74,921.18,25.47,0.97,0.00,0.00
2006-05-09 13:00:00,956.56,871.95,71.93,12.68,655.02,576.78,78.24,920.49,27.02,1.24,0.00,0.00
2006-05-09 14:00:00,888.59,808.43,68.53,11.63,600.54,526.00,74.54,906.24,26.05,1.38,0.00,0.00
2006-05-09 15:00:00,746.13,675.53,61.15,9.44,487.50,420.98,66.52,870.53,24.48,1.55,0.00,0.00
2006-05-09 16:00:00,541.59,485.61,49.63,6.35,327.96,273.98,53.98,800.30,21.98,1.09,0.00,0.00
2006-05-09 17:00:00,283.70,249.19,31.81,2.70,139.40,104.80,34.60,629.06,18.94,0.35,0.00,0.00
2006-05-09 18:00:00,0.00,0.00,0.00,0.00,0.00,0.00,0.00,0.00,16.73,0.34,1.00,0.00
2006-05-09 19:00:00,0.00,0.00,0.00,0.00,0.00,0.00,0.00,0.00,14.87,0.59,1.00,0.00
2006-05-09 20:00:00,0.00,0.00,0.00,0.00,0.00,0.00,0.00,0.00,13.45,0.70,1.00,0.00
2006-05-09 21:00:00,0.00,0.00,0.00,0.00,0.00,0.00,0.00,0.00,11.88,1.05,1.00,0.00
2006-05-09 22:00:00,0.00,0.00,0.00,0.00,0.00,0.00,0.00,0.00,10.37,0.99,1.00,0.00
2006-05-09 23:00:00,0.00,0.00,0.00,0.00,0.00,0.00,0.00,0.00,9.22,1.04,1.00,0.00
2006-05-10 00:00:00,0.00,0.00,0.00,0.00,0.00,0.00,0.00,0.00,7.89,1.01,1.00,0.00
2006-05-10 01:00:00,0.00,0.00,0.00,0.00,0.00,0.00,0.00,0.00,6.57,0.97,1.00,0.00
2006-05-10 02:00:00,0.00,0.00,0.00,0.00,0.00,0.00,0.00,0.00,5.63,0.86,1.00,0.00
2006-05-10 03:00:00,0.00,0.00,0.00,0.00,0.00,0.00,0.00,0.00,6.90,0.95,1.00,0.00
2006-05-10 04:00:00,0.00,0.00,0.00,0.00,0.00,0.00,0.00,0.00,7.45,0.86,1.00,0.00
2006-05-10 05:00:00,0.00,0.00,0.00,0.00,0.00,0.00,0.00,0.00,8.34,0.82,1.00,0.00
2006-05-10 06:00:00,0.00,0.00,0.00,0.00,0.00,0.00,0.00,0.00,9.24,0.70,1.00,0.00
2006-05-10 07:00:00,0.00,0.00,0.00,0.00,0.00,0.00,0.00,0.00,10.32,0.67,1.00,0.00
2006-05-10 08:00:00,203.39,177.77,23.98,1.64,84.74,58.66,26.08,542.28,13.04,0.28,0.00,0.00
2006-05-10 09:00:00,479.43,428.68,45.38,5.37,277.48,228.12,49.36,782.47,16.85,0.19,0.00,0.00
2006-05-10 10:00:00,698.08,631.11,58.32,8.65,446.76,383.32,63.44,864.23,20.56,0.49,0.00,0.00
2006-05-10 11:00:00,855.06,777.29,66.71,11.07,571.64,499.08,72.56,900.91,23.19,0.69,0.00,0.00
2006-05-10 12:00:00,940.80,857.35,71.05,12.40,640.54,563.26,77.28,915.70,25.60,0.97,0.00,0.00
2006-05-10 13:00:00,949.99,865.94,71.51,12.55,648.20,570.42,77.78,915.51,27.16,1.19,0.00,0.00
2006-05-10 14:00:00,882.31,802.70,68.10,11.50,594.06,519.98,74.08,901.17,26.38,1.28,0.00,0.00
2006-05-10 15:00:00,743.03,672.83,60.84,9.35,483.12,416.94,66.18,868.50,25.04,1.41,0.00,0.00
2006-05-10 16:00:00,540.23,484.57,49.37,6.29,324.96,271.26,53.70,800.02,22.46,0.92,0.00,0.00
2006-05-10 17:00:00,282.64,248.51,31.48,2.65,137.02,102.78,34.24,628.63,19.45,0.31,0.00,0.00
2006-05-10 18:00:00,0.00,0.00,0.00,0.00,0.00,0.00,0.00,0.00,17.20,0.28,1.00,0.00
2006-05-10 19:00:00,0.00,0.00,0.00,0.00,0.00,0.00,0.00,0.00,15.08,0.44,1.00,0.00
2006-05-10 20:00:00,0.00,0.00,0.00,0.00,0.00,0.00,0.00,0.00,13.54,0.48,1.00,0.00
2006-05-10 21:00:00,0.00,0.00,0.00,0.00,0.00,0.00,0.00,0.00,11.98,0.87,1.00,0.00
2006-05-10 22:00:00,0.00,0.00,0.00,0.00,0.00,0.00,0.00,0.00,10.28,0.93,1.00,0.00
2006-05-10 23:00:00,0.00,0.00,0.00,0.00,0.00,0.00,0.00,0.00,9.21,0.86,1.00,0.00
2006-05-11 00:00:00,0.00,0.00,0.00,0.00,0.00,0.00,0.00,0.00,7.99,0.85,1.00,0.00
2006-05-11 01:00:00,0.00,0.00,0.00,0.00,0.00,0.00,0.00,0.00,6.81,0.81,1.00,0.00
2006-05-11 02:00:00,0.00,0.00,0.00,0.00,0.00,0.00,0.00,0.00,5.70,0.81,1.00,0.00
2006-05-11 03:00:00,0.00,0.00,0.00,0.00,0.00,0.00,0.00,0.00,6.71,0.85,1.00,0.00
2006-05-11 04:00:00,0.00,0.00,0.00,0.00,0.00,0.00,0.00,0.00,7.42,0.76,1.00,0.00
2006-05-11 05:00:00,0.00,0.00,0.00,0.00,0.00,0.00,0.00,0.00,7.91,0.75,1.00,0.00
2006-05-11 06:00:00,0.00,0.00,0.00,0.00,0.00,0.00,0.00,0.00,8.71,0.69,1.00,0.00
2006-05-11 07:00:00,0.00,0.00,0.00,0.00,0.00,0.00,0.00,0.00,9.68,0.60,1.00,0.00
2006-05-11 08:00:00,199.71,174.61,23.52,1.58,81.80,56.22,25.58,533.42,12.47,0.25,0.00,0.00
2006-05-11 09:00:00,476.91,426.48,45.12,5.30,274.00,224.92,49.08,779.54,15.69,0.20,0.00,0.00
2006-05-11 10:00:00,696.82,630.05,58.18,8.59,443.76,380.48,63.28,863.92,19.24,0.48,0.00,0.00
2006-05-11 11:00:00,855.02,777.41,66.60,11.02,569.28,496.84,72.44,902.32,21.84,0.63,0.00,0.00
2006-05-11 12:00:00,938.21,855.00,70.88,12.32,636.48,559.38,77.10,914.52,24.08,0.89,0.00,0.00
2006-05-11 13:00:00,945.66,861.93,71.29,12.45,642.94,565.40,77.54,912.66,25.32,1.17,0.00,0.00
2006-05-11 14:00:00,876.84,797.62,67.83,11.38,588.08,514.30,73.78,896.88,24.67,1.25,0.00,0.00
2006-05-11 15:00:00,735.73,666.00,60.51,9.22,476.30,410.48,65.82,861.09,23.52,1.29,0.00,0.00
2006-05-11 16:00:00,532.48,477.37,48.95,6.16,318.44,265.20,53.24,789.42,21.37,0.89,0.00,0.00
2006-05-11 17:00:00,275.02,241.46,31.00,2.56,132.06,98.34,33.72,611.79,18.36,0.31,0.00,0.00
2006-05-11 18:00:00,0.00,0.00,0.00,0.00,0.00,0.00,0.00,0.00,16.25,0.24,1.00,0.00
2006-05-11 19:00:00,0.00,0.00,0.00,0.00,0.00,0.00,0.00,0.00,14.33,0.43,1.00,0.00
2006-05-11 20:00:00,0.00,0.00,0.00,0.00,0.00,0.00,0.00,0.00,12.96,0.54,1.00,0.00
2006-05-11 21:00:00,0.00,0.00,0.00,0.00,0.00,0.00,0.00,0.00,11.41,0.82,1.00,0.00
2006-05-11 22:00:00,0.00,0.00,0.00,0.00,0.00,0.00,0.00,0.00,10.07,0.79,1.00,0.00
2006-05-11 23:00:00,0.00,0.00,0.00,0.00,0.00,0.00,0.00,0.00,8.98,0.77,1.00,0.00
2006-05-12 00:00:00,0.00,0.00,0.00,0.00,0.00,0.00,0.00,0.00,8.13,0.75,1.00,0.00
2006-05-12 01:00:00,0.00,0.00,0.00,0.00,0.00,0.00,0.00,0.00,7.14,0.68,1.00,0.00
2006-05-12 02:00:00,0.00,0.00,0.00,0.00,0.00,0.00,0.00,0.00,6.42,0.66,1.00,0.00
2006-05-12 03:00:00,0.00,0.00,0.00,0.00,0.00,0.00,0.00,0.00,5.37,0.66,1.00,0.00
2006-05-12 04:00:00,0.00,0.00,0.00,0.00,0.00,0.00,0.00,0.00,4.70,0.71,1.00,0.00
2006-05-12 05:00:00,0.00,0.00,0.00,0.00,0.00,0.00,0.00,0.00,3.92,0.70,1.00,0.00
2006-05-12 06:00:00,0.00,0.00,0.00,0.00,0.00,0.00,0.00,0.00,4.75,0.61,1.00,0.00
2006-05-12 07:00:00,0.00,0.00,0.00,0.00,0.00,0.00,0.00,0.00,5.97,0.41,1.00,0.00
2006-05-12 08:00:00,21.61,1.72,19.47,0.42,21.72,0.54,21.18,5.25,8.51,0.07,0.00,1.00
2006-05-12 09:00:00,473.63,423.63,44.77,5.23,270.20,221.50,48.70,775.32,10.58,0.24,0.00,0.00
2006-05-12 10:00:00,693.19,626.88,57.81,8.50,439.28,376.40,62.88,860.79,13.93,0.55,0.00,0.00
2006-05-12 11:00:00,851.39,774.23,66.23,10.93,564.56,492.52,72.04,899.96,16.58,0.70,0.00,0.00
2006-05-12 12:00:00,934.69,851.93,70.53,12.23,631.76,555.04,76.72,912.58,18.67,0.99,0.00,0.00
2006-05-12 13:00:00,942.16,858.87,70.94,12.36,638.26,561.10,77.16,910.77,19.74,1.22,0.00,0.00
2006-05-12 14:00:00,873.29,794.51,67.48,11.30,583.50,510.10,73.40,894.69,19.46,1.32,0.00,0.00
2006-05-12 15:00:00,733.55,664.20,60.20,9.15,472.70,407.22,65.48,860.07,18.75,1.44,0.00,0.00
2006-05-12 16:00:00,531.13,476.39,48.63,6.11,315.52,262.62,52.90,789.08,17.04,0.97,0.00,0.00
2006-05-12 17:00:00,273.69,240.57,30.61,2.51,129.66,96.36,33.30,610.59,14.51,0.24,0.00,0.00
2006-05-12 18:00:00,0.00,0.00,0.00,0.00,0.00,0.00,0.00,0.00,12.71,0.22,1.00,0.00
2006-05-12 19:00:00,0.00,0.00,0.00,0.00,0.00,0.00,0.00,0.00,11.23,0.50,1.00,0.00
2006-05-12 20:00:00,0.00,0.00,0.00,0.00,0.00,0.00,0.00,0.00,10.19,0.73,1.00,0.00
2006-05-12 21:00:00,0.00,0.00,0.00,0.00,0.00,0.00,0.00,0.00,8.99,1.01,1.00,0.00
2006-05-12 22:00:00,0.00,0.00,0.00,0.00,0.00,0.00,0.00,0.00,8.10,1.02,1.00,0.00
2006-05-12 23:00:00,0.00,0.00,0.00,0.00,0.00,0.00,0.00,0.00,7.10,1.00,1.00,0.00
2006-05-13 00:00:00,0.00,0.00,0.00,0.00,0.00,0.00,0.00,0.00,6.49,0.93,1.00,0.00
2006-05-13 01:00:00,0.00,0.00,0.00,0.00,0.00,0.00,0.00,0.00,5.82,0.86,1.00,0.00
2006-05-13 02:00:00,0.00,0.00,0.00,0.00,0.00,0.00,0.00,0.00,5.46,0.84,1.00,0.00
2006-05-13 03:00:00,0.00,0.00,0.00,0.00,0.00,0.00,0.00,0.00,4.94,0.86,1.00,0.00
2006-05-13 04:00:00,0.00,0.00,0.00,0.00,0.00,0.00,0.00,0.00,4.89,0.77,1.00,0.00
2006-05-13 05:00:00,0.00,0.00,0.00,0.00,0.00,0.00,0.00,0.00,4.24,0.83,1.00,0.00
2006-05-13 06:00:00,0.00,0.00,0.00,0.00,0.00,0.00,0.00,0.00,3.81,0.79,1.00,0.00
2006-05-13 07:00:00,0.00,0.00,0.00,0.00,0.00,0.00,0.00,0.00,5.43,0.57,1.00,0.00
2006-05-13 08:00:00,200.92,176.63,22.76,1.53,78.96,54.20,24.76,540.98,8.19,0.32,0.00,0.00
2006-05-13 09:00:00,482.75,432.71,44.75,5.28,272.92,224.24,48.68,793.27,11.47,0.22,0.00,0.00
2006-05-13 10:00:00,704.11,637.65,57.88,8.59,443.62,380.66,62.96,876.83,15.77,0.52,0.00,0.00
2006-05-13 11:00:00,862.63,785.27,66.34,11.02,569.46,497.30,72.16,914.06,18.61,0.85,0.00,0.00
2006-05-13 12:00:00,941.66,858.90,70.49,12.27,634.00,557.32,76.68,921.38,20.96,1.06,0.00,0.00
2006-05-13 13:00:00,945.50,862.34,70.81,12.35,638.08,561.06,77.02,915.82,22.29,1.41,0.00,0.00
2006-05-13 14:00:00,873.66,795.15,67.26,11.26,581.38,508.22,73.16,896.82,21.56,1.45,0.00,0.00
2006-05-13 15:00:00,732.00,663.01,59.90,9.09,469.50,404.34,65.16,859.86,20.43,1.64,0.00,0.00
2006-05-13 16:00:00,528.37,473.98,48.36,6.04,311.94,259.34,52.60,786.22,18.36,1.12,0.00,0.00
2006-05-13 17:00:00,270.32,237.60,30.26,2.45,126.58,93.66,32.92,604.04,15.56,0.39,0.00,0.00
2006-05-13 18:00:00,0.00,0.00,0.00,0.00,0.00,0.00,0.00,0.00,13.59,0.19,1.00,0.00
2006-05-13 19:00:00,0.00,0.00,0.00,0.00,0.00,0.00,0.00,0.00,11.81,0.29,1.00,0.00
2006-05-13 20:00:00,0.00,0.00,0.00,0.00,0.00,0.00,0.00,0.00,10.29,0.51,1.00,0.00
2006-05-13 21:00:00,0.00,0.00,0.00,0.00,0.00,0.00,0.00,0.00,8.88,0.67,1.00,0.00
2006-05-13 22:00:00,0.00,0.00,0.00,0.00,0.00,0.00,0.00,0.00,7.74,0.70,1.00,0.00
2006-05-13 23:00:00,0.00,0.00,0.00,0.00,0.00,0.00,0.00,0.00,6.72,0.71,1.00,0.00
2006-05-14 00:00:00,0.00,0.00,0.00,0.00,0.00,0.00,0.00,0.00,6.20,0.62,1.00,0.00
2006-05-14 01:00:00,0.00,0.00,0.00,0.00,0.00,0.00,0.00,0.00,5.50,0.45,1.00,0.00
2006-05-14 02:00:00,0.00,0.00,0.00,0.00,0.00,0.00,0.00,0.00,4.95,0.50,1.00,0.00
2006-05-14 03:00:00,0.00,0.00,0.00,0.00,0.00,0.00,0.00,0.00,4.26,0.46,1.00,0.00
2006-05-14 04:00:00,0.00,0.00,0.00,0.00,0.00,0.00,0.00,0.00,3.87,0.55,1.00,0.00
2006-05-14 05:00:00,0.00,0.00,0.00,0.00,0.00,0.00,0.00,0.00,3.15,0.55,1.00,0.00
2006-05-14 06:00:00,0.00,0.00,0.00,0.00,0.00,0.00,0.00,0.00,2.47,0.65,1.00,0.00
2006-05-14 07:00:00,0.00,0.00,0.00,0.00,0.00,0.00,0.00,0.00,4.12,0.39,1.00,0.00
2006-05-14 08:00:00,15.46,1.67,13.50,0.29,15.18,0.50,14.68,5.12,6.89,0.17,0.00,1.00
2006-05-14 09:00:00,56.49,4.17,51.21,1.12,57.84,2.14,55.70,7.65,9.49,0.22,0.00,1.00
2006-05-14 10:00:00,113.94,6.20,105.45,2.29,118.38,3.68,114.70,8.54,13.37,0.53,0.00,1.00
2006-05-14 11:00:00,841.93,765.72,65.49,10.72,553.90,482.66,71.24,892.69,15.87,0.80,0.00,0.00
2006-05-14 12:00:00,331.02,8.42,315.85,6.76,349.00,5.44,343.56,9.04,17.85,0.98,0.00,1.00
2006-05-14 13:00:00,929.81,847.59,70.11,12.11,625.54,549.28,76.26,901.47,19.11,1.29,0.00,0.00
2006-05-14 14:00:00,860.95,783.24,66.65,11.05,571.00,498.50,72.50,884.61,18.40,1.43,0.00,0.00
2006-05-14 15:00:00,721.17,652.88,59.37,8.92,460.70,396.12,64.58,847.94,17.36,1.50,0.00,0.00
2006-05-14 16:00:00,519.65,465.92,47.82,5.91,305.06,253.04,52.02,774.09,15.85,0.99,0.00,0.00
2006-05-14 17:00:00,263.20,231.12,29.71,2.36,122.04,89.72,32.32,588.45,13.79,0.22,0.00,0.00
2006-05-14 18:00:00,0.00,0.00,0.00,0.00,0.00,0.00,0.00,0.00,12.33,0.26,1.00,0.00
2006-05-14 19:00:00,0.00,0.00,0.00,0.00,0.00,0.00,0.00,0.00,10.88,0.40,1.00,0.00
2006-05-14 20:00:00,0.00,0.00,0.00,0.00,0.00,0.00,0.00,0.00,9.69,0.53,1.00,0.00
2006-05-14 21:00:00,0.00,0.00,0.00,0.00,0.00,0.00,0.00,0.00,8.67,0.70,1.00,0.00
2006-05-14 22:00:00,0.00,0.00,0.00,0.00,0.00,0.00,0.00,0.00,7.92,0.53,1.00,0.00
2006-05-14 23:00:00,0.00,0.00,0.00,0.00,0.00,0.00,0.00,0.00,6.97,0.65,1.00,0.00
2006-05-15 00:00:00,0.00,0.00,0.00,0.00,0.00,0.00,0.00,0.00,6.47,0.60,1.00,0.00
2006-05-15 01:00:00,0.00,0.00,0.00,0.00,0.00,0.00,0.00,0.00,5.73,0.55,1.00,0.00
2006-05-15 02:00:00,0.00,0.00,0.00,0.00,0.00,0.00,0.00,0.00,5.20,0.58,1.00,0.00
2006-05-15 03:00:00,0.00,0.00,0.00,0.00,0.00,0.00,0.00,0.00,4.62,0.51,1.00,0.00
2006-05-15 04:00:00,0.00,0.00,0.00,0.00,0.00,0.00,0.00,0.00,4.03,0.55,1.00,0.00
2006-05-15 05:00:00,0.00,0.00,0.00,0.00,0.00,0.00,0.00,0.00,3.26,0.55,1.00,0.00
2006-05-15 06:00:00,0.00,0.00,0.00,0.00,0.00,0.00,0.00,0.00,2.80,0.53,1.00,0.00
2006-05-15 07:00:00,0.00,0.00,0.00,0.00,0.00,0.00,0.00,0.00,4.52,0.25,1.00,0.00
2006-05-15 08:00:00,12.25,1.58,10.44,0.23,11.82,0.46,11.36,4.84,6.53,0.13,0.00,1.00
2006-05-15 09:00:00,48.70,4.12,43.61,0.96,49.54,2.10,47.44,7.58,9.19,0.25,0.00,1.00
2006-05-15 10:00:00,73.15,6.13,65.57,1.45,74.94,3.62,71.32,8.46,12.62,0.57,0.00,1.00
2006-05-15 11:00:00,261.01,7.58,248.11,5.32,274.64,4.76,269.88,8.85,14.76,0.92,0.00,1.00
2006-05-15 12:00:00,326.70,8.36,311.67,6.67,344.40,5.38,339.02,8.99,16.24,1.13,0.00,1.00
2006-05-15 13:00:00,325.79,8.46,310.68,6.65,343.40,5.46,337.94,9.01,17.62,1.39,0.00,1.00
2006-05-15 14:00:00,186.22,7.83,174.62,3.77,194.90,4.96,189.94,8.85,18.49,1.56,0.00,1.00
2006-05-15 15:00:00,139.69,6.53,130.34,2.82,145.72,3.94,141.78,8.49,18.01,1.64,0.00,1.00
2006-05-15 16:00:00,99.25,4.67,92.58,2.00,103.22,2.52,100.70,7.78,16.73,1.37,0.00,1.00
2006-05-15 17:00:00,262.89,231.09,29.47,2.33,120.36,88.30,32.06,589.14,15.39,0.96,0.00,0.00
2006-05-15 18:00:00,0.00,0.00,0.00,0.00,0.00,0.00,0.00,0.00,14.09,0.43,1.00,0.00
2006-05-15 19:00:00,0.00,0.00,0.00,0.00,0.00,0.00,0.00,0.00,13.49,0.25,1.00,0.00
2006-05-15 20:00:00,0.00,0.00,0.00,0.00,0.00,0.00,0.00,0.00,12.70,0.50,1.00,0.00
2006-05-15 21:00:00,0.00,0.00,0.00,0.00,0.00,0.00,0.00,0.00,12.17,0.38,1.00,0.00
2006-05-15 22:00:00,0.00,0.00,0.00,0.00,0.00,0.00,0.00,0.00,12.36,0.24,1.00,0.00
2006-05-15 23:00:00,0.00,0.00,0.00,0.00,0.00,0.00,0.00,0.00,11.73,0.16,1.00,0.00
2006-05-16 00:00:00,0.00,0.00,0.00,0.00,0.00,0.00,0.00,0.00,12.64,0.10,1.00,0.00
2006-05-16 01:00:00,0.00,0.00,0.00,0.00,0.00,0.00,0.00,0.00,12.81,0.15,1.00,0.00
2006-05-16 02:00:00,0.00,0.00,0.00,0.00,0.00,0.00,0.00,0.00,13.02,0.36,1.00,0.00
2006-05-16 03:00:00,0.00,0.00,0.00,0.00,0.00,0.00,0.00,0.00,11.96,0.72,1.00,0.00
2006-05-16 04:00:00,0.00,0.00,0.00,0.00,0.00,0.00,0.00,0.00,12.69,0.47,1.00,0.00
2006-05-16 05:00:00,0.00,0.00,0.00,0.00,0.00,0.00,0.00,0.00,12.41,0.77,1.00,0.00
2006-05-16 06:00:00,0.00,0.00,0.00,0.00,0.00,0.00,0.00,0.00,11.74,0.55,1.00,0.00
2006-05-16 07:00:00,0.00,0.00,0.00,0.00,0.00,0.00,0.00,0.00,11.14,0.67,1.00,0.00
2006-05-16 08:00:00,162.22,140.25,20.76,1.21,62.46,39.88,22.58,431.74,10.68,0.88,0.00,0.00
2006-05-16 09:00:00,430.78,383.46,42.68,4.65,240.08,193.66,46.42,706.03,10.82,0.94,0.00,0.00
2006-05-16 10:00:00,642.80,579.48,55.56,7.76,400.62,340.18,60.44,800.44,13.31,1.02,0.00,0.00
2006-05-16 11:00:00,796.01,722.07,63.86,10.08,520.70,451.24,69.46,844.23,15.04,1.10,0.00,0.00
2006-05-16 12:00:00,883.08,803.42,68.25,11.41,589.38,515.14,74.24,865.63,17.11,0.85,0.00,0.00
2006-05-16 13:00:00,897.07,816.58,68.88,11.61,599.96,525.04,74.92,871.02,18.88,1.16,0.00,0.00
2006-05-16 14:00:00,837.07,760.67,65.71,10.68,551.54,480.06,71.48,861.61,19.18,1.25,0.00,0.00
2006-05-16 15:00:00,160.68,6.36,151.07,3.26,168.14,3.82,164.32,8.28,18.60,1.27,0.00,1.00
2006-05-16 16:00:00,118.60,4.56,111.64,2.40,123.88,2.44,121.44,7.59,17.16,0.89,0.00,1.00
2006-05-16 17:00:00,254.85,223.47,29.14,2.24,115.74,84.04,31.70,570.57,15.48,0.31,0.00,0.00
2006-05-16 18:00:00,0.00,0.00,0.00,0.00,0.00,0.00,0.00,0.00,14.03,0.24,1.00,0.00
2006-05-16 19:00:00,0.00,0.00,0.00,0.00,0.00,0.00,0.00,0.00,12.63,0.62,1.00,0.00
2006-05-16 20:00:00,0.00,0.00,0.00,0.00,0.00,0.00,0.00,0.00,10.87,0.77,1.00,0.00
2006-05-16 21:00:00,0.00,0.00,0.00,0.00,0.00,0.00,0.00,0.00,10.12,0.78,1.00,0.00
2006-05-16 22:00:00,0.00,0.00,0.00,0.00,0.00,0.00,0.00,0.00,8.74,0.99,1.00,0.00
2006-05-16 23:00:00,0.00,0.00,0.00,0.00,0.00,0.00,0.00,0.00,9.89,0.76,1.00,0.00
2006-05-17 00:00:00,0.00,0.00,0.00,0.00,0.00,0.00,0.00,0.00,8.64,0.73,1.00,0.00
2006-05-17 01:00:00,0.00,0.00,0.00,0.00,0.00,0.00,0.00,0.00,8.79,0.60,1.00,0.00
2006-05-17 02:00:00,0.00,0.00,0.00,0.00,0.00,0.00,0.00,0.00,8.75,0.50,1.00,0.00
2006-05-17 03:00:00,0.00,0.00,0.00,0.00,0.00,0.00,0.00,0.00,9.50,0.49,1.00,0.00
2006-05-17 04:00:00,0.00,0.00,0.00,0.00,0.00,0.00,0.00,0.00,9.30,0.42,1.00,0.00
2006-05-17 05:00:00,0.00,0.00,0.00,0.00,0.00,0.00,0.00,0.00,8.45,0.51,1.00,0.00
2006-05-17 06:00:00,0.00,0.00,0.00,0.00,0.00,0.00,0.00,0.00,8.22,0.56,1.00,0.00
2006-05-17 07:00:00,0.00,0.00,0.00,0.00,0.00,0.00,0.00,0.00,6.87,0.35,1.00,0.00
2006-05-17 08:00:00,13.76,1.51,11.99,0.26,13.46,0.42,13.04,4.67,7.85,0.27,0.00,1.00
2006-05-17 09:00:00,91.99,4.07,86.07,1.85,95.66,2.04,93.62,7.52,11.20,0.26,0.00,1.00
2006-05-17 10:00:00,671.41,607.18,56.19,8.05,415.60,354.48,61.12,840.03,14.25,0.60,0.00,0.00
2006-05-17 11:00:00,254.36,7.52,241.66,5.18,267.54,4.68,262.86,8.81,16.19,0.85,0.00,1.00
2006-05-17 12:00:00,331.86,8.30,316.78,6.77,349.88,5.30,344.58,8.95,17.48,0.82,0.00,1.00
2006-05-17 13:00:00,212.20,8.40,199.50,4.31,222.38,5.38,217.00,8.97,18.26,1.03,0.00,1.00
2006-05-17 14:00:00,219.87,7.76,207.64,4.47,230.74,4.88,225.86,8.81,17.48,1.06,0.00,1.00
2006-05-17 15:00:00,188.43,6.49,178.11,3.83,197.62,3.88,193.74,8.47,16.17,0.94,0.00,1.00
2006-05-17 16:00:00,77.50,4.63,71.32,1.55,80.04,2.46,77.58,7.72,14.42,0.69,0.00,1.00
2006-05-17 17:00:00,259.88,228.76,28.87,2.25,116.12,84.72,31.40,584.78,13.04,0.13,0.00,0.00
2006-05-17 18:00:00,0.00,0.00,0.00,0.00,0.00,0.00,0.00,0.00,12.16,0.30,1.00,0.00
2006-05-17 19:00:00,0.00,0.00,0.00,0.00,0.00,0.00,0.00,0.00,11.64,0.41,1.00,0.00
2006-05-17 20:00:00,0.00,0.00,0.00,0.00,0.00,0.00,0.00,0.00,11.15,0.58,1.00,0.00
2006-05-17 21:00:00,0.00,0.00,0.00,0.00,0.00,0.00,0.00,0.00,10.81,0.71,1.00,0.00
2006-05-17 22:00:00,0.00,0.00,0.00,0.00,0.00,0.00,0.00,0.00,9.75,0.67,1.00,0.00
2006-05-17 23:00:00,0.00,0.00,0.00,0.00,0.00,0.00,0.00,0.00,9.72,0.68,1.00,0.00
2006-05-18 00:00:00,0.00,0.00,0.00,0.00,0.00,0.00,0.00,0.00,8.82,0.36,1.00,0.00
2006-05-18 01:00:00,0.00,0.00,0.00,0.00,0.00,0.00,0.00,0.00,8.19,0.24,1.00,0.00
2006-05-18 02:00:00,0.00,0.00,0.00,0.00,0.00,0.00,0.00,0.00,8.09,0.51,1.00,0.00
2006-05-18 03:00:00,0.00,0.00,0.00,0.00,0.00,0.00,0.00,0.00,9.09,0.31,1.00,0.00
2006-05-18 04:00:00,0.00,0.00,0.00,0.00,0.00,0.00,0.00,0.00,7.84,0.49,1.00,0.00
2006-05-18 05:00:00,0.00,0.00,0.00,0.00,0.00,0.00,0.00,0.00,7.77,0.61,1.00,0.00
2006-05-18 06:00:00,0.00,0.00,0.00,0.00,0.00,0.00,0.00,0.00,7.45,0.59,1.00,0.00
2006-05-18 07:00:00,0.00,0.00,0.00,0.00,0.00,0.00,0.00,0.00,7.08,0.45,1.00,0.00
2006-05-18 08:00:00,17.52,1.48,15.70,0.34,17.48,0.40,17.08,4.58,8.14,0.29,0.00,1.00
2006-05-18 09:00:00,85.01,3.95,79.36,1.71,88.28,1.96,86.32,7.29,12.06,0.25,0.00,1.00
2006-05-18 10:00:00,655.38,592.08,55.47,7.83,404.20,343.86,60.34,820.40,14.93,0.59,0.00,0.00
2006-05-18 11:00:00,255.30,7.36,242.74,5.20,268.60,4.56,264.04,8.63,16.49,0.74,0.00,1.00
2006-05-18 12:00:00,310.11,8.14,295.64,6.33,326.76,5.18,321.58,8.80,17.66,0.85,0.00,1.00
2006-05-18 13:00:00,304.95,8.24,290.49,6.22,321.24,5.26,315.98,8.82,18.15,1.06,0.00,1.00
2006-05-18 14:00:00,214.74,7.67,202.71,4.36,225.30,4.80,220.50,8.71,17.83,1.13,0.00,1.00
2006-05-18 15:00:00,140.65,6.42,131.39,2.84,146.74,3.82,142.92,8.39,16.80,0.99,0.00,1.00
2006-05-18 16:00:00,59.60,4.58,53.84,1.18,60.98,2.42,58.56,7.65,14.97,0.70,0.00,1.00
2006-05-18 17:00:00,255.31,224.66,28.46,2.19,112.94,81.98,30.96,574.78,13.65,0.32,0.00,0.00
2006-05-18 18:00:00,0.00,0.00,0.00,0.00,0.00,0.00,0.00,0.00,12.70,0.16,1.00,0.00
2006-05-18 19:00:00,0.00,0.00,0.00,0.00,0.00,0.00,0.00,0.00,11.79,0.24,1.00,0.00
2006-05-18 20:00:00,0.00,0.00,0.00,0.00,0.00,0.00,0.00,0.00,11.33,0.47,1.00,0.00
2006-05-18 21:00:00,0.00,0.00,0.00,0.00,0.00,0.00,0.00,0.00,10.50,0.87,1.00,0.00
2006-05-18 22:00:00,0.00,0.00,0.00,0.00,0.00,0.00,0.00,0.00,9.06,0.75,1.00,0.00
2006-05-18 23:00:00,0.00,0.00,0.00,0.00,0.00,0.00,0.00,0.00,8.83,0.76,1.00,0.00
2006-05-19 00:00:00,0.00,0.00,0.00,0.00,0.00,0.00,0.00,0.00,7.81,0.56,1.00,0.00
2006-05-19 01:00:00,0.00,0.00,0.00,0.00,0.00,0.00,0.00,0.00,7.59,0.55,1.00,0.00
2006-05-19 02:00:00,0.00,0.00,0.00,0.00,0.00,0.00,0.00,0.00,7.59,0.44,1.00,0.00
2006-05-19 03:00:00,0.00,0.00,0.00,0.00,0.00,0.00,0.00,0.00,7.66,0.60,1.00,0.00
2006-05-19 04:00:00,0.00,0.00,0.00,0.00,0.00,0.00,0.00,0.00,6.57,0.53,1.00,0.00
2006-05-19 05:00:00,0.00,0.00,0.00,0.00,0.00,0.00,0.00,0.00,6.12,0.61,1.00,0.00
2006-05-19 06:00:00,0.00,0.00,0.00,0.00,0.00,0.00,0.00,0.00,6.10,0.45,1.00,0.00
2006-05-19 07:00:00,0.00,0.00,0.00,0.00,0.00,0.00,0.00,0.00,5.66,0.27,1.00,0.00
2006-05-19 08:00:00,8.71,0.00,8.53,0.18,9.28,0.00,9.28,0.00,4.93,0.19,1.00,1.00
2006-05-19 09:00:00,38.15,3.94,33.46,0.74,38.34,1.94,36.40,7.29,7.16,0.33,0.00,1.00
2006-05-19 10:00:00,43.61,5.92,36.85,0.84,43.50,3.42,40.08,8.22,9.91,0.68,0.00,1.00
2006-05-19 11:00:00,70.08,7.36,61.34,1.38,71.26,4.54,66.72,8.64,12.10,0.79,0.00,1.00
2006-05-19 12:00:00,61.26,8.14,51.92,1.19,61.64,5.16,56.48,8.81,12.86,0.91,0.00,1.00
2006-05-19 13:00:00,55.97,8.27,46.61,1.08,55.96,5.26,50.70,8.86,13.38,1.22,0.00,1.00
2006-05-19 14:00:00,62.03,7.67,53.16,1.21,62.60,4.78,57.82,8.72,13.43,1.30,0.00,1.00
2006-05-19 15:00:00,57.41,6.39,49.90,1.12,58.06,3.78,54.28,8.35,12.89,1.39,0.00,1.00
2006-05-19 16:00:00,61.90,4.54,56.13,1.23,63.44,2.38,61.06,7.59,11.58,1.02,0.00,1.00
2006-05-19 17:00:00,251.41,221.34,27.95,2.13,109.98,79.58,30.40,566.88,9.87,0.53,0.00,0.00
2006-05-19 18:00:00,0.00,0.00,0.00,0.00,0.00,0.00,0.00,0.00,9.27,0.50,1.00,0.00
2006-05-19 19:00:00,0.00,0.00,0.00,0.00,0.00,0.00,0.00,0.00,9.55,0.58,1.00,0.00
2006-05-19 20:00:00,0.00,0.00,0.00,0.00,0.00,0.00,0.00,0.00,9.42,0.59,1.00,0.00
2006-05-19 21:00:00,0.00,0.00,0.00,0.00,0.00,0.00,0.00,0.00,9.46,0.59,1.00,0.00
2006-05-19 22:00:00,0.00,0.00,0.00,0.00,0.00,0.00,0.00,0.00,9.00,0.64,1.00,0.00
2006-05-19 23:00:00,0.00,0.00,0.00,0.00,0.00,0.00,0.00,0.00,9.04,0.49,1.00,0.00
2006-05-20 00:00:00,0.00,0.00,0.00,0.00,0.00,0.00,0.00,0.00,8.92,0.19,1.00,0.00
2006-05-20 01:00:00,0.00,0.00,0.00,0.00,0.00,0.00,0.00,0.00,8.72,0.31,1.00,0.00
2006-05-20 02:00:00,0.00,0.00,0.00,0.00,0.00,0.00,0.00,0.00,8.45,0.42,1.00,0.00
2006-05-20 03:00:00,0.00,0.00,0.00,0.00,0.00,0.00,0.00,0.00,9.47,0.22,1.00,0.00
2006-05-20 04:00:00,0.00,0.00,0.00,0.00,0.00,0.00,0.00,0.00,9.31,0.32,1.00,0.00
2006-05-20 05:00:00,0.00,0.00,0.00,0.00,0.00,0.00,0.00,0.00,8.95,0.35,1.00,0.00
2006-05-20 06:00:00,0.00,0.00,0.00,0.00,0.00,0.00,0.00,0.00,8.58,0.30,1.00,0.00
2006-05-20 07:00:00,0.00,0.00,0.00,0.00,0.00,0.00,0.00,0.00,8.26,0.32,1.00,0.00
2006-05-20 08:00:00,7.72,0.00,7.56,0.16,8.22,0.00,8.22,0.00,9.87,0.35,1.00,1.00
2006-05-20 09:00:00,44.99,3.77,40.34,0.89,45.72,1.84,43.88,6.99,11.56,0.45,0.00,1.00
2006-05-20 10:00:00,74.43,5.71,67.24,1.48,76.42,3.28,73.14,7.93,13.53,0.76,0.00,1.00
2006-05-20 11:00:00,106.47,7.13,97.21,2.13,110.12,4.38,105.74,8.39,15.38,0.86,0.00,1.00
2006-05-20 12:00:00,124.49,7.89,114.11,2.50,129.10,4.98,124.12,8.54,16.10,1.10,0.00,1.00
2006-05-20 13:00:00,118.96,7.99,108.59,2.38,123.18,5.06,118.12,8.57,15.69,1.24,0.00,1.00
2006-05-20 14:00:00,105.98,7.41,96.46,2.12,109.52,4.60,104.92,8.43,15.22,1.37,0.00,1.00
2006-05-20 15:00:00,106.93,6.18,98.61,2.15,110.90,3.64,107.26,8.09,14.96,1.18,0.00,1.00
2006-05-20 16:00:00,63.33,4.38,57.70,1.26,65.04,2.28,62.76,7.33,13.91,0.89,0.00,1.00
2006-05-20 17:00:00,21.20,2.09,18.70,0.41,21.08,0.74,20.34,5.36,13.09,0.56,0.00,1.00
2006-05-20 18:00:00,0.00,0.00,0.00,0.00,0.00,0.00,0.00,0.00,11.87,0.39,1.00,0.00
2006-05-20 19:00:00,0.00,0.00,0.00,0.00,0.00,0.00,0.00,0.00,11.35,0.45,1.00,0.00
2006-05-20 20:00:00,0.00,0.00,0.00,0.00,0.00,0.00,0.00,0.00,10.44,0.65,1.00,0.00
2006-05-20 21:00:00,0.00,0.00,0.00,0.00,0.00,0.00,0.00,0.00,9.79,0.60,1.00,0.00
2006-05-20 22:00:00,0.00,0.00,0.00,0.00,0.00,0.00,0.00,0.00,9.21,0.62,1.00,0.00
2006-05-20 23:00:00,0.00,0.00,0.00,0.00,0.00,0.00,0.00,0.00,8.29,0.55,1.00,0.00
2006-05-21 00:00:00,0.00,0.00,0.00,0.00,0.00,0.00,0.00,0.00,7.80,0.58,1.00,0.00
2006-05-21 01:00:00,0.00,0.00,0.00,0.00,0.00,0.00,0.00,0.00,7.12,0.65,1.00,0.00
2006-05-21 02:00:00,0.00,0.00,0.00,0.00,0.00,0.00,0.00,0.00,6.57,0.70,1.00,0.00
2006-05-21 03:00:00,0.00,0.00,0.00,0.00,0.00,0.00,0.00,0.00,6.09,0.58,1.00,0.00
2006-05-21 04:00:00,0.00,0.00,0.00,0.00,0.00,0.00,0.00,0.00,6.02,0.66,1.00,0.00
2006-05-21 05:00:00,0.00,0.00,0.00,0.00,0.00,0.00,0.00,0.00,5.33,0.63,1.00,0.00
2006-05-21 06:00:00,0.00,0.00,0.00,0.00,0.00,0.00,0.00,0.00,4.74,0.54,1.00,0.00
2006-05-21 07:00:00,0.00,0.00,0.00,0.00,0.00,0.00,0.00,0.00,5.87,0.48,1.00,0.00
2006-05-21 08:00:00,14.04,0.00,13.75,0.29,14.96,0.00,14.96,0.00,7.80,0.37,1.00,1.00
2006-05-21 09:00:00,73.10,3.68,67.96,1.47,75.70,1.78,73.92,6.83,10.06,0.14,0.00,1.00
2006-05-21 10:00:00,154.35,5.63,145.59,3.13,161.58,3.22,158.36,7.84,13.44,0.48,0.00,1.00
2006-05-21 11:00:00,148.12,7.03,138.10,2.99,154.52,4.30,150.22,8.28,16.61,0.68,0.00,1.00
2006-05-21 12:00:00,265.65,7.79,252.45,5.41,279.50,4.90,274.60,8.45,18.76,0.98,0.00,1.00
2006-05-21 13:00:00,105.40,7.89,95.41,2.11,108.76,4.98,103.78,8.47,20.00,1.16,0.00,1.00
2006-05-21 14:00:00,165.67,7.30,155.02,3.35,173.14,4.52,168.62,8.33,19.77,1.31,0.00,1.00
2006-05-21 15:00:00,123.93,6.07,115.36,2.50,129.04,3.56,125.48,7.95,18.90,1.32,0.00,1.00
2006-05-21 16:00:00,480.47,430.15,45.07,5.26,271.62,222.60,49.02,720.74,17.56,0.95,0.00,0.00
2006-05-21 17:00:00,231.40,202.69,26.77,1.94,99.96,70.84,29.12,519.99,16.21,0.49,0.00,0.00
2006-05-21 18:00:00,0.00,0.00,0.00,0.00,0.00,0.00,0.00,0.00,14.53,0.64,1.00,0.00
2006-05-21 19:00:00,0.00,0.00,0.00,0.00,0.00,0.00,0.00,0.00,14.00,0.72,1.00,0.00
2006-05-21 20:00:00,0.00,0.00,0.00,0.00,0.00,0.00,0.00,0.00,12.62,0.83,1.00,0.00
2006-05-21 21:00:00,0.00,0.00,0.00,0.00,0.00,0.00,0.00,0.00,11.84,0.78,1.00,0.00
2006-05-21 22:00:00,0.00,0.00,0.00,0.00,0.00,0.00,0.00,0.00,11.14,0.80,1.00,0.00
2006-05-21 23:00:00,0.00,0.00,0.00,0.00,0.00,0.00,0.00,0.00,10.57,0.68,1.00,0.00
2006-05-22 00:00:00,0.00,0.00,0.00,0.00,0.00,0.00,0.00,0.00,9.88,0.72,1.00,0.00
2006-05-22 01:00:00,0.00,0.00,0.00,0.00,0.00,0.00,0.00,0.00,9.45,0.82,1.00,0.00
2006-05-22 02:00:00,0.00,0.00,0.00,0.00,0.00,0.00,0.00,0.00,9.04,0.81,1.00,0.00
2006-05-22 03:00:00,0.00,0.00,0.00,0.00,0.00,0.00,0.00,0.00,9.09,0.70,1.00,0.00
2006-05-22 04:00:00,0.00,0.00,0.00,0.00,0.00,0.00,0.00,0.00,8.41,0.78,1.00,0.00
2006-05-22 05:00:00,0.00,0.00,0.00,0.00,0.00,0.00,0.00,0.00,7.70,0.76,1.00,0.00
2006-05-22 06:00:00,0.00,0.00,0.00,0.00,0.00,0.00,0.00,0.00,7.52,0.62,1.00,0.00
2006-05-22 07:00:00,0.00,0.00,0.00,0.00,0.00,0.00,0.00,0.00,6.96,0.61,1.00,0.00
2006-05-22 08:00:00,11.81,0.00,11.57,0.24,12.58,0.00,12.58,0.00,8.57,0.42,1.00,1.00
2006-05-22 09:00:00,68.40,3.75,63.29,1.37,70.64,1.80,68.84,6.97,12.37,0.13,0.00,1.00
2006-05-22 10:00:00,130.72,5.66,122.42,2.64,136.38,3.22,133.16,7.90,15.59,0.43,0.00,1.00
2006-05-22 11:00:00,141.97,7.09,132.02,2.86,147.92,4.32,143.60,8.36,17.86,0.59,0.00,1.00
2006-05-22 12:00:00,130.52,7.85,120.05,2.62,135.50,4.92,130.58,8.52,19.85,0.84,0.00,1.00
2006-05-22 13:00:00,113.68,7.95,103.46,2.28,117.54,5.00,112.54,8.55,20.57,0.95,0.00,1.00
2006-05-22 14:00:00,118.44,7.36,108.70,2.38,122.78,4.54,118.24,8.41,21.57,0.98,0.00,1.00
2006-05-22 15:00:00,201.24,6.16,190.98,4.09,211.34,3.60,207.74,8.09,21.39,0.96,0.00,1.00
2006-05-22 16:00:00,113.42,4.36,106.77,2.29,118.38,2.24,116.14,7.30,19.83,0.66,0.00,1.00
2006-05-22 17:00:00,34.47,2.09,31.70,0.68,35.20,0.72,34.48,5.37,18.58,0.45,0.00,1.00
2006-05-22 18:00:00,0.00,0.00,0.00,0.00,0.00,0.00,0.00,0.00,17.27,0.63,1.00,0.00
2006-05-22 19:00:00,0.00,0.00,0.00,0.00,0.00,0.00,0.00,0.00,16.71,0.61,1.00,0.00
2006-05-22 20:00:00,0.00,0.00,0.00,0.00,0.00,0.00,0.00,0.00,15.87,0.58,1.00,0.00
2006-05-22 21:00:00,0.00,0.00,0.00,0.00,0.00,0.00,0.00,0.00,15.42,0.62,1.00,0.00
2006-05-22 22:00:00,0.00,0.00,0.00,0.00,0.00,0.00,0.00,0.00,14.75,0.80,1.00,0.00
2006-05-22 23:00:00,0.00,0.00,0.00,0.00,0.00,0.00,0.00,0.00,15.13,0.67,1.00,0.00
2006-05-23 00:00:00,0.00,0.00,0.00,0.00,0.00,0.00,0.00,0.00,14.43,0.68,1.00,0.00
2006-05-23 01:00:00,0.00,0.00,0.00,0.00,0.00,0.00,0.00,0.00,13.71,0.82,1.00,0.00
2006-05-23 02:00:00,0.00,0.00,0.00,0.00,0.00,0.00,0.00,0.00,13.16,0.86,1.00,0.00
2006-05-23 03:00:00,0.00,0.00,0.00,0.00,0.00,0.00,0.00,0.00,14.27,0.60,1.00,0.00
2006-05-23 04:00:00,0.00,0.00,0.00,0.00,0.00,0.00,0.00,0.00,13.67,0.65,1.00,0.00
2006-05-23 05:00:00,0.00,0.00,0.00,0.00,0.00,0.00,0.00,0.00,13.71,0.63,1.00,0.00
2006-05-23 06:00:00,0.00,0.00,0.00,0.00,0.00,0.00,0.00,0.00,13.47,0.39,1.00,0.00
2006-05-23 07:00:00,0.00,0.00,0.00,0.00,0.00,0.00,0.00,0.00,12.54,0.75,1.00,0.00
2006-05-23 08:00:00,6.14,0.00,6.01,0.13,6.54,0.00,6.54,0.00,14.42,0.54,1.00,1.00
2006-05-23 09:00:00,34.17,3.65,29.86,0.66,34.22,1.74,32.48,6.81,17.89,0.16,0.00,1.00
2006-05-23 10:00:00,34.78,5.58,28.54,0.66,34.20,3.16,31.04,7.80,18.76,0.59,0.00,1.00
2006-05-23 11:00:00,44.45,6.95,36.64,0.85,44.08,4.22,39.86,8.21,19.97,0.81,0.00,1.00
2006-05-23 12:00:00,127.41,7.74,117.10,2.56,132.22,4.84,127.38,8.43,20.67,1.04,0.00,1.00
2006-05-23 13:00:00,70.16,7.85,60.93,1.38,71.20,4.92,66.28,8.45,20.46,1.13,0.00,1.00
2006-05-23 14:00:00,89.50,7.26,80.46,1.78,91.98,4.46,87.52,8.30,20.81,1.19,0.00,1.00
2006-05-23 15:00:00,50.92,6.05,43.87,0.99,51.24,3.52,47.72,7.95,20.70,0.87,0.00,1.00
2006-05-23 16:00:00,27.83,4.26,23.04,0.53,27.24,2.18,25.06,7.16,19.70,0.62,0.00,1.00
2006-05-23 17:00:00,227.85,199.74,26.24,1.87,96.40,67.86,28.54,513.09,19.06,0.60,0.00,0.00
2006-05-23 18:00:00,0.00,0.00,0.00,0.00,0.00,0.00,0.00,0.00,17.89,0.99,1.00,0.00
2006-05-23 19:00:00,0.00,0.00,0.00,0.00,0.00,0.00,0.00,0.00,17.58,1.14,1.00,0.00
2006-05-23 20:00:00,0.00,0.00,0.00,0.00,0.00,0.00,0.00,0.00,16.43,1.20,1.00,0.00
2006-05-23 21:00:00,0.00,0.00,0.00,0.00,0.00,0.00,0.00,0.00,16.02,1.10,1.00,0.00
2006-05-23 22:00:00,0.00,0.00,0.00,0.00,0.00,0.00,0.00,0.00,15.26,1.81,1.00,0.00
2006-05-23 23:00:00,0.00,0.00,0.00,0.00,0.00,0.00,0.00,0.00,15.29,1.64,1.00,0.00
2006-05-24 00:00:00,0.00,0.00,0.00,0.00,0.00,0.00,0.00,0.00,13.58,2.01,1.00,0.00
2006-05-24 01:00:00,0.00,0.00,0.00,0.00,0.00,0.00,0.00,0.00,13.18,2.19,1.00,0.00
2006-05-24 02:00:00,0.00,0.00,0.00,0.00,0.00,0.00,0.00,0.00,13.00,1.75,1.00,0.00
2006-05-24 03:00:00,0.00,0.00,0.00,0.00,0.00,0.00,0.00,0.00,14.96,0.81,1.00,0.00
2006-05-24 04:00:00,0.00,0.00,0.00,0.00,0.00,0.00,0.00,0.00,14.08,0.70,1.00,0.00
2006-05-24 05:00:00,0.00,0.00,0.00,0.00,0.00,0.00,0.00,0.00,13.72,0.70,1.00,0.00
2006-05-24 06:00:00,0.00,0.00,0.00,0.00,0.00,0.00,0.00,0.00,13.34,0.60,1.00,0.00
2006-05-24 07:00:00,0.00,0.00,0.00,0.00,0.00,0.00,0.00,0.00,13.38,0.58,1.00,0.00
2006-05-24 08:00:00,3.75,0.00,3.68,0.08,4.00,0.00,4.00,0.00,12.95,0.36,1.00,1.00
2006-05-24 09:00:00,18.47,3.68,14.45,0.34,17.46,1.74,15.72,6.88,13.10,0.37,0.00,1.00
2006-05-24 10:00:00,30.85,5.61,24.66,0.58,29.98,3.16,26.82,7.85,16.16,0.62,0.00,1.00
2006-05-24 11:00:00,42.29,7.01,34.48,0.81,41.74,4.24,37.50,8.29,17.47,0.63,0.00,1.00
2006-05-24 12:00:00,63.37,7.80,54.33,1.24,63.96,4.86,59.10,8.50,18.46,0.83,0.00,1.00
2006-05-24 13:00:00,64.75,7.93,55.55,1.27,65.38,4.96,60.42,8.55,18.24,1.03,0.00,1.00
2006-05-24 14:00:00,58.42,7.38,49.90,1.14,58.80,4.52,54.28,8.45,18.21,1.24,0.00,1.00
2006-05-24 15:00:00,166.32,6.18,156.77,3.37,174.10,3.58,170.52,8.13,17.03,1.36,0.00,1.00
2006-05-24 16:00:00,94.77,4.37,88.50,1.91,98.48,2.22,96.26,7.34,15.45,1.10,0.00,1.00
2006-05-24 17:00:00,29.08,2.09,26.42,0.57,29.44,0.70,28.74,5.36,14.64,0.94,0.00,1.00
2006-05-24 18:00:00,0.00,0.00,0.00,0.00,0.00,0.00,0.00,0.00,13.79,0.92,1.00,0.00
2006-05-24 19:00:00,0.00,0.00,0.00,0.00,0.00,0.00,0.00,0.00,13.04,0.66,1.00,0.00
2006-05-24 20:00:00,0.00,0.00,0.00,0.00,0.00,0.00,0.00,0.00,12.75,0.82,1.00,0.00
2006-05-24 21:00:00,0.00,0.00,0.00,0.00,0.00,0.00,0.00,0.00,12.42,1.01,1.00,0.00
2006-05-24 22:00:00,0.00,0.00,0.00,0.00,0.00,0.00,0.00,0.00,11.92,1.13,1.00,0.00
2006-05-24 23:00:00,0.00,0.00,0.00,0.00,0.00,0.00,0.00,0.00,12.52,0.91,1.00,0.00
2006-05-25 00:00:00,0.00,0.00,0.00,0.00,0.00,0.00,0.00,0.00,11.67,0.78,1.00,0.00
2006-05-25 01:00:00,0.00,0.00,0.00,0.00,0.00,0.00,0.00,0.00,11.65,0.43,1.00,0.00
2006-05-25 02:00:00,0.00,0.00,0.00,0.00,0.00,0.00,0.00,0.00,10.79,0.85,1.00,0.00
2006-05-25 03:00:00,0.00,0.00,0.00,0.00,0.00,0.00,0.00,0.00,13.87,0.15,1.00,0.00
2006-05-25 04:00:00,0.00,0.00,0.00,0.00,0.00,0.00,0.00,0.00,13.92,0.33,1.00,0.00
2006-05-25 05:00:00,0.00,0.00,0.00,0.00,0.00,0.00,0.00,0.00,13.76,0.44,1.00,0.00
2006-05-25 06:00:00,0.00,0.00,0.00,0.00,0.00,0.00,0.00,0.00,12.88,0.45,1.00,0.00
2006-05-25 07:00:00,0.00,0.00,0.00,0.00,0.00,0.00,0.00,0.00,10.46,0.88,1.00,0.00
2006-05-25 08:00:00,7.10,0.00,6.95,0.15,7.56,0.00,7.56,0.00,14.54,0.27,1.00,1.00
2006-05-25 09:00:00,46.92,3.71,42.29,0.92,47.74,1.74,46.00,6.94,16.96,0.40,0.00,1.00
2006-05-25 10:00:00,75.99,5.67,68.80,1.51,78.02,3.18,74.84,7.95,18.57,0.52,0.00,1.00
2006-05-25 11:00:00,96.91,7.07,87.91,1.93,99.88,4.26,95.62,8.37,20.47,0.64,0.00,1.00
2006-05-25 12:00:00,135.57,7.80,125.05,2.73,140.86,4.84,136.02,8.50,20.52,1.34,0.00,1.00
2006-05-25 13:00:00,145.65,7.86,134.85,2.93,151.58,4.90,146.68,8.49,20.31,1.50,0.00,1.00
2006-05-25 14:00:00,128.59,7.28,118.72,2.59,133.58,4.44,129.14,8.33,19.84,1.57,0.00,1.00
2006-05-25 15:00:00,139.90,6.03,131.04,2.83,146.02,3.48,142.54,7.94,18.63,1.57,0.00,1.00
2006-05-25 16:00:00,79.75,4.24,73.91,1.60,82.54,2.14,80.40,7.12,17.27,1.50,0.00,1.00
2006-05-25 17:00:00,24.38,1.93,21.97,0.48,24.54,0.64,23.90,4.97,16.16,1.47,0.00,1.00
2006-05-25 18:00:00,0.00,0.00,0.00,0.00,0.00,0.00,0.00,0.00,15.08,1.46,1.00,0.00
2006-05-25 19:00:00,0.00,0.00,0.00,0.00,0.00,0.00,0.00,0.00,14.47,1.13,1.00,0.00
2006-05-25 20:00:00,0.00,0.00,0.00,0.00,0.00,0.00,0.00,0.00,13.55,1.19,1.00,0.00
2006-05-25 21:00:00,0.00,0.00,0.00,0.00,0.00,0.00,0.00,0.00,13.06,0.98,1.00,0.00
2006-05-25 22:00:00,0.00,0.00,0.00,0.00,0.00,0.00,0.00,0.00,13.08,0.85,1.00,0.00
2006-05-25 23:00:00,0.00,0.00,0.00,0.00,0.00,0.00,0.00,0.00,13.08,0.62,1.00,0.00
2006-05-26 00:00:00,0.00,0.00,0.00,0.00,0.00,0.00,0.00,0.00,12.90,0.71,1.00,0.00
2006-05-26 01:00:00,0.00,0.00,0.00,0.00,0.00,0.00,0.00,0.00,13.00,1.03,1.00,0.00
2006-05-26 02:00:00,0.00,0.00,0.00,0.00,0.00,0.00,0.00,0.00,11.72,1.43,1.00,0.00
2006-05-26 03:00:00,0.00,0.00,0.00,0.00,0.00,0.00,0.00,0.00,12.94,0.92,1.00,0.00
2006-05-26 04:00:00,0.00,0.00,0.00,0.00,0.00,0.00,0.00,0.00,13.34,0.56,1.00,0.00
2006-05-26 05:00:00,0.00,0.00,0.00,0.00,0.00,0.00,0.00,0.00,12.39,0.86,1.00,0.00
2006-05-26 06:00:00,0.00,0.00,0.00,0.00,0.00,0.00,0.00,0.00,10.95,0.58,1.00,0.00
2006-05-26 07:00:00,0.00,0.00,0.00,0.00,0.00,0.00,0.00,0.00,9.43,0.30,1.00,0.00
2006-05-26 08:00:00,8.62,0.00,8.44,0.18,9.18,0.00,9.18,0.00,10.98,0.12,1.00,1.00
2006-05-26 09:00:00,403.43,359.58,39.77,4.08,210.64,167.38,43.26,673.96,12.52,0.61,0.00,0.00
2006-05-26 10:00:00,77.86,5.52,70.79,1.55,80.08,3.08,77.00,7.75,13.75,0.74,0.00,1.00
2006-05-26 11:00:00,160.47,6.93,150.29,3.25,167.64,4.16,163.48,8.22,15.05,0.80,0.00,1.00
2006-05-26 12:00:00,114.60,7.72,104.58,2.29,118.54,4.78,113.76,8.43,15.92,1.22,0.00,1.00
2006-05-26 13:00:00,78.94,7.82,69.56,1.56,80.52,4.86,75.66,8.45,16.46,1.32,0.00,1.00
2006-05-26 14:00:00,70.81,7.27,62.15,1.39,72.02,4.42,67.60,8.33,16.72,1.32,0.00,1.00
2006-05-26 15:00:00,96.60,6.06,88.61,1.93,99.86,3.48,96.38,7.98,16.97,1.21,0.00,1.00
2006-05-26 16:00:00,56.96,4.30,51.54,1.13,58.22,2.16,56.06,7.23,15.84,0.98,0.00,1.00
2006-05-26 17:00:00,18.36,2.02,16.00,0.35,18.06,0.66,17.40,5.19,14.73,0.50,0.00,1.00
2006-05-26 18:00:00,0.00,0.00,0.00,0.00,0.00,0.00,0.00,0.00,13.40,0.29,1.00,0.00
2006-05-26 19:00:00,0.00,0.00,0.00,0.00,0.00,0.00,0.00,0.00,12.83,0.18,1.00,0.00
2006-05-26 20:00:00,0.00,0.00,0.00,0.00,0.00,0.00,0.00,0.00,11.72,0.41,1.00,0.00
2006-05-26 21:00:00,0.00,0.00,0.00,0.00,0.00,0.00,0.00,0.00,11.04,0.37,1.00,0.00
2006-05-26 22:00:00,0.00,0.00,0.00,0.00,0.00,0.00,0.00,0.00,10.53,0.44,1.00,0.00
2006-05-26 23:00:00,0.00,0.00,0.00,0.00,0.00,0.00,0.00,0.00,10.24,0.08,1.00,0.00
2006-05-27 00:00:00,0.00,0.00,0.00,0.00,0.00,0.00,0.00,0.00,10.12,0.14,1.00,0.00
2006-05-27 01:00:00,0.00,0.00,0.00,0.00,0.00,0.00,0.00,0.00,9.95,0.27,1.00,0.00
2006-05-27 02:00:00,0.00,0.00,0.00,0.00,0.00,0.00,0.00,0.00,9.73,0.61,1.00,0.00
2006-05-27 03:00:00,0.00,0.00,0.00,0.00,0.00,0.00,0.00,0.00,10.27,0.48,1.00,0.00
2006-05-27 04:00:00,0.00,0.00,0.00,0.00,0.00,0.00,0.00,0.00,10.25,0.40,1.00,0.00
2006-05-27 05:00:00,0.00,0.00,0.00,0.00,0.00,0.00,0.00,0.00,9.84,0.51,1.00,0.00
2006-05-27 06:00:00,0.00,0.00,0.00,0.00,0.00,0.00,0.00,0.00,8.87,0.49,1.00,0.00
2006-05-27 07:00:00,0.00,0.00,0.00,0.00,0.00,0.00,0.00,0.00,7.99,0.37,1.00,0.00
2006-05-27 08:00:00,6.85,0.00,6.71,0.14,7.30,0.00,7.30,0.00,8.73,0.23,1.00,1.00
2006-05-27 09:00:00,68.59,3.77,63.45,1.37,70.76,1.74,69.02,7.07,12.05,0.31,0.00,1.00
2006-05-27 10:00:00,634.61,573.88,53.43,7.30,376.82,318.70,58.12,806.70,15.12,0.52,0.00,0.00
2006-05-27 11:00:00,189.85,7.15,178.85,3.85,198.82,4.28,194.54,8.50,17.61,0.59,0.00,1.00
2006-05-27 12:00:00,871.76,794.72,66.16,10.89,562.30,490.34,71.96,869.24,19.71,0.81,0.00,0.00
2006-05-27 13:00:00,288.13,8.04,274.22,5.87,303.26,4.98,298.28,8.70,20.58,1.05,0.00,1.00
2006-05-27 14:00:00,818.75,745.23,63.43,10.08,520.80,451.80,69.00,855.21,20.97,1.18,0.00,0.00
2006-05-27 15:00:00,685.27,620.89,56.32,8.07,416.64,355.38,61.26,818.30,19.70,1.19,0.00,0.00
2006-05-27 16:00:00,489.54,439.52,44.83,5.20,268.40,219.64,48.76,739.84,18.15,0.86,0.00,0.00
2006-05-27 17:00:00,233.82,205.93,26.05,1.84,94.90,66.56,28.34,529.60,16.17,0.64,0.00,0.00
2006-05-27 18:00:00,0.00,0.00,0.00,0.00,0.00,0.00,0.00,0.00,14.78,0.54,1.00,0.00
2006-05-27 19:00:00,0.00,0.00,0.00,0.00,0.00,0.00,0.00,0.00,13.40,0.34,1.00,0.00
2006-05-27 20:00:00,0.00,0.00,0.00,0.00,0.00,0.00,0.00,0.00,12.42,0.46,1.00,0.00
2006-05-27 21:00:00,0.00,0.00,0.00,0.00,0.00,0.00,0.00,0.00,11.52,0.62,1.00,0.00
2006-05-27 22:00:00,0.00,0.00,0.00,0.00,0.00,0.00,0.00,0.00,10.55,0.46,1.00,0.00
2006-05-27 23:00:00,0.00,0.00,0.00,0.00,0.00,0.00,0.00,0.00,10.11,0.41,1.00,0.00
2006-05-28 00:00:00,0.00,0.00,0.00,0.00,0.00,0.00,0.00,0.00,9.46,0.39,1.00,0.00
2006-05-28 01:00:00,0.00,0.00,0.00,0.00,0.00,0.00,0.00,0.00,9.00,0.34,1.00,0.00
2006-05-28 02:00:00,0.00,0.00,0.00,0.00,0.00,0.00,0.00,0.00,8.55,0.43,1.00,0.00
2006-05-28 03:00:00,0.00,0.00,0.00,0.00,0.00,0.00,0.00,0.00,8.62,0.42,1.00,0.00
2006-05-28 04:00:00,0.00,0.00,0.00,0.00,0.00,0.00,0.00,0.00,8.05,0.40,1.00,0.00
2006-05-28 05:00:00,0.00,0.00,0.00,0.00,0.00,0.00,0.00,0.00,7.81,0.47,1.00,0.00
2006-05-28 06:00:00,0.00,0.00,0.00,0.00,0.00,0.00,0.00,0.00,7.15,0.39,1.00,0.00
2006-05-28 07:00:00,0.00,0.00,0.00,0.00,0.00,0.00,0.00,0.00,6.30,0.37,1.00,0.00
2006-05-28 08:00:00,16.05,0.00,15.72,0.33,17.10,0.00,17.10,0.00,7.27,0.28,1.00,0.00
2006-05-28 09:00:00,420.64,376.46,39.99,4.18,216.06,172.56,43.50,708.33,12.77,0.22,0.00,0.00
2006-05-28 10:00:00,633.30,572.85,53.19,7.25,374.64,316.78,57.86,806.43,15.62,0.57,0.00,0.00
2006-05-28 11:00:00,784.32,713.27,61.52,9.53,492.26,425.34,66.92,848.63,17.94,0.82,0.00,0.00
2006-05-28 12:00:00,253.20,7.90,240.15,5.15,266.08,4.86,261.22,8.65,19.84,0.99,0.00,1.00
2006-05-28 13:00:00,274.31,8.00,260.72,5.59,288.54,4.94,283.60,8.66,21.00,1.27,0.00,1.00
2006-05-28 14:00:00,814.30,741.16,63.14,10.00,516.58,447.90,68.68,851.42,20.57,1.42,0.00,0.00
2006-05-28 15:00:00,682.11,618.04,56.06,8.00,413.38,352.40,60.98,815.28,20.02,1.36,0.00,0.00
2006-05-28 16:00:00,487.50,437.74,44.61,5.15,266.14,217.62,48.52,737.18,18.39,1.08,0.00,0.00
2006-05-28 17:00:00,232.17,204.61,25.76,1.81,93.42,65.40,28.02,526.17,16.56,0.79,0.00,0.00
2006-05-28 18:00:00,0.00,0.00,0.00,0.00,0.00,0.00,0.00,0.00,14.89,0.49,1.00,0.00
2006-05-28 19:00:00,0.00,0.00,0.00,0.00,0.00,0.00,0.00,0.00,14.25,0.30,1.00,0.00
2006-05-28 20:00:00,0.00,0.00,0.00,0.00,0.00,0.00,0.00,0.00,13.29,0.31,1.00,0.00
2006-05-28 21:00:00,0.00,0.00,0.00,0.00,0.00,0.00,0.00,0.00,12.46,0.22,1.00,0.00
2006-05-28 22:00:00,0.00,0.00,0.00,0.00,0.00,0.00,0.00,0.00,11.97,0.25,1.00,0.00
2006-05-28 23:00:00,0.00,0.00,0.00,0.00,0.00,0.00,0.00,0.00,11.46,0.23,1.00,0.00
2006-05-29 00:00:00,0.00,0.00,0.00,0.00,0.00,0.00,0.00,0.00,11.20,0.23,1.00,0.00
2006-05-29 01:00:00,0.00,0.00,0.00,0.00,0.00,0.00,0.00,0.00,11.01,0.29,1.00,0.00
2006-05-29 02:00:00,0.00,0.00,0.00,0.00,0.00,0.00,0.00,0.00,11.14,0.20,1.00,0.00
2006-05-29 03:00:00,0.00,0.00,0.00,0.00,0.00,0.00,0.00,0.00,10.64,0.22,1.00,0.00
2006-05-29 04:00:00,0.00,0.00,0.00,0.00,0.00,0.00,0.00,0.00,9.37,0.27,1.00,0.00
2006-05-29 05:00:00,0.00,0.00,0.00,0.00,0.00,0.00,0.00,0.00,8.57,0.36,1.00,0.00
2006-05-29 06:00:00,0.00,0.00,0.00,0.00,0.00,0.00,0.00,0.00,7.62,0.38,1.00,0.00
2006-05-29 07:00:00,0.00,0.00,0.00,0.00,0.00,0.00,0.00,0.00,6.95,0.29,1.00,0.00
2006-05-29 08:00:00,15.38,0.00,15.06,0.32,16.38,0.00,16.38,0.00,8.82,0.17,1.00,0.00
2006-05-29 09:00:00,418.97,375.22,39.60,4.14,213.84,170.76,43.08,707.33,11.62,0.13,0.00,0.00
2006-05-29 10:00:00,635.87,575.67,52.95,7.25,374.52,316.92,57.60,811.76,14.73,0.44,0.00,0.00
2006-05-29 11:00:00,791.43,720.44,61.41,9.58,495.04,428.24,66.80,858.30,16.55,0.58,0.00,0.00
2006-05-29 12:00:00,873.92,797.34,65.73,10.85,560.60,489.10,71.50,874.20,17.96,0.83,0.00,0.00
2006-05-29 13:00:00,882.78,805.55,66.23,11.00,568.16,496.12,72.04,873.25,18.63,0.98,0.00,0.00
2006-05-29 14:00:00,818.13,745.17,62.94,10.02,517.50,449.04,68.46,856.73,18.50,1.18,0.00,0.00
2006-05-29 15:00:00,683.92,620.14,55.79,8.00,413.08,352.40,60.68,818.56,18.06,1.29,0.00,0.00
2006-05-29 16:00:00,487.61,438.21,44.28,5.13,264.98,216.82,48.16,738.22,17.01,1.15,0.00,0.00
2006-05-29 17:00:00,230.50,203.44,25.28,1.78,91.80,64.30,27.50,523.15,15.62,0.92,0.00,0.00
2006-05-29 18:00:00,0.00,0.00,0.00,0.00,0.00,0.00,0.00,0.00,14.37,0.78,1.00,0.00
2006-05-29 19:00:00,0.00,0.00,0.00,0.00,0.00,0.00,0.00,0.00,13.81,0.71,1.00,0.00
2006-05-29 20:00:00,0.00,0.00,0.00,0.00,0.00,0.00,0.00,0.00,12.97,0.70,1.00,0.00
2006-05-29 21:00:00,0.00,0.00,0.00,0.00,0.00,0.00,0.00,0.00,12.50,0.70,1.00,0.00
2006-05-29 22:00:00,0.00,0.00,0.00,0.00,0.00,0.00,0.00,0.00,12.56,0.53,1.00,0.00
2006-05-29 23:00:00,0.00,0.00,0.00,0.00,0.00,0.00,0.00,0.00,11.93,0.51,1.00,0.00
2006-05-30 00:00:00,0.00,0.00,0.00,0.00,0.00,0.00,0.00,0.00,12.10,0.47,1.00,0.00
2006-05-30 01:00:00,0.00,0.00,0.00,0.00,0.00,0.00,0.00,0.00,11.95,0.40,1.00,0.00
2006-05-30 02:00:00,0.00,0.00,0.00,0.00,0.00,0.00,0.00,0.00,11.68,0.58,1.00,0.00
2006-05-30 03:00:00,0.00,0.00,0.00,0.00,0.00,0.00,0.00,0.00,11.75,0.28,1.00,0.00
2006-05-30 04:00:00,0.00,0.00,0.00,0.00,0.00,0.00,0.00,0.00,11.59,0.38,1.00,0.00
2006-05-30 05:00:00,0.00,0.00,0.00,0.00,0.00,0.00,0.00,0.00,10.34,0.36,1.00,0.00
2006-05-30 06:00:00,0.00,0.00,0.00,0.00,0.00,0.00,0.00,0.00,9.24,0.33,1.00,0.00
2006-05-30 07:00:00,0.00,0.00,0.00,0.00,0.00,0.00,0.00,0.00,7.83,0.42,1.00,0.00
2006-05-30 08:00:00,14.66,0.00,14.36,0.30,15.62,0.00,15.62,0.00,9.46,0.36,1.00,0.00
2006-05-30 09:00:00,410.72,367.59,39.09,4.04,208.62,166.10,42.52,694.37,12.34,0.16,0.00,0.00
2006-05-30 10:00:00,628.59,568.92,52.53,7.14,369.02,311.88,57.14,803.49,14.71,0.43,0.00,0.00
2006-05-30 11:00:00,786.72,716.11,61.10,9.50,490.78,424.32,66.46,854.33,16.63,0.58,0.00,0.00
2006-05-30 12:00:00,871.10,794.81,65.49,10.79,557.46,486.22,71.24,872.44,18.42,0.77,0.00,0.00
2006-05-30 13:00:00,881.98,804.97,66.05,10.96,566.24,494.40,71.84,873.54,19.27,0.97,0.00,0.00
2006-05-30 14:00:00,818.76,745.95,62.81,10.00,516.56,448.24,68.32,858.37,19.81,1.09,0.00,0.00
2006-05-30 15:00:00,686.29,622.56,55.73,8.00,413.20,352.58,60.62,822.29,19.25,1.07,0.00,0.00
2006-05-30 16:00:00,490.70,441.32,44.24,5.14,265.44,217.32,48.12,743.73,17.74,0.72,0.00,0.00
2006-05-30 17:00:00,233.28,206.31,25.19,1.78,91.94,64.54,27.40,530.34,16.56,0.40,0.00,0.00
2006-05-30 18:00:00,0.00,0.00,0.00,0.00,0.00,0.00,0.00,0.00,15.07,0.57,1.00,0.00
2006-05-30 19:00:00,0.00,0.00,0.00,0.00,0.00,0.00,0.00,0.00,14.49,1.02,1.00,0.00
2006-05-30 20:00:00,0.00,0.00,0.00,0.00,0.00,0.00,0.00,0.00,13.42,1.13,1.00,0.00
2006-05-30 21:00:00,0.00,0.00,0.00,0.00,0.00,0.00,0.00,0.00,12.52,1.05,1.00,0.00
2006-05-30 22:00:00,0.00,0.00,0.00,0.00,0.00,0.00,0.00,0.00,11.68,0.98,1.00,0.00
2006-05-30 23:00:00,0.00,0.00,0.00,0.00,0.00,0.00,0.00,0.00,11.23,0.95,1.00,0.00
2006-05-31 00:00:00,0.00,0.00,0.00,0.00,0.00,0.00,0.00,0.00,10.07,0.96,1.00,0.00
2006-05-31 01:00:00,0.00,0.00,0.00,0.00,0.00,0.00,0.00,0.00,9.46,0.95,1.00,0.00
2006-05-31 02:00:00,0.00,0.00,0.00,0.00,0.00,0.00,0.00,0.00,8.57,0.89,1.00,0.00
2006-05-31 03:00:00,0.00,0.00,0.00,0.00,0.00,0.00,0.00,0.00,9.96,0.82,1.00,0.00
2006-05-31 04:00:00,0.00,0.00,0.00,0.00,0.00,0.00,0.00,0.00,9.25,0.81,1.00,0.00
2006-05-31 05:00:00,0.00,0.00,0.00,0.00,0.00,0.00,0.00,0.00,8.71,0.81,1.00,0.00
2006-05-31 06:00:00,0.00,0.00,0.00,0.00,0.00,0.00,0.00,0.00,8.60,0.63,1.00,0.00
2006-05-31 07:00:00,0.00,0.00,0.00,0.00,0.00,0.00,0.00,0.00,7.30,0.80,1.00,0.00
2006-05-31 08:00:00,3.96,0.00,3.88,0.08,4.22,0.00,4.22,0.00,8.84,0.85,1.00,1.00
2006-05-31 09:00:00,27.48,3.61,23.35,0.52,27.02,1.62,25.40,6.83,12.94,0.08,0.00,1.00
2006-05-31 10:00:00,619.66,560.53,52.11,7.02,362.68,306.00,56.68,792.94,15.72,0.35,0.00,0.00
2006-05-31 11:00:00,122.30,7.04,112.80,2.46,126.86,4.16,122.70,8.41,17.65,0.70,0.00,1.00
2006-05-31 12:00:00,103.81,7.80,93.94,2.07,106.94,4.76,102.18,8.57,18.36,0.81,0.00,1.00
2006-05-31 13:00:00,88.68,7.93,78.99,1.76,90.78,4.86,85.92,8.62,18.53,1.14,0.00,1.00
2006-05-31 14:00:00,82.26,7.34,73.29,1.63,84.12,4.40,79.72,8.46,18.94,1.02,0.00,1.00
2006-05-31 15:00:00,83.53,6.13,75.73,1.66,85.84,3.46,82.38,8.10,17.82,1.10,0.00,1.00
2006-05-31 16:00:00,58.77,4.32,53.28,1.16,60.08,2.12,57.96,7.29,16.66,1.14,0.00,1.00
2006-05-31 17:00:00,226.05,199.38,24.95,1.72,88.88,61.74,27.14,512.44,15.34,0.83,0.00,0.00
2006-05-31 18:00:00,0.00,0.00,0.00,0.00,0.00,0.00,0.00,0.00,14.15,0.76,1.00,0.00
2006-05-31 19:00:00,0.00,0.00,0.00,0.00,0.00,0.00,0.00,0.00,13.27,0.72,1.00,0.00
2006-05-31 20:00:00,0.00,0.00,0.00,0.00,0.00,0.00,0.00,0.00,12.30,0.98,1.00,0.00
2006-05-31 21:00:00,0.00,0.00,0.00,0.00,0.00,0.00,0.00,0.00,11.62,1.10,1.00,0.00
2006-05-31 22:00:00,0.00,0.00,0.00,0.00,0.00,0.00,0.00,0.00,10.46,1.44,1.00,0.00
2006-05-31 23:00:00,0.00,0.00,0.00,0.00,0.00,0.00,0.00,0.00,11.83,0.62,1.00,0.00
2009-06-01 00:00:00,0.00,0.00,0.00,0.00,0.00,0.00,0.00,0.00,4.63,0.41,1.00,0.00
2009-06-01 01:00:00,0.00,0.00,0.00,0.00,0.00,0.00,0.00,0.00,5.49,0.40,1.00,0.00
2009-06-01 02:00:00,0.00,0.00,0.00,0.00,0.00,0.00,0.00,0.00,6.63,0.25,1.00,0.00
2009-06-01 03:00:00,0.00,0.00,0.00,0.00,0.00,0.00,0.00,0.00,7.86,0.29,1.00,0.00
2009-06-01 04:00:00,0.00,0.00,0.00,0.00,0.00,0.00,0.00,0.00,8.58,0.24,1.00,0.00
2009-06-01 05:00:00,0.00,0.00,0.00,0.00,0.00,0.00,0.00,0.00,9.12,0.37,1.00,0.00
2009-06-01 06:00:00,0.00,0.00,0.00,0.00,0.00,0.00,0.00,0.00,9.99,0.19,1.00,0.00
2009-06-01 07:00:00,0.00,0.00,0.00,0.00,0.00,0.00,0.00,0.00,10.54,0.21,1.00,0.00
2009-06-01 08:00:00,13.95,0.00,13.66,0.29,14.86,0.00,14.86,0.00,12.61,0.15,1.00,0.00
2009-06-01 09:00:00,402.54,359.92,38.70,3.91,202.20,160.10,42.10,682.84,15.29,0.08,0.00,0.00
2009-06-01 10:00:00,616.63,557.62,52.05,6.96,359.56,302.94,56.62,790.29,17.98,0.60,0.00,0.00
2009-06-01 11:00:00,770.39,700.66,60.47,9.26,478.10,412.32,65.78,838.36,20.38,0.78,0.00,0.00
2009-06-01 12:00:00,265.01,7.80,251.82,5.39,278.66,4.74,273.92,8.58,22.27,1.10,0.00,1.00
2009-06-01 13:00:00,277.59,7.93,264.01,5.65,292.02,4.84,287.18,8.62,23.74,1.34,0.00,1.00
2009-06-01 14:00:00,810.15,737.79,62.51,9.85,508.68,440.68,68.00,850.44,24.59,1.36,0.00,0.00
2009-06-01 15:00:00,679.72,616.33,55.51,7.88,406.92,346.54,60.38,815.11,23.90,1.31,0.00,0.00
2009-06-01 16:00:00,93.58,4.35,87.36,1.88,97.14,2.12,95.02,7.33,21.63,1.04,0.00,1.00
2009-06-01 17:00:00,229.18,202.41,25.04,1.73,89.24,62.00,27.24,519.83,19.45,0.45,0.00,0.00
2009-06-01 18:00:00,0.00,0.00,0.00,0.00,0.00,0.00,0.00,0.00,16.44,0.42,1.00,0.00
2009-06-01 19:00:00,0.00,0.00,0.00,0.00,0.00,0.00,0.00,0.00,14.89,0.54,1.00,0.00
2009-06-01 20:00:00,0.00,0.00,0.00,0.00,0.00,0.00,0.00,0.00,13.67,0.57,1.00,0.00
2009-06-01 21:00:00,0.00,0.00,0.00,0.00,0.00,0.00,0.00,0.00,12.46,0.62,1.00,0.00
2009-06-01 22:00:00,0.00,0.00,0.00,0.00,0.00,0.00,0.00,0.00,11.33,0.59,1.00,0.00
2009-06-01 23:00:00,0.00,0.00,0.00,0.00,0.00,0.00,0.00,0.00,10.43,0.57,1.00,0.00
2009-06-02 00:00:00,0.00,0.00,0.00,0.00,0.00,0.00,0.00,0.00,9.67,0.60,1.00,0.00
2009-06-02 01:00:00,0.00,0.00,0.00,0.00,0.00,0.00,0.00,0.00,8.82,0.49,1.00,0.00
2009-06-02 02:00:00,0.00,0.00,0.00,0.00,0.00,0.00,0.00,0.00,7.97,0.49,1.00,0.00
2009-06-02 03:00:00,0.00,0.00,0.00,0.00,0.00,0.00,0.00,0.00,7.09,0.45,1.00,0.00
2009-06-02 04:00:00,0.00,0.00,0.00,0.00,0.00,0.00,0.00,0.00,6.43,0.41,1.00,0.00
2009-06-02 05:00:00,0.00,0.00,0.00,0.00,0.00,0.00,0.00,0.00,5.67,0.45,1.00,0.00
2009-06-02 06:00:00,0.00,0.00,0.00,0.00,0.00,0.00,0.00,0.00,4.23,0.51,1.00,0.00
2009-06-02 07:00:00,0.00,0.00,0.00,0.00,0.00,0.00,0.00,0.00,5.87,0.41,1.00,0.00
2009-06-02 08:00:00,13.54,0.00,13.26,0.28,14.42,0.00,14.42,0.00,8.94,0.36,1.00,0.00
2009-06-02 09:00:00,405.68,363.13,38.63,3.92,202.48,160.46,42.02,690.37,12.09,0.12,0.00,0.00
2009-06-02 10:00:00,620.10,561.09,52.03,6.97,360.24,303.64,56.60,796.47,16.16,0.19,0.00,0.00
2009-06-02 11:00:00,773.54,703.78,60.49,9.27,478.72,412.92,65.80,843.23,19.49,0.63,0.00,0.00
2009-06-02 12:00:00,265.40,7.85,252.16,5.40,279.04,4.76,274.28,8.64,22.37,0.77,0.00,1.00
2009-06-02 13:00:00,872.49,796.12,65.60,10.77,556.42,485.06,71.36,866.53,24.88,0.96,0.00,0.00
2009-06-02 14:00:00,811.93,739.62,62.46,9.85,508.62,440.68,67.94,853.15,26.41,0.97,0.00,0.00
2009-06-02 15:00:00,681.54,618.22,55.44,7.88,406.90,346.60,60.30,817.98,25.54,1.12,0.00,0.00
2009-06-02 16:00:00,487.53,438.48,44.00,5.05,260.82,212.96,47.86,739.37,22.95,0.97,0.00,0.00
2009-06-02 17:00:00,230.25,203.59,24.93,1.72,88.92,61.80,27.12,522.71,20.17,0.56,0.00,0.00
2009-06-02 18:00:00,0.00,0.00,0.00,0.00,0.00,0.00,0.00,0.00,17.91,0.49,1.00,0.00
2009-06-02 19:00:00,0.00,0.00,0.00,0.00,0.00,0.00,0.00,0.00,16.28,0.63,1.00,0.00
2009-06-02 20:00:00,0.00,0.00,0.00,0.00,0.00,0.00,0.00,0.00,14.91,0.64,1.00,0.00
2009-06-02 21:00:00,0.00,0.00,0.00,0.00,0.00,0.00,0.00,0.00,13.34,0.68,1.00,0.00
2009-06-02 22:00:00,0.00,0.00,0.00,0.00,0.00,0.00,0.00,0.00,11.90,0.65,1.00,0.00
2009-06-02 23:00:00,0.00,0.00,0.00,0.00,0.00,0.00,0.00,0.00,10.99,0.66,1.00,0.00
2009-06-03 00:00:00,0.00,0.00,0.00,0.00,0.00,0.00,0.00,0.00,9.95,0.67,1.00,0.00
2009-06-03 01:00:00,0.00,0.00,0.00,0.00,0.00,0.00,0.00,0.00,8.98,0.67,1.00,0.00
2009-06-03 02:00:00,0.00,0.00,0.00,0.00,0.00,0.00,0.00,0.00,8.03,0.56,1.00,0.00
2009-06-03 03:00:00,0.00,0.00,0.00,0.00,0.00,0.00,0.00,0.00,7.07,0.64,1.00,0.00
2009-06-03 04:00:00,0.00,0.00,0.00,0.00,0.00,0.00,0.00,0.00,6.03,0.58,1.00,0.00
2009-06-03 05:00:00,0.00,0.00,0.00,0.00,0.00,0.00,0.00,0.00,4.84,0.58,1.00,0.00
2009-06-03 06:00:00,0.00,0.00,0.00,0.00,0.00,0.00,0.00,0.00,3.76,0.66,1.00,0.00
2009-06-03 07:00:00,0.00,0.00,0.00,0.00,0.00,0.00,0.00,0.00,5.41,0.53,1.00,0.00
2009-06-03 08:00:00,13.25,0.00,12.98,0.27,14.12,0.00,14.12,0.00,8.39,0.41,1.00,0.00
2009-06-03 09:00:00,66.53,3.64,61.56,1.33,68.56,1.60,66.96,6.94,12.05,0.27,0.00,1.00
2009-06-03 10:00:00,155.32,5.64,146.54,3.14,162.44,3.04,159.40,8.01,15.62,0.16,0.00,1.00
2009-06-03 11:00:00,217.05,7.08,205.56,4.41,227.74,4.14,223.60,8.49,18.77,0.52,0.00,1.00
2009-06-03 12:00:00,241.20,7.87,228.44,4.90,253.24,4.76,248.48,8.67,21.22,0.77,0.00,1.00
2009-06-03 13:00:00,227.54,7.99,214.92,4.62,238.64,4.86,233.78,8.71,23.11,0.89,0.00,1.00
2009-06-03 14:00:00,187.92,7.40,176.71,3.81,196.62,4.40,192.22,8.54,22.33,1.10,0.00,1.00
2009-06-03 15:00:00,156.60,6.19,147.24,3.17,163.62,3.46,160.16,8.19,21.33,1.16,0.00,1.00
2009-06-03 16:00:00,74.34,4.38,68.47,1.48,76.60,2.12,74.48,7.39,19.32,0.99,0.00,1.00
2009-06-03 17:00:00,227.90,201.51,24.69,1.69,87.54,60.68,26.86,517.02,16.84,0.64,0.00,0.00
2009-06-03 18:00:00,0.00,0.00,0.00,0.00,0.00,0.00,0.00,0.00,14.64,0.53,1.00,0.00
2009-06-03 19:00:00,0.00,0.00,0.00,0.00,0.00,0.00,0.00,0.00,13.35,0.60,1.00,0.00
2009-06-03 20:00:00,0.00,0.00,0.00,0.00,0.00,0.00,0.00,0.00,12.36,0.39,1.00,0.00
2009-06-03 21:00:00,0.00,0.00,0.00,0.00,0.00,0.00,0.00,0.00,11.49,0.29,1.00,0.00
2009-06-03 22:00:00,0.00,0.00,0.00,0.00,0.00,0.00,0.00,0.00,10.85,0.23,1.00,0.00
2009-06-03 23:00:00,0.00,0.00,0.00,0.00,0.00,0.00,0.00,0.00,10.50,0.25,1.00,0.00
2009-06-04 00:00:00,0.00,0.00,0.00,0.00,0.00,0.00,0.00,0.00,10.23,0.30,1.00,0.00
2009-06-04 01:00:00,0.00,0.00,0.00,0.00,0.00,0.00,0.00,0.00,9.87,0.24,1.00,0.00
2009-06-04 02:00:00,0.00,0.00,0.00,0.00,0.00,0.00,0.00,0.00,9.48,0.06,1.00,0.00
2009-06-04 03:00:00,0.00,0.00,0.00,0.00,0.00,0.00,0.00,0.00,9.27,0.22,1.00,0.00
2009-06-04 04:00:00,0.00,0.00,0.00,0.00,0.00,0.00,0.00,0.00,8.36,0.10,1.00,0.00
2009-06-04 05:00:00,0.00,0.00,0.00,0.00,0.00,0.00,0.00,0.00,7.18,0.32,1.00,0.00
2009-06-04 06:00:00,0.00,0.00,0.00,0.00,0.00,0.00,0.00,0.00,6.24,0.24,1.00,0.00
2009-06-04 07:00:00,0.00,0.00,0.00,0.00,0.00,0.00,0.00,0.00,5.53,0.30,1.00,0.00
2009-06-04 08:00:00,12.71,0.00,12.45,0.26,13.54,0.00,13.54,0.00,8.11,0.18,1.00,0.00
2009-06-04 09:00:00,405.52,363.33,38.32,3.88,200.24,158.56,41.68,693.34,10.99,0.16,0.00,0.00
2009-06-04 10:00:00,622.61,563.80,51.85,6.96,359.32,302.92,56.40,802.74,14.30,0.53,0.00,0.00
2009-06-04 11:00:00,778.20,708.52,60.40,9.28,479.18,413.48,65.70,851.00,17.17,0.81,0.00,0.00
2009-06-04 12:00:00,864.59,789.10,64.91,10.59,547.06,476.46,70.60,871.08,19.50,1.12,0.00,0.00
2009-06-04 13:00:00,278.62,8.01,264.93,5.67,293.04,4.86,288.18,8.73,21.64,1.40,0.00,1.00
2009-06-04 14:00:00,817.04,744.74,62.44,9.87,509.62,441.70,67.92,860.11,22.86,1.62,0.00,0.00
2009-06-04 15:00:00,685.53,622.24,55.40,7.88,407.28,347.02,60.26,823.90,22.15,1.58,0.00,0.00
2009-06-04 16:00:00,490.15,441.20,43.91,5.04,260.46,212.70,47.76,744.08,20.02,1.36,0.00,0.00
2009-06-04 17:00:00,230.76,204.35,24.71,1.70,88.00,61.12,26.88,523.87,17.99,0.92,0.00,0.00
2009-06-04 18:00:00,0.00,0.00,0.00,0.00,0.00,0.00,0.00,0.00,15.88,0.38,1.00,0.00
2009-06-04 19:00:00,0.00,0.00,0.00,0.00,0.00,0.00,0.00,0.00,14.58,0.49,1.00,0.00
2009-06-04 20:00:00,0.00,0.00,0.00,0.00,0.00,0.00,0.00,0.00,13.31,0.34,1.00,0.00
2009-06-04 21:00:00,0.00,0.00,0.00,0.00,0.00,0.00,0.00,0.00,11.91,0.34,1.00,0.00
2009-06-04 22:00:00,0.00,0.00,0.00,0.00,0.00,0.00,0.00,0.00,10.34,0.55,1.00,0.00
2009-06-04 23:00:00,0.00,0.00,0.00,0.00,0.00,0.00,0.00,0.00,9.21,0.66,1.00,0.00
2009-06-05 00:00:00,0.00,0.00,0.00,0.00,0.00,0.00,0.00,0.00,8.21,0.62,1.00,0.00
2009-06-05 01:00:00,0.00,0.00,0.00,0.00,0.00,0.00,0.00,0.00,7.16,0.68,1.00,0.00
2009-06-05 02:00:00,0.00,0.00,0.00,0.00,0.00,0.00,0.00,0.00,6.20,0.62,1.00,0.00
2009-06-05 03:00:00,0.00,0.00,0.00,0.00,0.00,0.00,0.00,0.00,5.56,0.68,1.00,0.00
2009-06-05 04:00:00,0.00,0.00,0.00,0.00,0.00,0.00,0.00,0.00,4.82,0.48,1.00,0.00
2009-06-05 05:00:00,0.00,0.00,0.00,0.00,0.00,0.00,0.00,0.00,4.11,0.51,1.00,0.00
2009-06-05 06:00:00,0.00,0.00,0.00,0.00,0.00,0.00,0.00,0.00,3.13,0.73,1.00,0.00
2009-06-05 07:00:00,0.00,0.00,0.00,0.00,0.00,0.00,0.00,0.00,4.89,0.56,1.00,0.00
2009-06-05 08:00:00,12.58,0.00,12.32,0.26,13.40,0.00,13.40,0.00,8.00,0.46,1.00,0.00
2009-06-05 09:00:00,430.47,387.53,38.87,4.07,210.36,168.08,42.28,741.02,12.17,0.41,0.00,0.00
2009-06-05 10:00:00,654.19,594.19,52.73,7.27,375.54,318.18,57.36,847.18,15.35,0.05,0.00,0.00
2009-06-05 11:00:00,813.96,742.83,61.47,9.67,499.34,432.48,66.86,893.19,18.95,0.49,0.00,0.00
2009-06-05 12:00:00,293.07,8.26,278.83,5.97,308.28,4.98,303.30,9.13,21.76,0.68,0.00,1.00
2009-06-05 13:00:00,917.71,839.68,66.78,11.25,580.96,508.32,72.64,916.15,23.87,0.88,0.00,0.00
2009-06-05 14:00:00,856.01,782.13,63.58,10.30,532.06,462.90,69.16,903.76,24.91,0.96,0.00,0.00
2009-06-05 15:00:00,720.42,655.78,56.39,8.25,426.20,364.86,61.34,868.54,24.07,1.02,0.00,0.00
2009-06-05 16:00:00,518.96,469.01,44.64,5.30,273.96,225.40,48.56,790.82,21.34,0.71,0.00,0.00
2009-06-05 17:00:00,251.20,224.32,25.06,1.82,93.90,66.64,27.26,574.59,18.64,0.10,0.00,0.00
2009-06-05 18:00:00,0.00,0.00,0.00,0.00,0.00,0.00,0.00,0.00,15.55,0.45,1.00,0.00
2009-06-05 19:00:00,0.00,0.00,0.00,0.00,0.00,0.00,0.00,0.00,13.66,0.67,1.00,0.00
2009-06-05 20:00:00,0.00,0.00,0.00,0.00,0.00,0.00,0.00,0.00,12.23,0.71,1.00,0.00
2009-06-05 21:00:00,0.00,0.00,0.00,0.00,0.00,0.00,0.00,0.00,10.81,0.76,1.00,0.00
2009-06-05 22:00:00,0.00,0.00,0.00,0.00,0.00,0.00,0.00,0.00,9.65,0.77,1.00,0.00
2009-06-05 23:00:00,0.00,0.00,0.00,0.00,0.00,0.00,0.00,0.00,8.51,0.77,1.00,0.00
2009-06-06 00:00:00,0.00,0.00,0.00,0.00,0.00,0.00,0.00,0.00,7.51,0.83,1.00,0.00
2009-06-06 01:00:00,0.00,0.00,0.00,0.00,0.00,0.00,0.00,0.00,6.66,0.85,1.00,0.00
2009-06-06 02:00:00,0.00,0.00,0.00,0.00,0.00,0.00,0.00,0.00,5.90,0.79,1.00,0.00
2009-06-06 03:00:00,0.00,0.00,0.00,0.00,0.00,0.00,0.00,0.00,5.02,0.81,1.00,0.00
2009-06-06 04:00:00,0.00,0.00,0.00,0.00,0.00,0.00,0.00,0.00,4.20,0.89,1.00,0.00
2009-06-06 05:00:00,0.00,0.00,0.00,0.00,0.00,0.00,0.00,0.00,2.82,0.88,1.00,0.00
2009-06-06 06:00:00,0.00,0.00,0.00,0.00,0.00,0.00,0.00,0.00,1.80,1.13,1.00,0.00
2009-06-06 07:00:00,0.00,0.00,0.00,0.00,0.00,0.00,0.00,0.00,3.72,0.69,1.00,0.00
2009-06-06 08:00:00,11.90,0.00,11.66,0.25,12.68,0.00,12.68,0.00,5.95,0.65,1.00,0.00
2009-06-06 09:00:00,415.78,373.66,38.19,3.92,202.70,161.16,41.54,715.88,9.77,0.20,0.00,0.00
2009-06-06 10:00:00,151.61,5.77,142.77,3.07,158.38,3.08,155.30,8.24,13.60,0.16,0.00,1.00
2009-06-06 11:00:00,790.86,721.00,60.47,9.38,484.58,418.80,65.78,867.95,16.96,0.43,0.00,0.00
2009-06-06 12:00:00,876.77,801.11,64.96,10.69,552.42,481.76,70.66,885.98,19.29,0.68,0.00,0.00
2009-06-06 13:00:00,230.94,8.11,218.14,4.69,242.18,4.90,237.28,8.85,21.12,0.80,0.00,1.00
2009-06-06 14:00:00,207.62,7.55,195.86,4.21,217.50,4.46,213.04,8.73,20.45,0.87,0.00,1.00
2009-06-06 15:00:00,140.83,6.30,131.69,2.84,146.74,3.50,143.24,8.35,19.77,0.95,0.00,1.00
2009-06-06 16:00:00,494.68,445.94,43.69,5.06,261.18,213.66,47.52,751.84,17.02,0.76,0.00,0.00
2009-06-06 17:00:00,232.81,206.77,24.34,1.70,87.56,61.08,26.48,529.03,14.19,0.52,0.00,0.00
2009-06-06 18:00:00,0.00,0.00,0.00,0.00,0.00,0.00,0.00,0.00,12.47,0.59,1.00,0.00
2009-06-06 19:00:00,0.00,0.00,0.00,0.00,0.00,0.00,0.00,0.00,11.30,0.70,1.00,0.00
2009-06-06 20:00:00,0.00,0.00,0.00,0.00,0.00,0.00,0.00,0.00,10.36,0.66,1.00,0.00
2009-06-06 21:00:00,0.00,0.00,0.00,0.00,0.00,0.00,0.00,0.00,9.63,0.68,1.00,0.00
2009-06-06 22:00:00,0.00,0.00,0.00,0.00,0.00,0.00,0.00,0.00,9.05,0.64,1.00,0.00
2009-06-06 23:00:00,0.00,0.00,0.00,0.00,0.00,0.00,0.00,0.00,8.33,0.64,1.00,0.00
2009-06-07 00:00:00,0.00,0.00,0.00,0.00,0.00,0.00,0.00,0.00,7.68,0.66,1.00,0.00
2009-06-07 01:00:00,0.00,0.00,0.00,0.00,0.00,0.00,0.00,0.00,7.40,0.66,1.00,0.00
2009-06-07 02:00:00,0.00,0.00,0.00,0.00,0.00,0.00,0.00,0.00,7.03,0.60,1.00,0.00
2009-06-07 03:00:00,0.00,0.00,0.00,0.00,0.00,0.00,0.00,0.00,6.41,0.57,1.00,0.00
2009-06-07 04:00:00,0.00,0.00,0.00,0.00,0.00,0.00,0.00,0.00,5.73,0.71,1.00,0.00
2009-06-07 05:00:00,0.00,0.00,0.00,0.00,0.00,0.00,0.00,0.00,4.84,0.61,1.00,0.00
2009-06-07 06:00:00,0.00,0.00,0.00,0.00,0.00,0.00,0.00,0.00,3.93,0.63,1.00,0.00
2009-06-07 07:00:00,0.00,0.00,0.00,0.00,0.00,0.00,0.00,0.00,4.43,0.58,1.00,0.00
2009-06-07 08:00:00,3.72,0.00,3.64,0.08,3.96,0.00,3.96,0.00,4.81,0.43,1.00,1.00
2009-06-07 09:00:00,41.41,3.59,37.01,0.81,41.80,1.54,40.26,6.89,6.02,0.18,0.00,1.00
2009-06-07 10:00:00,31.38,5.60,25.19,0.59,30.38,2.98,27.40,8.01,9.21,0.33,0.00,1.00
2009-06-07 11:00:00,54.86,7.04,46.76,1.06,54.94,4.08,50.86,8.49,10.45,0.65,0.00,1.00
2009-06-07 12:00:00,149.51,7.83,138.67,3.01,155.54,4.70,150.84,8.67,11.36,0.87,0.00,1.00
2009-06-07 13:00:00,149.05,7.92,138.12,3.00,155.02,4.78,150.24,8.66,12.18,0.99,0.00,1.00
2009-06-07 14:00:00,132.12,7.36,122.11,2.66,137.16,4.34,132.82,8.51,12.37,1.21,0.00,1.00
2009-06-07 15:00:00,674.35,612.12,54.52,7.71,398.44,339.14,59.30,810.98,12.12,1.18,0.00,0.00
2009-06-07 16:00:00,480.01,432.06,43.04,4.90,253.28,206.46,46.82,728.22,10.72,1.15,0.00,0.00
2009-06-07 17:00:00,222.39,196.94,23.83,1.62,83.78,57.86,25.92,503.41,8.51,0.82,0.00,0.00
2009-06-07 18:00:00,0.00,0.00,0.00,0.00,0.00,0.00,0.00,0.00,7.58,0.61,1.00,0.00
2009-06-07 19:00:00,0.00,0.00,0.00,0.00,0.00,0.00,0.00,0.00,7.12,0.55,1.00,0.00
2009-06-07 20:00:00,0.00,0.00,0.00,0.00,0.00,0.00,0.00,0.00,6.47,0.56,1.00,0.00
2009-06-07 21:00:00,0.00,0.00,0.00,0.00,0.00,0.00,0.00,0.00,6.31,0.53,1.00,0.00
2009-06-07 22:00:00,0.00,0.00,0.00,0.00,0.00,0.00,0.00,0.00,6.43,0.55,1.00,0.00
2009-06-07 23:00:00,0.00,0.00,0.00,0.00,0.00,0.00,0.00,0.00,6.39,0.54,1.00,0.00
2009-06-08 00:00:00,0.00,0.00,0.00,0.00,0.00,0.00,0.00,0.00,6.71,0.60,1.00,0.00
2009-06-08 01:00:00,0.00,0.00,0.00,0.00,0.00,0.00,0.00,0.00,6.68,0.58,1.00,0.00
2009-06-08 02:00:00,0.00,0.00,0.00,0.00,0.00,0.00,0.00,0.00,6.35,0.72,1.00,0.00
2009-06-08 03:00:00,0.00,0.00,0.00,0.00,0.00,0.00,0.00,0.00,6.31,0.69,1.00,0.00
2009-06-08 04:00:00,0.00,0.00,0.00,0.00,0.00,0.00,0.00,0.00,5.91,0.84,1.00,0.00
2009-06-08 05:00:00,0.00,0.00,0.00,0.00,0.00,0.00,0.00,0.00,5.45,0.61,1.00,0.00
2009-06-08 06:00:00,0.00,0.00,0.00,0.00,0.00,0.00,0.00,0.00,4.94,0.80,1.00,0.00
2009-06-08 07:00:00,0.00,0.00,0.00,0.00,0.00,0.00,0.00,0.00,5.85,0.59,1.00,0.00
2009-06-08 08:00:00,10.72,0.00,10.50,0.22,11.42,0.00,11.42,0.00,7.64,0.46,1.00,0.00
2009-06-08 09:00:00,399.02,357.96,37.33,3.74,193.24,152.64,40.60,688.44,9.67,0.31,0.00,0.00
2009-06-08 10:00:00,616.88,559.01,51.06,6.82,352.16,296.62,55.54,800.47,13.09,0.26,0.00,0.00
2009-06-08 11:00:00,773.08,704.24,59.70,9.14,472.18,407.24,64.94,849.65,15.01,0.59,0.00,0.00
2009-06-08 12:00:00,859.26,784.59,64.22,10.45,539.94,470.08,69.86,869.19,16.72,0.80,0.00,0.00
2009-06-08 13:00:00,273.60,7.97,260.06,5.57,287.68,4.80,282.88,8.71,18.02,0.90,0.00,1.00
2009-06-08 14:00:00,240.53,7.41,228.23,4.89,252.62,4.36,248.26,8.57,17.59,0.97,0.00,1.00
2009-06-08 15:00:00,175.67,6.18,165.92,3.56,183.90,3.42,180.48,8.19,16.71,1.04,0.00,1.00
2009-06-08 16:00:00,484.78,436.65,43.19,4.94,255.08,208.10,46.98,735.74,14.42,0.67,0.00,0.00
2009-06-08 17:00:00,225.78,200.26,23.88,1.64,84.56,58.58,25.98,511.21,12.23,0.65,0.00,0.00
2009-06-08 18:00:00,0.00,0.00,0.00,0.00,0.00,0.00,0.00,0.00,10.60,0.61,1.00,0.00
2009-06-08 19:00:00,0.00,0.00,0.00,0.00,0.00,0.00,0.00,0.00,9.27,0.62,1.00,0.00
2009-06-08 20:00:00,0.00,0.00,0.00,0.00,0.00,0.00,0.00,0.00,8.05,0.68,1.00,0.00
2009-06-08 21:00:00,0.00,0.00,0.00,0.00,0.00,0.00,0.00,0.00,6.81,0.65,1.00,0.00
2009-06-08 22:00:00,0.00,0.00,0.00,0.00,0.00,0.00,0.00,0.00,5.95,0.68,1.00,0.00
2009-06-08 23:00:00,0.00,0.00,0.00,0.00,0.00,0.00,0.00,0.00,5.04,0.67,1.00,0.00
2009-06-09 00:00:00,0.00,0.00,0.00,0.00,0.00,0.00,0.00,0.00,4.39,0.75,1.00,0.00
2009-06-09 01:00:00,0.00,0.00,0.00,0.00,0.00,0.00,0.00,0.00,3.84,0.74,1.00,0.00
2009-06-09 02:00:00,0.00,0.00,0.00,0.00,0.00,0.00,0.00,0.00,3.44,0.67,1.00,0.00
2009-06-09 03:00:00,0.00,0.00,0.00,0.00,0.00,0.00,0.00,0.00,3.30,0.59,1.00,0.00
2009-06-09 04:00:00,0.00,0.00,0.00,0.00,0.00,0.00,0.00,0.00,2.76,0.51,1.00,0.00
2009-06-09 05:00:00,0.00,0.00,0.00,0.00,0.00,0.00,0.00,0.00,1.93,0.59,1.00,0.00
2009-06-09 06:00:00,0.00,0.00,0.00,0.00,0.00,0.00,0.00,0.00,1.28,0.81,1.00,0.00
2009-06-09 07:00:00,0.00,0.00,0.00,0.00,0.00,0.00,0.00,0.00,2.71,0.57,1.00,0.00
2009-06-09 08:00:00,10.42,0.00,10.20,0.21,11.10,0.00,11.10,0.00,5.27,0.41,1.00,0.00
2009-06-09 09:00:00,399.45,358.47,37.25,3.73,192.62,152.10,40.52,690.78,8.36,0.26,0.00,0.00
2009-06-09 10:00:00,617.93,560.11,51.00,6.81,351.80,296.32,55.48,803.17,12.31,0.18,0.00,0.00
2009-06-09 11:00:00,773.74,704.98,59.63,9.13,471.76,406.90,64.86,851.39,15.44,0.66,0.00,0.00
2009-06-09 12:00:00,266.65,7.86,253.37,5.43,280.30,4.70,275.60,8.71,18.16,0.78,0.00,1.00
2009-06-09 13:00:00,280.18,8.02,266.46,5.70,294.66,4.82,289.84,8.77,20.33,0.85,0.00,1.00
2009-06-09 14:00:00,246.85,7.45,234.38,5.02,259.32,4.38,254.94,8.62,21.64,0.92,0.00,1.00
2009-06-09 15:00:00,686.90,624.21,54.87,7.83,404.26,344.58,59.68,827.13,20.68,0.96,0.00,0.00
2009-06-09 16:00:00,492.24,443.87,43.37,5.00,258.26,211.08,47.18,747.61,18.03,0.82,0.00,0.00
2009-06-09 17:00:00,232.01,206.31,24.03,1.67,86.24,60.10,26.14,526.07,16.10,0.47,0.00,0.00
2009-06-09 18:00:00,0.00,0.00,0.00,0.00,0.00,0.00,0.00,0.00,13.87,0.42,1.00,0.00
2009-06-09 19:00:00,0.00,0.00,0.00,0.00,0.00,0.00,0.00,0.00,12.45,0.50,1.00,0.00
2009-06-09 20:00:00,0.00,0.00,0.00,0.00,0.00,0.00,0.00,0.00,10.89,0.59,1.00,0.00
2009-06-09 21:00:00,0.00,0.00,0.00,0.00,0.00,0.00,0.00,0.00,9.06,0.70,1.00,0.00
2009-06-09 22:00:00,0.00,0.00,0.00,0.00,0.00,0.00,0.00,0.00,7.53,0.69,1.00,0.00
2009-06-09 23:00:00,0.00,0.00,0.00,0.00,0.00,0.00,0.00,0.00,6.54,0.74,1.00,0.00
2009-06-10 00:00:00,0.00,0.00,0.00,0.00,0.00,0.00,0.00,0.00,5.62,0.89,1.00,0.00
2009-06-10 01:00:00,0.00,0.00,0.00,0.00,0.00,0.00,0.00,0.00,5.12,0.87,1.00,0.00
2009-06-10 02:00:00,0.00,0.00,0.00,0.00,0.00,0.00,0.00,0.00,4.64,0.69,1.00,0.00
2009-06-10 03:00:00,0.00,0.00,0.00,0.00,0.00,0.00,0.00,0.00,4.22,0.73,1.00,0.00
2009-06-10 04:00:00,0.00,0.00,0.00,0.00,0.00,0.00,0.00,0.00,3.44,0.67,1.00,0.00
2009-06-10 05:00:00,0.00,0.00,0.00,0.00,0.00,0.00,0.00,0.00,2.52,0.61,1.00,0.00
2009-06-10 06:00:00,0.00,0.00,0.00,0.00,0.00,0.00,0.00,0.00,1.82,0.68,1.00,0.00
2009-06-10 07:00:00,0.00,0.00,0.00,0.00,0.00,0.00,0.00,0.00,3.47,0.45,1.00,0.00
2009-06-10 08:00:00,10.01,0.00,9.80,0.21,10.66,0.00,10.66,0.00,6.31,0.32,1.00,0.00
2009-06-10 09:00:00,399.51,358.75,37.05,3.71,191.84,151.54,40.30,692.52,9.34,0.16,0.00,0.00
2009-06-10 10:00:00,619.53,561.81,50.91,6.81,351.84,296.46,55.38,806.75,13.28,0.28,0.00,0.00
2009-06-10 11:00:00,777.12,708.39,59.57,9.16,472.90,408.10,64.80,856.37,16.68,0.68,0.00,0.00
2009-06-10 12:00:00,864.78,790.16,64.13,10.49,541.70,471.94,69.76,876.67,19.59,0.94,0.00,0.00
2009-06-10 13:00:00,879.22,803.65,64.87,10.71,553.14,482.58,70.56,879.45,21.81,0.99,0.00,0.00
2009-06-10 14:00:00,819.50,747.96,61.74,9.80,506.12,438.96,67.16,865.91,23.11,1.16,0.00,0.00
2009-06-10 15:00:00,687.96,625.42,54.72,7.83,404.22,344.70,59.52,828.68,22.08,0.89,0.00,0.00
2009-06-10 16:00:00,492.14,443.95,43.21,4.99,257.74,210.74,47.00,747.29,19.33,0.53,0.00,0.00
2009-06-10 17:00:00,231.56,206.09,23.81,1.66,85.70,59.80,25.90,525.04,17.29,0.30,0.00,0.00
2009-06-10 18:00:00,0.00,0.00,0.00,0.00,0.00,0.00,0.00,0.00,14.81,0.72,1.00,0.00
2009-06-10 19:00:00,0.00,0.00,0.00,0.00,0.00,0.00,0.00,0.00,13.31,0.90,1.00,0.00
2009-06-10 20:00:00,0.00,0.00,0.00,0.00,0.00,0.00,0.00,0.00,11.63,0.92,1.00,0.00
2009-06-10 21:00:00,0.00,0.00,0.00,0.00,0.00,0.00,0.00,0.00,9.96,1.00,1.00,0.00
2009-06-10 22:00:00,0.00,0.00,0.00,0.00,0.00,0.00,0.00,0.00,8.74,0.84,1.00,0.00
2009-06-10 23:00:00,0.00,0.00,0.00,0.00,0.00,0.00,0.00,0.00,7.78,0.78,1.00,0.00
2009-06-11 00:00:00,0.00,0.00,0.00,0.00,0.00,0.00,0.00,0.00,7.05,0.76,1.00,0.00
2009-06-11 01:00:00,0.00,0.00,0.00,0.00,0.00,0.00,0.00,0.00,6.29,0.67,1.00,0.00
2009-06-11 02:00:00,0.00,0.00,0.00,0.00,0.00,0.00,0.00,0.00,5.50,0.60,1.00,0.00
2009-06-11 03:00:00,0.00,0.00,0.00,0.00,0.00,0.00,0.00,0.00,4.67,0.65,1.00,0.00
2009-06-11 04:00:00,0.00,0.00,0.00,0.00,0.00,0.00,0.00,0.00,3.91,0.63,1.00,0.00
2009-06-11 05:00:00,0.00,0.00,0.00,0.00,0.00,0.00,0.00,0.00,2.67,0.58,1.00,0.00
2009-06-11 06:00:00,0.00,0.00,0.00,0.00,0.00,0.00,0.00,0.00,1.64,0.71,1.00,0.00
2009-06-11 07:00:00,0.00,0.00,0.00,0.00,0.00,0.00,0.00,0.00,3.86,0.49,1.00,0.00
2009-06-11 08:00:00,9.93,0.00,9.73,0.20,10.58,0.00,10.58,0.00,6.57,0.39,1.00,0.00
2009-06-11 09:00:00,414.44,373.18,37.44,3.82,197.56,156.84,40.72,721.79,11.06,0.41,0.00,0.00
2009-06-11 10:00:00,638.95,580.43,51.52,7.00,361.60,305.56,56.04,834.46,15.33,0.09,0.00,0.00
2009-06-11 11:00:00,799.02,729.27,60.36,9.39,485.10,419.44,65.66,882.44,19.47,0.49,0.00,0.00
2009-06-11 12:00:00,277.33,8.12,263.57,5.64,291.54,4.84,286.70,9.01,22.98,0.79,0.00,1.00
2009-06-11 13:00:00,903.64,826.87,65.79,10.98,567.40,495.84,71.56,905.30,25.62,0.91,0.00,0.00
2009-06-11 14:00:00,843.47,770.70,62.70,10.07,519.94,451.74,68.20,892.44,24.92,1.07,0.00,0.00
2009-06-11 15:00:00,709.01,645.40,55.56,8.05,415.70,355.26,60.44,855.04,23.49,1.16,0.00,0.00
2009-06-11 16:00:00,509.59,460.52,43.93,5.15,266.02,218.24,47.78,774.80,20.27,0.69,0.00,0.00
2009-06-11 17:00:00,243.70,217.55,24.42,1.73,89.50,62.94,26.56,553.45,17.42,0.27,0.00,0.00
2009-06-11 18:00:00,0.00,0.00,0.00,0.00,0.00,0.00,0.00,0.00,15.06,0.55,1.00,0.00
2009-06-11 19:00:00,0.00,0.00,0.00,0.00,0.00,0.00,0.00,0.00,13.28,0.79,1.00,0.00
2009-06-11 20:00:00,0.00,0.00,0.00,0.00,0.00,0.00,0.00,0.00,11.58,0.88,1.00,0.00
2009-06-11 21:00:00,0.00,0.00,0.00,0.00,0.00,0.00,0.00,0.00,9.80,1.08,1.00,0.00
2009-06-11 22:00:00,0.00,0.00,0.00,0.00,0.00,0.00,0.00,0.00,8.49,0.98,1.00,0.00
2009-06-11 23:00:00,0.00,0.00,0.00,0.00,0.00,0.00,0.00,0.00,7.41,0.96,1.00,0.00
2009-06-12 00:00:00,0.00,0.00,0.00,0.00,0.00,0.00,0.00,0.00,6.52,0.94,1.00,0.00
2009-06-12 01:00:00,0.00,0.00,0.00,0.00,0.00,0.00,0.00,0.00,5.62,0.88,1.00,0.00
2009-06-12 02:00:00,0.00,0.00,0.00,0.00,0.00,0.00,0.00,0.00,4.72,0.88,1.00,0.00
2009-06-12 03:00:00,0.00,0.00,0.00,0.00,0.00,0.00,0.00,0.00,3.76,0.84,1.00,0.00
2009-06-12 04:00:00,0.00,0.00,0.00,0.00,0.00,0.00,0.00,0.00,2.85,0.88,1.00,0.00
2009-06-12 05:00:00,0.00,0.00,0.00,0.00,0.00,0.00,0.00,0.00,1.71,0.85,1.00,0.00
2009-06-12 06:00:00,0.00,0.00,0.00,0.00,0.00,0.00,0.00,0.00,0.95,1.15,1.00,0.00
2009-06-12 07:00:00,0.00,0.00,0.00,0.00,0.00,0.00,0.00,0.00,2.97,0.81,1.00,0.00
2009-06-12 08:00:00,9.78,0.00,9.58,0.20,10.42,0.00,10.42,0.00,4.52,0.74,1.00,0.00
2009-06-12 09:00:00,416.08,374.73,37.53,3.83,197.70,156.88,40.82,725.96,8.18,0.41,0.00,0.00
2009-06-12 10:00:00,641.21,582.55,51.65,7.01,362.18,306.00,56.18,838.64,12.59,0.34,0.00,0.00
2009-06-12 11:00:00,801.80,731.89,60.49,9.41,486.06,420.26,65.80,886.46,16.15,0.65,0.00,0.00
2009-06-12 12:00:00,890.23,814.36,65.11,10.76,555.88,485.06,70.82,904.76,19.43,0.96,0.00,0.00
2009-06-12 13:00:00,904.03,827.24,65.81,10.98,567.06,495.48,71.58,906.09,21.47,0.99,0.00,0.00
2009-06-12 14:00:00,842.64,769.97,62.63,10.05,518.94,450.82,68.12,891.68,21.04,1.07,0.00,0.00
2009-06-12 15:00:00,705.08,641.67,55.42,8.00,413.04,352.76,60.28,850.00,19.90,1.14,0.00,0.00
2009-06-12 16:00:00,504.01,455.20,43.72,5.09,262.92,215.36,47.56,765.49,17.09,0.77,0.00,0.00
2009-06-12 17:00:00,238.32,212.39,24.23,1.70,87.72,61.36,26.36,539.55,14.65,0.36,0.00,0.00
2009-06-12 18:00:00,0.00,0.00,0.00,0.00,0.00,0.00,0.00,0.00,12.95,0.46,1.00,0.00
2009-06-12 19:00:00,0.00,0.00,0.00,0.00,0.00,0.00,0.00,0.00,11.59,0.71,1.00,0.00
2009-06-12 20:00:00,0.00,0.00,0.00,0.00,0.00,0.00,0.00,0.00,10.53,0.90,1.00,0.00
2009-06-12 21:00:00,0.00,0.00,0.00,0.00,0.00,0.00,0.00,0.00,9.78,0.86,1.00,0.00
2009-06-12 22:00:00,0.00,0.00,0.00,0.00,0.00,0.00,0.00,0.00,9.17,0.94,1.00,0.00
2009-06-12 23:00:00,0.00,0.00,0.00,0.00,0.00,0.00,0.00,0.00,8.31,0.92,1.00,0.00
2009-06-13 00:00:00,0.00,0.00,0.00,0.00,0.00,0.00,0.00,0.00,7.64,1.00,1.00,0.00
2009-06-13 01:00:00,0.00,0.00,0.00,0.00,0.00,0.00,0.00,0.00,7.12,0.99,1.00,0.00
2009-06-13 02:00:00,0.00,0.00,0.00,0.00,0.00,0.00,0.00,0.00,6.62,1.06,1.00,0.00
2009-06-13 03:00:00,0.00,0.00,0.00,0.00,0.00,0.00,0.00,0.00,6.06,1.05,1.00,0.00
2009-06-13 04:00:00,0.00,0.00,0.00,0.00,0.00,0.00,0.00,0.00,5.63,1.01,1.00,0.00
2009-06-13 05:00:00,0.00,0.00,0.00,0.00,0.00,0.00,0.00,0.00,5.03,0.91,1.00,0.00
2009-06-13 06:00:00,0.00,0.00,0.00,0.00,0.00,0.00,0.00,0.00,4.48,1.06,1.00,0.00
2009-06-13 07:00:00,0.00,0.00,0.00,0.00,0.00,0.00,0.00,0.00,5.67,0.76,1.00,0.00
2009-06-13 08:00:00,3.19,0.00,3.13,0.07,3.40,0.00,3.40,0.00,7.04,0.55,1.00,1.00
2009-06-13 09:00:00,47.18,3.60,42.66,0.93,47.90,1.50,46.40,6.99,9.84,0.17,0.00,1.00
2009-06-13 10:00:00,123.45,5.68,115.28,2.49,128.38,2.98,125.40,8.19,12.85,0.28,0.00,1.00
2009-06-13 11:00:00,183.74,7.19,172.84,3.72,192.12,4.12,188.00,8.71,15.21,0.54,0.00,1.00
2009-06-13 12:00:00,873.87,798.80,64.52,10.56,545.46,475.28,70.18,887.98,17.12,0.97,0.00,0.00
2009-06-13 13:00:00,887.44,811.45,65.22,10.77,556.48,485.54,70.94,889.10,18.36,1.20,0.00,0.00
2009-06-13 14:00:00,826.55,754.60,62.09,9.85,508.90,441.36,67.54,874.02,17.93,1.36,0.00,0.00
2009-06-13 15:00:00,689.98,627.25,54.90,7.83,404.20,344.48,59.72,830.69,17.12,1.37,0.00,0.00
2009-06-13 16:00:00,491.42,443.12,43.34,4.97,256.54,209.40,47.14,744.75,14.99,1.04,0.00,0.00
2009-06-13 17:00:00,229.48,203.79,24.05,1.64,84.94,58.78,26.16,516.87,12.53,0.59,0.00,0.00
2009-06-13 18:00:00,0.00,0.00,0.00,0.00,0.00,0.00,0.00,0.00,11.29,0.53,1.00,0.00
2009-06-13 19:00:00,0.00,0.00,0.00,0.00,0.00,0.00,0.00,0.00,10.31,0.46,1.00,0.00
2009-06-13 20:00:00,0.00,0.00,0.00,0.00,0.00,0.00,0.00,0.00,9.50,0.52,1.00,0.00
2009-06-13 21:00:00,0.00,0.00,0.00,0.00,0.00,0.00,0.00,0.00,8.79,0.48,1.00,0.00
2009-06-13 22:00:00,0.00,0.00,0.00,0.00,0.00,0.00,0.00,0.00,8.56,0.30,1.00,0.00
2009-06-13 23:00:00,0.00,0.00,0.00,0.00,0.00,0.00,0.00,0.00,8.03,0.56,1.00,0.00
2009-06-14 00:00:00,0.00,0.00,0.00,0.00,0.00,0.00,0.00,0.00,7.31,0.53,1.00,0.00
2009-06-14 01:00:00,0.00,0.00,0.00,0.00,0.00,0.00,0.00,0.00,7.32,0.46,1.00,0.00
2009-06-14 02:00:00,0.00,0.00,0.00,0.00,0.00,0.00,0.00,0.00,7.59,0.55,1.00,0.00
2009-06-14 03:00:00,0.00,0.00,0.00,0.00,0.00,0.00,0.00,0.00,7.85,0.59,1.00,0.00
2009-06-14 04:00:00,0.00,0.00,0.00,0.00,0.00,0.00,0.00,0.00,7.65,0.69,1.00,0.00
2009-06-14 05:00:00,0.00,0.00,0.00,0.00,0.00,0.00,0.00,0.00,6.69,0.55,1.00,0.00
2009-06-14 06:00:00,0.00,0.00,0.00,0.00,0.00,0.00,0.00,0.00,5.61,0.50,1.00,0.00
2009-06-14 07:00:00,0.00,0.00,0.00,0.00,0.00,0.00,0.00,0.00,6.02,0.29,1.00,0.00
2009-06-14 08:00:00,3.45,0.00,3.38,0.07,3.68,0.00,3.68,0.00,6.77,0.26,1.00,1.00
2009-06-14 09:00:00,22.82,3.32,19.07,0.43,22.12,1.38,20.74,6.46,7.09,0.05,0.00,1.00
2009-06-14 10:00:00,27.52,5.28,21.73,0.51,26.40,2.76,23.64,7.61,9.56,0.11,0.00,1.00
2009-06-14 11:00:00,36.63,6.67,29.27,0.69,35.66,3.82,31.84,8.09,10.37,0.33,0.00,1.00
2009-06-14 12:00:00,41.86,7.47,33.59,0.79,40.98,4.44,36.54,8.31,10.71,0.37,0.00,1.00
2009-06-14 13:00:00,42.71,7.59,34.31,0.81,41.86,4.54,37.32,8.32,10.89,0.53,0.00,1.00
2009-06-14 14:00:00,39.16,7.05,31.37,0.74,38.24,4.12,34.12,8.17,11.05,0.55,0.00,1.00
2009-06-14 15:00:00,31.59,5.91,25.10,0.59,30.54,3.24,27.30,7.82,10.95,0.46,0.00,1.00
2009-06-14 16:00:00,20.58,4.15,16.05,0.38,19.42,1.96,17.46,6.97,10.36,0.57,0.00,1.00
2009-06-14 17:00:00,212.82,187.91,23.37,1.54,79.62,54.20,25.42,475.87,9.15,0.38,0.00,0.00
2009-06-14 18:00:00,0.00,0.00,0.00,0.00,0.00,0.00,0.00,0.00,8.33,0.56,1.00,0.00
2009-06-14 19:00:00,0.00,0.00,0.00,0.00,0.00,0.00,0.00,0.00,8.60,0.51,1.00,0.00
2009-06-14 20:00:00,0.00,0.00,0.00,0.00,0.00,0.00,0.00,0.00,9.36,0.54,1.00,0.00
2009-06-14 21:00:00,0.00,0.00,0.00,0.00,0.00,0.00,0.00,0.00,10.00,0.40,1.00,0.00
2009-06-14 22:00:00,0.00,0.00,0.00,0.00,0.00,0.00,0.00,0.00,10.29,0.34,1.00,0.00
2009-06-14 23:00:00,0.00,0.00,0.00,0.00,0.00,0.00,0.00,0.00,10.24,0.39,1.00,0.00
2009-06-15 00:00:00,0.00,0.00,0.00,0.00,0.00,0.00,0.00,0.00,10.41,0.47,1.00,0.00
2009-06-15 01:00:00,0.00,0.00,0.00,0.00,0.00,0.00,0.00,0.00,10.51,0.54,1.00,0.00
2009-06-15 02:00:00,0.00,0.00,0.00,0.00,0.00,0.00,0.00,0.00,10.17,0.41,1.00,0.00
2009-06-15 03:00:00,0.00,0.00,0.00,0.00,0.00,0.00,0.00,0.00,9.85,0.22,1.00,0.00
2009-06-15 04:00:00,0.00,0.00,0.00,0.00,0.00,0.00,0.00,0.00,9.13,0.46,1.00,0.00
2009-06-15 05:00:00,0.00,0.00,0.00,0.00,0.00,0.00,0.00,0.00,8.27,0.66,1.00,0.00
2009-06-15 06:00:00,0.00,0.00,0.00,0.00,0.00,0.00,0.00,0.00,7.19,0.91,1.00,0.00
2009-06-15 07:00:00,0.00,0.00,0.00,0.00,0.00,0.00,0.00,0.00,6.71,0.70,1.00,0.00
2009-06-15 08:00:00,8.39,0.00,8.22,0.17,8.94,0.00,8.94,0.00,7.50,0.34,1.00,0.00
2009-06-15 09:00:00,376.95,337.37,36.11,3.46,178.92,139.64,39.28,657.07,8.73,0.35,0.00,0.00
2009-06-15 10:00:00,596.11,539.53,50.07,6.51,336.30,281.84,54.46,779.37,10.51,0.41,0.00,0.00
2009-06-15 11:00:00,754.42,686.72,58.86,8.84,456.86,392.84,64.02,833.76,11.34,0.70,0.00,0.00
2009-06-15 12:00:00,845.26,771.47,63.58,10.21,527.28,458.12,69.16,858.52,12.03,1.00,0.00,0.00
2009-06-15 13:00:00,863.99,789.02,64.48,10.48,541.50,471.36,70.14,864.99,12.25,1.06,0.00,0.00
2009-06-15 14:00:00,808.98,737.75,61.60,9.64,497.86,430.86,67.00,854.50,12.03,1.11,0.00,0.00
2009-06-15 15:00:00,682.15,619.68,54.74,7.73,399.30,339.76,59.54,820.25,12.03,0.99,0.00,0.00
2009-06-15 16:00:00,490.68,442.37,43.36,4.95,255.88,208.72,47.16,742.33,10.67,0.70,0.00,0.00
2009-06-15 17:00:00,233.04,207.23,24.14,1.67,86.02,59.76,26.26,523.89,9.27,0.30,0.00,0.00
2009-06-15 18:00:00,0.00,0.00,0.00,0.00,0.00,0.00,0.00,0.00,7.75,0.30,1.00,0.00
2009-06-15 19:00:00,0.00,0.00,0.00,0.00,0.00,0.00,0.00,0.00,7.16,0.46,1.00,0.00
2009-06-15 20:00:00,0.00,0.00,0.00,0.00,0.00,0.00,0.00,0.00,6.45,0.59,1.00,0.00
2009-06-15 21:00:00,0.00,0.00,0.00,0.00,0.00,0.00,0.00,0.00,6.29,0.68,1.00,0.00
2009-06-15 22:00:00,0.00,0.00,0.00,0.00,0.00,0.00,0.00,0.00,6.01,0.86,1.00,0.00
2009-06-15 23:00:00,0.00,0.00,0.00,0.00,0.00,0.00,0.00,0.00,5.62,0.79,1.00,0.00
2009-06-16 00:00:00,0.00,0.00,0.00,0.00,0.00,0.00,0.00,0.00,5.13,0.76,1.00,0.00
2009-06-16 01:00:00,0.00,0.00,0.00,0.00,0.00,0.00,0.00,0.00,4.80,0.75,1.00,0.00
2009-06-16 02:00:00,0.00,0.00,0.00,0.00,0.00,0.00,0.00,0.00,4.42,0.79,1.00,0.00
2009-06-16 03:00:00,0.00,0.00,0.00,0.00,0.00,0.00,0.00,0.00,3.76,0.86,1.00,0.00
2009-06-16 04:00:00,0.00,0.00,0.00,0.00,0.00,0.00,0.00,0.00,3.40,1.05,1.00,0.00
2009-06-16 05:00:00,0.00,0.00,0.00,0.00,0.00,0.00,0.00,0.00,3.63,0.72,1.00,0.00
2009-06-16 06:00:00,0.00,0.00,0.00,0.00,0.00,0.00,0.00,0.00,3.46,0.93,1.00,0.00
2009-06-16 07:00:00,0.00,0.00,0.00,0.00,0.00,0.00,0.00,0.00,3.44,0.67,1.00,0.00
2009-06-16 08:00:00,2.95,0.00,2.89,0.06,3.14,0.00,3.14,0.00,5.13,0.64,1.00,1.00
2009-06-16 09:00:00,45.58,3.44,41.24,0.90,46.28,1.42,44.86,6.71,8.83,0.17,0.00,1.00
2009-06-16 10:00:00,69.75,5.48,62.88,1.38,71.26,2.86,68.40,7.93,12.36,0.20,0.00,1.00
2009-06-16 11:00:00,134.71,6.93,125.07,2.71,140.00,3.96,136.04,8.42,14.79,0.44,0.00,1.00
2009-06-16 12:00:00,178.51,7.79,167.12,3.61,186.40,4.62,181.78,8.67,16.57,0.85,0.00,1.00
2009-06-16 13:00:00,124.43,7.94,114.00,2.49,128.74,4.74,124.00,8.71,17.46,0.88,0.00,1.00
2009-06-16 14:00:00,80.59,7.40,71.60,1.59,82.20,4.32,77.88,8.57,17.48,0.86,0.00,1.00
2009-06-16 15:00:00,57.54,6.20,50.21,1.12,58.02,3.40,54.62,8.21,17.53,0.92,0.00,1.00
2009-06-16 16:00:00,21.63,4.41,16.82,0.39,20.38,2.08,18.30,7.39,15.83,0.54,0.00,1.00
2009-06-16 17:00:00,230.54,204.74,24.14,1.65,85.30,59.04,26.26,516.79,14.24,0.32,0.00,0.00
2009-06-16 18:00:00,0.00,0.00,0.00,0.00,0.00,0.00,0.00,0.00,13.23,0.50,1.00,0.00
2009-06-16 19:00:00,0.00,0.00,0.00,0.00,0.00,0.00,0.00,0.00,13.33,0.65,1.00,0.00
2009-06-16 20:00:00,0.00,0.00,0.00,0.00,0.00,0.00,0.00,0.00,13.04,0.75,1.00,0.00
2009-06-16 21:00:00,0.00,0.00,0.00,0.00,0.00,0.00,0.00,0.00,12.61,0.71,1.00,0.00
2009-06-16 22:00:00,0.00,0.00,0.00,0.00,0.00,0.00,0.00,0.00,12.35,0.71,1.00,0.00
2009-06-16 23:00:00,0.00,0.00,0.00,0.00,0.00,0.00,0.00,0.00,12.14,0.61,1.00,0.00
2009-06-17 00:00:00,0.00,0.00,0.00,0.00,0.00,0.00,0.00,0.00,12.29,0.63,1.00,0.00
2009-06-17 01:00:00,0.00,0.00,0.00,0.00,0.00,0.00,0.00,0.00,12.44,0.63,1.00,0.00
2009-06-17 02:00:00,0.00,0.00,0.00,0.00,0.00,0.00,0.00,0.00,12.73,0.53,1.00,0.00
2009-06-17 03:00:00,0.00,0.00,0.00,0.00,0.00,0.00,0.00,0.00,12.93,0.60,1.00,0.00
2009-06-17 04:00:00,0.00,0.00,0.00,0.00,0.00,0.00,0.00,0.00,11.76,0.74,1.00,0.00
2009-06-17 05:00:00,0.00,0.00,0.00,0.00,0.00,0.00,0.00,0.00,11.52,0.57,1.00,0.00
2009-06-17 06:00:00,0.00,0.00,0.00,0.00,0.00,0.00,0.00,0.00,11.41,0.80,1.00,0.00
2009-06-17 07:00:00,0.00,0.00,0.00,0.00,0.00,0.00,0.00,0.00,10.38,0.82,1.00,0.00
2009-06-17 08:00:00,7.83,0.00,7.67,0.16,8.34,0.00,8.34,0.00,10.95,0.70,1.00,0.00
2009-06-17 09:00:00,372.54,333.39,35.74,3.41,176.00,137.12,38.88,651.49,12.83,0.33,0.00,0.00
2009-06-17 10:00:00,587.85,531.91,49.53,6.41,330.96,277.08,53.88,770.02,13.59,0.34,0.00,0.00
2009-06-17 11:00:00,741.94,675.15,58.10,8.69,448.72,385.52,63.20,820.91,14.86,0.16,0.00,0.00
2009-06-17 12:00:00,825.59,753.01,62.63,9.96,514.66,446.54,68.12,838.68,16.71,0.15,0.00,0.00
2009-06-17 13:00:00,837.75,764.24,63.34,10.16,524.98,456.08,68.90,838.07,16.76,0.47,0.00,0.00
2009-06-17 14:00:00,778.56,708.94,60.35,9.28,479.24,413.60,65.64,821.00,16.54,0.59,0.00,0.00
2009-06-17 15:00:00,655.46,594.36,53.67,7.43,383.98,325.60,58.38,786.06,16.14,0.74,0.00,0.00
2009-06-17 16:00:00,469.46,422.13,42.58,4.75,245.38,199.06,46.32,707.13,15.00,0.30,0.00,0.00
2009-06-17 17:00:00,219.14,193.80,23.76,1.58,81.80,55.96,25.84,488.35,14.47,0.15,0.00,0.00
2009-06-17 18:00:00,0.00,0.00,0.00,0.00,0.00,0.00,0.00,0.00,13.92,0.40,1.00,0.00
2009-06-17 19:00:00,0.00,0.00,0.00,0.00,0.00,0.00,0.00,0.00,13.32,0.64,1.00,0.00
2009-06-17 20:00:00,0.00,0.00,0.00,0.00,0.00,0.00,0.00,0.00,12.45,0.86,1.00,0.00
2009-06-17 21:00:00,0.00,0.00,0.00,0.00,0.00,0.00,0.00,0.00,12.56,0.60,1.00,0.00
2009-06-17 22:00:00,0.00,0.00,0.00,0.00,0.00,0.00,0.00,0.00,12.63,0.70,1.00,0.00
2009-06-17 23:00:00,0.00,0.00,0.00,0.00,0.00,0.00,0.00,0.00,11.40,0.81,1.00,0.00
2009-06-18 00:00:00,0.00,0.00,0.00,0.00,0.00,0.00,0.00,0.00,10.30,0.85,1.00,0.00
2009-06-18 01:00:00,0.00,0.00,0.00,0.00,0.00,0.00,0.00,0.00,10.98,0.89,1.00,0.00
2009-06-18 02:00:00,0.00,0.00,0.00,0.00,0.00,0.00,0.00,0.00,11.27,0.76,1.00,0.00
2009-06-18 03:00:00,0.00,0.00,0.00,0.00,0.00,0.00,0.00,0.00,11.02,0.73,1.00,0.00
2009-06-18 04:00:00,0.00,0.00,0.00,0.00,0.00,0.00,0.00,0.00,11.53,0.46,1.00,0.00
2009-06-18 05:00:00,0.00,0.00,0.00,0.00,0.00,0.00,0.00,0.00,11.29,0.55,1.00,0.00
2009-06-18 06:00:00,0.00,0.00,0.00,0.00,0.00,0.00,0.00,0.00,11.41,0.73,1.00,0.00
2009-06-18 07:00:00,0.00,0.00,0.00,0.00,0.00,0.00,0.00,0.00,10.22,0.56,1.00,0.00
2009-06-18 08:00:00,0.88,0.00,0.86,0.02,0.94,0.00,0.94,0.00,10.22,0.49,1.00,1.00
2009-06-18 09:00:00,14.97,3.27,11.44,0.27,13.78,1.34,12.44,6.39,11.14,0.40,0.00,1.00
2009-06-18 10:00:00,27.51,5.27,21.73,0.51,26.38,2.74,23.64,7.63,12.93,0.17,0.00,1.00
2009-06-18 11:00:00,36.73,6.73,29.31,0.69,35.72,3.84,31.88,8.19,14.67,0.51,0.00,1.00
2009-06-18 12:00:00,96.17,7.52,86.73,1.91,98.80,4.46,94.34,8.38,15.71,0.72,0.00,1.00
2009-06-18 13:00:00,73.91,7.68,64.78,1.45,75.04,4.58,70.46,8.42,16.34,0.83,0.00,1.00
2009-06-18 14:00:00,53.79,7.17,45.58,1.04,53.76,4.18,49.58,8.30,16.12,0.31,0.00,1.00
2009-06-18 15:00:00,53.38,5.99,46.35,1.04,53.70,3.28,50.42,7.92,15.29,0.31,0.00,1.00
2009-06-18 16:00:00,30.17,4.24,25.36,0.57,29.58,2.00,27.58,7.10,14.53,0.30,0.00,1.00
2009-06-18 17:00:00,219.70,194.36,23.76,1.59,82.10,56.26,25.84,488.75,14.08,0.24,0.00,0.00
2009-06-18 18:00:00,0.00,0.00,0.00,0.00,0.00,0.00,0.00,0.00,13.40,0.13,1.00,0.00
2009-06-18 19:00:00,0.00,0.00,0.00,0.00,0.00,0.00,0.00,0.00,12.62,0.14,1.00,0.00
2009-06-18 20:00:00,0.00,0.00,0.00,0.00,0.00,0.00,0.00,0.00,11.78,0.46,1.00,0.00
2009-06-18 21:00:00,0.00,0.00,0.00,0.00,0.00,0.00,0.00,0.00,10.86,0.40,1.00,0.00
2009-06-18 22:00:00,0.00,0.00,0.00,0.00,0.00,0.00,0.00,0.00,10.32,0.43,1.00,0.00
2009-06-18 23:00:00,0.00,0.00,0.00,0.00,0.00,0.00,0.00,0.00,10.35,0.57,1.00,0.00
2009-06-19 00:00:00,0.00,0.00,0.00,0.00,0.00,0.00,0.00,0.00,10.35,0.47,1.00,0.00
2009-06-19 01:00:00,0.00,0.00,0.00,0.00,0.00,0.00,0.00,0.00,10.25,0.47,1.00,0.00
2009-06-19 02:00:00,0.00,0.00,0.00,0.00,0.00,0.00,0.00,0.00,10.12,0.52,1.00,0.00
2009-06-19 03:00:00,0.00,0.00,0.00,0.00,0.00,0.00,0.00,0.00,9.70,0.46,1.00,0.00
2009-06-19 04:00:00,0.00,0.00,0.00,0.00,0.00,0.00,0.00,0.00,10.21,0.40,1.00,0.00
2009-06-19 05:00:00,0.00,0.00,0.00,0.00,0.00,0.00,0.00,0.00,10.33,0.45,1.00,0.00
2009-06-19 06:00:00,0.00,0.00,0.00,0.00,0.00,0.00,0.00,0.00,10.26,0.65,1.00,0.00
2009-06-19 07:00:00,0.00,0.00,0.00,0.00,0.00,0.00,0.00,0.00,9.69,0.42,1.00,0.00
2009-06-19 08:00:00,0.88,0.00,0.86,0.02,0.94,0.00,0.94,0.00,9.73,0.40,1.00,1.00
2009-06-19 09:00:00,15.05,3.27,11.51,0.27,13.86,1.34,12.52,6.41,10.26,0.59,0.00,1.00
2009-06-19 10:00:00,27.29,5.27,21.51,0.51,26.14,2.74,23.40,7.65,11.20,0.42,0.00,1.00
2009-06-19 11:00:00,36.44,6.66,29.09,0.69,35.44,3.80,31.64,8.11,12.47,0.74,0.00,1.00
2009-06-19 12:00:00,41.69,7.46,33.45,0.79,40.80,4.42,36.38,8.31,12.51,0.96,0.00,1.00
2009-06-19 13:00:00,833.08,759.82,63.16,10.10,521.84,453.14,68.70,833.34,12.12,0.85,0.00,0.00
2009-06-19 14:00:00,776.02,706.54,60.23,9.25,477.56,412.04,65.52,817.91,11.87,0.75,0.00,0.00
2009-06-19 15:00:00,652.71,591.75,53.56,7.40,382.36,324.10,58.26,781.84,10.85,0.82,0.00,0.00
2009-06-19 16:00:00,466.77,419.52,42.53,4.73,244.18,197.92,46.26,701.41,9.42,0.91,0.00,0.00
2009-06-19 17:00:00,217.46,191.98,23.90,1.58,81.72,55.72,26.00,481.88,9.04,1.15,0.00,0.00
2009-06-19 18:00:00,0.00,0.00,0.00,0.00,0.00,0.00,0.00,0.00,9.20,0.90,1.00,0.00
2009-06-19 19:00:00,0.00,0.00,0.00,0.00,0.00,0.00,0.00,0.00,9.25,0.36,1.00,0.00
2009-06-19 20:00:00,0.00,0.00,0.00,0.00,0.00,0.00,0.00,0.00,9.05,0.26,1.00,0.00
2009-06-19 21:00:00,0.00,0.00,0.00,0.00,0.00,0.00,0.00,0.00,9.74,0.43,1.00,0.00
2009-06-19 22:00:00,0.00,0.00,0.00,0.00,0.00,0.00,0.00,0.00,9.83,0.32,1.00,0.00
2009-06-19 23:00:00,0.00,0.00,0.00,0.00,0.00,0.00,0.00,0.00,9.70,0.36,1.00,0.00
2009-06-20 00:00:00,0.00,0.00,0.00,0.00,0.00,0.00,0.00,0.00,9.09,0.23,1.00,0.00
2009-06-20 01:00:00,0.00,0.00,0.00,0.00,0.00,0.00,0.00,0.00,8.92,0.35,1.00,0.00
2009-06-20 02:00:00,0.00,0.00,0.00,0.00,0.00,0.00,0.00,0.00,8.64,0.29,1.00,0.00
2009-06-20 03:00:00,0.00,0.00,0.00,0.00,0.00,0.00,0.00,0.00,8.48,0.23,1.00,0.00
2009-06-20 04:00:00,0.00,0.00,0.00,0.00,0.00,0.00,0.00,0.00,8.81,0.18,1.00,0.00
2009-06-20 05:00:00,0.00,0.00,0.00,0.00,0.00,0.00,0.00,0.00,8.80,0.36,1.00,0.00
2009-06-20 06:00:00,0.00,0.00,0.00,0.00,0.00,0.00,0.00,0.00,8.78,0.29,1.00,0.00
2009-06-20 07:00:00,0.00,0.00,0.00,0.00,0.00,0.00,0.00,0.00,7.98,0.42,1.00,0.00
2009-06-20 08:00:00,2.95,0.00,2.89,0.06,3.14,0.00,3.14,0.00,7.30,0.26,1.00,1.00
2009-06-20 09:00:00,14.86,3.23,11.36,0.26,13.68,1.32,12.36,6.34,7.82,0.32,0.00,1.00
2009-06-20 10:00:00,28.76,5.24,22.98,0.54,27.72,2.72,25.00,7.60,8.88,0.16,0.00,1.00
2009-06-20 11:00:00,80.11,6.67,71.86,1.59,81.96,3.80,78.16,8.12,9.16,0.41,0.00,1.00
2009-06-20 12:00:00,41.92,7.50,33.63,0.79,41.02,4.44,36.58,8.36,9.57,0.35,0.00,1.00
2009-06-20 13:00:00,43.03,7.68,34.53,0.82,42.14,4.58,37.56,8.43,9.84,0.59,0.00,1.00
2009-06-20 14:00:00,46.62,7.17,38.56,0.89,46.12,4.18,41.94,8.29,9.95,0.47,0.00,1.00
2009-06-20 15:00:00,64.06,6.02,56.78,1.26,65.06,3.30,61.76,7.95,9.88,0.65,0.00,1.00
2009-06-20 16:00:00,38.58,4.28,33.56,0.75,38.52,2.02,36.50,7.15,9.10,0.86,0.00,1.00
2009-06-20 17:00:00,224.02,198.27,24.12,1.63,83.94,57.70,26.24,496.77,8.13,0.35,0.00,0.00
2009-06-20 18:00:00,0.00,0.00,0.00,0.00,0.00,0.00,0.00,0.00,7.82,0.46,1.00,0.00
2009-06-20 19:00:00,0.00,0.00,0.00,0.00,0.00,0.00,0.00,0.00,7.89,0.50,1.00,0.00
2009-06-20 20:00:00,0.00,0.00,0.00,0.00,0.00,0.00,0.00,0.00,7.73,0.30,1.00,0.00
2009-06-20 21:00:00,0.00,0.00,0.00,0.00,0.00,0.00,0.00,0.00,8.11,0.19,1.00,0.00
2009-06-20 22:00:00,0.00,0.00,0.00,0.00,0.00,0.00,0.00,0.00,8.38,0.21,1.00,0.00
2009-06-20 23:00:00,0.00,0.00,0.00,0.00,0.00,0.00,0.00,0.00,8.00,0.24,1.00,0.00
2009-06-21 00:00:00,0.00,0.00,0.00,0.00,0.00,0.00,0.00,0.00,7.70,0.27,1.00,0.00
2009-06-21 01:00:00,0.00,0.00,0.00,0.00,0.00,0.00,0.00,0.00,7.58,0.37,1.00,0.00
2009-06-21 02:00:00,0.00,0.00,0.00,0.00,0.00,0.00,0.00,0.00,7.45,0.16,1.00,0.00
2009-06-21 03:00:00,0.00,0.00,0.00,0.00,0.00,0.00,0.00,0.00,7.51,0.30,1.00,0.00
2009-06-21 04:00:00,0.00,0.00,0.00,0.00,0.00,0.00,0.00,0.00,7.24,0.11,1.00,0.00
2009-06-21 05:00:00,0.00,0.00,0.00,0.00,0.00,0.00,0.00,0.00,6.91,0.46,1.00,0.00
2009-06-21 06:00:00,0.00,0.00,0.00,0.00,0.00,0.00,0.00,0.00,6.49,0.55,1.00,0.00
2009-06-21 07:00:00,0.00,0.00,0.00,0.00,0.00,0.00,0.00,0.00,5.99,0.59,1.00,0.00
2009-06-21 08:00:00,7.19,0.00,7.04,0.15,7.66,0.00,7.66,0.00,6.81,0.37,1.00,0.00
2009-06-21 09:00:00,48.68,3.48,44.24,0.96,49.54,1.42,48.12,6.84,8.26,0.30,0.00,1.00
2009-06-21 10:00:00,113.95,5.55,106.11,2.29,118.30,2.88,115.42,8.06,9.52,0.24,0.00,1.00
2009-06-21 11:00:00,197.27,7.05,186.22,4.00,206.58,4.02,202.56,8.60,10.88,0.59,0.00,1.00
2009-06-21 12:00:00,199.47,7.90,187.53,4.04,208.66,4.68,203.98,8.81,11.81,0.88,0.00,1.00
2009-06-21 13:00:00,235.15,8.08,222.30,4.77,246.62,4.82,241.80,8.86,12.22,0.91,0.00,1.00
2009-06-21 14:00:00,827.39,755.59,61.96,9.84,508.14,440.74,67.40,874.09,12.10,1.25,0.00,0.00
2009-06-21 15:00:00,173.09,6.35,163.24,3.50,181.04,3.48,177.56,8.38,11.70,1.50,0.00,1.00
2009-06-21 16:00:00,501.17,452.56,43.56,5.06,261.20,213.82,47.38,755.07,9.98,1.10,0.00,0.00
2009-06-21 17:00:00,240.88,214.74,24.42,1.73,89.30,62.74,26.56,536.95,7.68,0.59,0.00,0.00
2009-06-21 18:00:00,0.00,0.00,0.00,0.00,0.00,0.00,0.00,0.00,6.20,0.38,1.00,0.00
2009-06-21 19:00:00,0.00,0.00,0.00,0.00,0.00,0.00,0.00,0.00,5.96,0.57,1.00,0.00
2009-06-21 20:00:00,0.00,0.00,0.00,0.00,0.00,0.00,0.00,0.00,5.53,0.40,1.00,0.00
2009-06-21 21:00:00,0.00,0.00,0.00,0.00,0.00,0.00,0.00,0.00,5.03,0.32,1.00,0.00
2009-06-21 22:00:00,0.00,0.00,0.00,0.00,0.00,0.00,0.00,0.00,4.47,0.32,1.00,0.00
2009-06-21 23:00:00,0.00,0.00,0.00,0.00,0.00,0.00,0.00,0.00,4.48,0.44,1.00,0.00
2009-06-22 00:00:00,0.00,0.00,0.00,0.00,0.00,0.00,0.00,0.00,3.82,0.39,1.00,0.00
2009-06-22 01:00:00,0.00,0.00,0.00,0.00,0.00,0.00,0.00,0.00,4.18,0.39,1.00,0.00
2009-06-22 02:00:00,0.00,0.00,0.00,0.00,0.00,0.00,0.00,0.00,4.09,0.22,1.00,0.00
2009-06-22 03:00:00,0.00,0.00,0.00,0.00,0.00,0.00,0.00,0.00,3.71,0.55,1.00,0.00
2009-06-22 04:00:00,0.00,0.00,0.00,0.00,0.00,0.00,0.00,0.00,3.20,0.60,1.00,0.00
2009-06-22 05:00:00,0.00,0.00,0.00,0.00,0.00,0.00,0.00,0.00,3.10,0.59,1.00,0.00
2009-06-22 06:00:00,0.00,0.00,0.00,0.00,0.00,0.00,0.00,0.00,2.49,0.59,1.00,0.00
2009-06-22 07:00:00,0.00,0.00,0.00,0.00,0.00,0.00,0.00,0.00,2.35,0.65,1.00,0.00
2009-06-22 08:00:00,3.12,0.00,3.05,0.06,3.32,0.00,3.32,0.00,2.45,0.49,1.00,1.00
2009-06-22 09:00:00,47.27,3.63,42.71,0.93,47.94,1.48,46.46,7.15,4.47,0.25,0.00,1.00
2009-06-22 10:00:00,74.76,5.74,67.53,1.48,76.44,2.98,73.46,8.35,6.85,0.30,0.00,1.00
2009-06-22 11:00:00,144.45,7.23,134.31,2.91,150.22,4.12,146.10,8.81,8.58,0.50,0.00,1.00
2009-06-22 12:00:00,94.00,8.07,84.06,1.86,96.22,4.78,91.44,9.00,9.75,0.87,0.00,1.00
2009-06-22 13:00:00,141.62,8.22,130.56,2.84,146.92,4.90,142.02,9.01,10.46,1.01,0.00,1.00
2009-06-22 14:00:00,126.64,7.68,116.42,2.54,131.12,4.48,126.64,8.88,10.32,1.31,0.00,1.00
2009-06-22 15:00:00,98.25,6.42,89.87,1.96,101.28,3.52,97.76,8.47,9.71,1.16,0.00,1.00
2009-06-22 16:00:00,79.92,4.61,73.71,1.59,82.36,2.18,80.18,7.68,8.42,0.72,0.00,1.00
2009-06-22 17:00:00,247.48,221.05,24.66,1.77,91.66,64.84,26.82,551.65,6.26,0.26,0.00,0.00
2009-06-22 18:00:00,0.00,0.00,0.00,0.00,0.00,0.00,0.00,0.00,4.94,0.18,1.00,0.00
2009-06-22 19:00:00,0.00,0.00,0.00,0.00,0.00,0.00,0.00,0.00,4.07,0.45,1.00,0.00
2009-06-22 20:00:00,0.00,0.00,0.00,0.00,0.00,0.00,0.00,0.00,3.12,0.50,1.00,0.00
2009-06-22 21:00:00,0.00,0.00,0.00,0.00,0.00,0.00,0.00,0.00,2.57,0.45,1.00,0.00
2009-06-22 22:00:00,0.00,0.00,0.00,0.00,0.00,0.00,0.00,0.00,2.13,0.46,1.00,0.00
2009-06-22 23:00:00,0.00,0.00,0.00,0.00,0.00,0.00,0.00,0.00,1.69,0.42,1.00,0.00
2009-06-23 00:00:00,0.00,0.00,0.00,0.00,0.00,0.00,0.00,0.00,1.38,0.46,1.00,0.00
2009-06-23 01:00:00,0.00,0.00,0.00,0.00,0.00,0.00,0.00,0.00,0.98,0.42,1.00,0.00
2009-06-23 02:00:00,0.00,0.00,0.00,0.00,0.00,0.00,0.00,0.00,0.56,0.41,1.00,0.00
2009-06-23 03:00:00,0.00,0.00,0.00,0.00,0.00,0.00,0.00,0.00,0.40,0.56,1.00,0.00
2009-06-23 04:00:00,0.00,0.00,0.00,0.00,0.00,0.00,0.00,0.00,0.07,0.49,1.00,0.00
2009-06-23 05:00:00,0.00,0.00,0.00,0.00,0.00,0.00,0.00,0.00,-0.69,0.52,1.00,0.00
2009-06-23 06:00:00,0.00,0.00,0.00,0.00,0.00,0.00,0.00,0.00,-0.69,0.68,1.00,0.00
2009-06-23 07:00:00,0.00,0.00,0.00,0.00,0.00,0.00,0.00,0.00,0.15,0.59,1.00,0.00
2009-06-23 08:00:00,6.97,0.00,6.82,0.14,7.42,0.00,7.42,0.00,1.64,0.54,1.00,0.00
2009-06-23 09:00:00,396.12,356.42,36.13,3.57,184.42,145.12,39.30,702.60,5.30,0.27,0.00,0.00
2009-06-23 10:00:00,621.98,564.74,50.51,6.74,347.98,293.04,54.94,821.82,8.43,0.11,0.00,0.00
2009-06-23 11:00:00,220.13,7.16,208.51,4.47,230.88,4.08,226.80,8.73,11.28,0.55,0.00,1.00
2009-06-23 12:00:00,874.06,799.31,64.22,10.52,543.42,473.56,69.86,891.41,13.40,0.80,0.00,0.00
2009-06-23 13:00:00,890.71,814.86,65.07,10.78,556.86,486.08,70.78,893.44,15.17,0.92,0.00,0.00
2009-06-23 14:00:00,832.66,760.65,62.11,9.90,511.56,444.00,67.56,879.24,16.02,1.17,0.00,0.00
2009-06-23 15:00:00,702.23,639.10,55.18,7.95,410.70,350.68,60.02,842.09,14.97,1.12,0.00,0.00
2009-06-23 16:00:00,507.40,458.48,43.80,5.13,264.76,217.12,47.64,763.12,12.79,0.74,0.00,0.00
2009-06-23 17:00:00,246.53,220.04,24.71,1.78,91.76,64.88,26.88,547.95,9.91,0.37,0.00,0.00
2009-06-23 18:00:00,0.00,0.00,0.00,0.00,0.00,0.00,0.00,0.00,8.42,0.56,1.00,0.00
2009-06-23 19:00:00,0.00,0.00,0.00,0.00,0.00,0.00,0.00,0.00,7.39,0.79,1.00,0.00
2009-06-23 20:00:00,0.00,0.00,0.00,0.00,0.00,0.00,0.00,0.00,6.35,0.75,1.00,0.00
2009-06-23 21:00:00,0.00,0.00,0.00,0.00,0.00,0.00,0.00,0.00,5.43,0.80,1.00,0.00
2009-06-23 22:00:00,0.00,0.00,0.00,0.00,0.00,0.00,0.00,0.00,4.64,0.75,1.00,0.00
2009-06-23 23:00:00,0.00,0.00,0.00,0.00,0.00,0.00,0.00,0.00,3.90,0.74,1.00,0.00
2009-06-24 00:00:00,0.00,0.00,0.00,0.00,0.00,0.00,0.00,0.00,3.42,0.67,1.00,0.00
2009-06-24 01:00:00,0.00,0.00,0.00,0.00,0.00,0.00,0.00,0.00,3.09,0.62,1.00,0.00
2009-06-24 02:00:00,0.00,0.00,0.00,0.00,0.00,0.00,0.00,0.00,2.68,0.53,1.00,0.00
2009-06-24 03:00:00,0.00,0.00,0.00,0.00,0.00,0.00,0.00,0.00,2.43,0.56,1.00,0.00
2009-06-24 04:00:00,0.00,0.00,0.00,0.00,0.00,0.00,0.00,0.00,1.95,0.52,1.00,0.00
2009-06-24 05:00:00,0.00,0.00,0.00,0.00,0.00,0.00,0.00,0.00,1.41,0.62,1.00,0.00
2009-06-24 06:00:00,0.00,0.00,0.00,0.00,0.00,0.00,0.00,0.00,0.63,0.97,1.00,0.00
2009-06-24 07:00:00,0.00,0.00,0.00,0.00,0.00,0.00,0.00,0.00,1.51,0.77,1.00,0.00
2009-06-24 08:00:00,6.80,0.00,6.66,0.14,7.24,0.00,7.24,0.00,3.75,0.71,1.00,0.00
2009-06-24 09:00:00,387.85,348.46,35.89,3.50,180.86,141.82,39.04,687.76,8.04,0.32,0.00,0.00
2009-06-24 10:00:00,139.84,5.55,131.46,2.82,145.88,2.88,143.00,8.08,10.74,0.16,0.00,1.00
2009-06-24 11:00:00,211.84,7.05,200.49,4.30,222.10,4.02,218.08,8.60,13.51,0.45,0.00,1.00
2009-06-24 12:00:00,249.34,7.90,236.38,5.07,261.80,4.68,257.12,8.81,15.26,0.83,0.00,1.00
2009-06-24 13:00:00,258.65,8.04,245.35,5.26,271.68,4.80,266.88,8.82,16.85,0.94,0.00,1.00
2009-06-24 14:00:00,234.13,7.53,221.84,4.76,245.70,4.40,241.30,8.71,17.96,0.96,0.00,1.00
2009-06-24 15:00:00,160.80,6.34,151.21,3.25,167.96,3.48,164.48,8.34,17.28,0.80,0.00,1.00
2009-06-24 16:00:00,48.92,4.55,43.41,0.96,49.38,2.16,47.22,7.57,14.54,0.57,0.00,1.00
2009-06-24 17:00:00,244.85,218.25,24.82,1.78,91.70,64.70,27.00,542.46,12.10,0.27,0.00,0.00
2009-06-24 18:00:00,0.00,0.00,0.00,0.00,0.00,0.00,0.00,0.00,9.87,0.57,1.00,0.00
2009-06-24 19:00:00,0.00,0.00,0.00,0.00,0.00,0.00,0.00,0.00,8.36,0.78,1.00,0.00
2009-06-24 20:00:00,0.00,0.00,0.00,0.00,0.00,0.00,0.00,0.00,6.98,0.83,1.00,0.00
2009-06-24 21:00:00,0.00,0.00,0.00,0.00,0.00,0.00,0.00,0.00,6.05,0.81,1.00,0.00
2009-06-24 22:00:00,0.00,0.00,0.00,0.00,0.00,0.00,0.00,0.00,5.06,0.90,1.00,0.00
2009-06-24 23:00:00,0.00,0.00,0.00,0.00,0.00,0.00,0.00,0.00,4.04,0.98,1.00,0.00
2009-06-25 00:00:00,0.00,0.00,0.00,0.00,0.00,0.00,0.00,0.00,3.37,0.96,1.00,0.00
2009-06-25 01:00:00,0.00,0.00,0.00,0.00,0.00,0.00,0.00,0.00,2.72,1.02,1.00,0.00
2009-06-25 02:00:00,0.00,0.00,0.00,0.00,0.00,0.00,0.00,0.00,3.36,0.88,1.00,0.00
2009-06-25 03:00:00,0.00,0.00,0.00,0.00,0.00,0.00,0.00,0.00,4.00,0.85,1.00,0.00
2009-06-25 04:00:00,0.00,0.00,0.00,0.00,0.00,0.00,0.00,0.00,4.66,0.72,1.00,0.00
2009-06-25 05:00:00,0.00,0.00,0.00,0.00,0.00,0.00,0.00,0.00,5.00,0.67,1.00,0.00
2009-06-25 06:00:00,0.00,0.00,0.00,0.00,0.00,0.00,0.00,0.00,5.19,0.87,1.00,0.00
2009-06-25 07:00:00,0.00,0.00,0.00,0.00,0.00,0.00,0.00,0.00,5.41,0.84,1.00,0.00
2009-06-25 08:00:00,1.69,0.00,1.65,0.03,1.80,0.00,1.80,0.00,5.94,0.70,1.00,1.00
2009-06-25 09:00:00,57.04,3.34,52.57,1.13,58.54,1.36,57.18,6.61,7.06,0.65,0.00,1.00
2009-06-25 10:00:00,79.17,5.36,72.24,1.58,81.36,2.78,78.58,7.80,8.74,0.17,0.00,1.00
2009-06-25 11:00:00,87.46,6.80,78.92,1.74,89.72,3.88,85.84,8.30,10.18,0.38,0.00,1.00
2009-06-25 12:00:00,104.21,7.62,94.51,2.08,107.32,4.52,102.80,8.50,12.71,0.78,0.00,1.00
2009-06-25 13:00:00,107.34,7.77,97.43,2.14,110.62,4.64,105.98,8.51,13.20,0.99,0.00,1.00
2009-06-25 14:00:00,793.27,722.99,60.82,9.46,488.66,422.50,66.16,834.92,13.47,0.73,0.00,0.00
2009-06-25 15:00:00,667.27,605.61,54.08,7.58,391.74,332.92,58.82,796.71,12.83,0.59,0.00,0.00
2009-06-25 16:00:00,478.79,430.95,42.97,4.87,251.60,204.86,46.74,715.40,11.79,0.32,0.00,0.00
2009-06-25 17:00:00,227.78,201.71,24.40,1.68,86.72,60.18,26.54,500.21,10.95,0.15,0.00,0.00
2009-06-25 18:00:00,0.00,0.00,0.00,0.00,0.00,0.00,0.00,0.00,10.34,0.56,1.00,0.00
2009-06-25 19:00:00,0.00,0.00,0.00,0.00,0.00,0.00,0.00,0.00,9.54,0.88,1.00,0.00
2009-06-25 20:00:00,0.00,0.00,0.00,0.00,0.00,0.00,0.00,0.00,8.36,1.03,1.00,0.00
2009-06-25 21:00:00,0.00,0.00,0.00,0.00,0.00,0.00,0.00,0.00,6.96,1.26,1.00,0.00
2009-06-25 22:00:00,0.00,0.00,0.00,0.00,0.00,0.00,0.00,0.00,5.87,1.03,1.00,0.00
2009-06-25 23:00:00,0.00,0.00,0.00,0.00,0.00,0.00,0.00,0.00,5.33,0.88,1.00,0.00
2009-06-26 00:00:00,0.00,0.00,0.00,0.00,0.00,0.00,0.00,0.00,5.64,0.56,1.00,0.00
2009-06-26 01:00:00,0.00,0.00,0.00,0.00,0.00,0.00,0.00,0.00,5.37,0.78,1.00,0.00
2009-06-26 02:00:00,0.00,0.00,0.00,0.00,0.00,0.00,0.00,0.00,5.08,0.73,1.00,0.00
2009-06-26 03:00:00,0.00,0.00,0.00,0.00,0.00,0.00,0.00,0.00,5.01,0.73,1.00,0.00
2009-06-26 04:00:00,0.00,0.00,0.00,0.00,0.00,0.00,0.00,0.00,4.84,0.89,1.00,0.00
2009-06-26 05:00:00,0.00,0.00,0.00,0.00,0.00,0.00,0.00,0.00,3.99,0.92,1.00,0.00
2009-06-26 06:00:00,0.00,0.00,0.00,0.00,0.00,0.00,0.00,0.00,3.51,0.97,1.00,0.00
2009-06-26 07:00:00,0.00,0.00,0.00,0.00,0.00,0.00,0.00,0.00,3.35,0.78,1.00,0.00
2009-06-26 08:00:00,0.71,0.00,0.70,0.01,0.76,0.00,0.76,0.00,5.65,0.62,1.00,1.00
2009-06-26 09:00:00,38.65,3.29,34.60,0.75,38.98,1.34,37.64,6.51,8.32,0.61,0.00,1.00
2009-06-26 10:00:00,61.48,5.31,54.96,1.21,62.54,2.76,59.78,7.75,11.31,0.18,0.00,1.00
2009-06-26 11:00:00,89.07,6.73,80.57,1.77,91.48,3.84,87.64,8.21,14.32,0.51,0.00,1.00
2009-06-26 12:00:00,829.00,756.24,62.75,10.01,516.90,448.64,68.26,843.32,16.19,0.63,0.00,0.00
2009-06-26 13:00:00,845.32,771.46,63.60,10.26,530.20,461.02,69.18,845.11,17.21,0.65,0.00,0.00
2009-06-26 14:00:00,789.58,719.44,60.71,9.42,486.84,420.80,66.04,830.33,18.07,0.52,0.00,0.00
2009-06-26 15:00:00,666.49,604.79,54.11,7.58,391.76,332.90,58.86,794.86,17.61,0.50,0.00,0.00
2009-06-26 16:00:00,480.61,432.62,43.10,4.90,252.88,206.00,46.88,717.29,15.41,0.22,0.00,0.00
2009-06-26 17:00:00,230.96,204.56,24.69,1.71,88.28,61.42,26.86,506.14,14.38,0.16,0.00,0.00
2009-06-26 18:00:00,0.00,0.00,0.00,0.00,0.00,0.00,0.00,0.00,13.08,0.49,1.00,0.00
2009-06-26 19:00:00,0.00,0.00,0.00,0.00,0.00,0.00,0.00,0.00,12.62,0.63,1.00,0.00
2009-06-26 20:00:00,0.00,0.00,0.00,0.00,0.00,0.00,0.00,0.00,11.81,0.93,1.00,0.00
2009-06-26 21:00:00,0.00,0.00,0.00,0.00,0.00,0.00,0.00,0.00,11.03,1.13,1.00,0.00
2009-06-26 22:00:00,0.00,0.00,0.00,0.00,0.00,0.00,0.00,0.00,9.93,1.16,1.00,0.00
2009-06-26 23:00:00,0.00,0.00,0.00,0.00,0.00,0.00,0.00,0.00,9.58,0.87,1.00,0.00
2009-06-27 00:00:00,0.00,0.00,0.00,0.00,0.00,0.00,0.00,0.00,8.62,0.79,1.00,0.00
2009-06-27 01:00:00,0.00,0.00,0.00,0.00,0.00,0.00,0.00,0.00,7.34,0.94,1.00,0.00
2009-06-27 02:00:00,0.00,0.00,0.00,0.00,0.00,0.00,0.00,0.00,6.52,1.02,1.00,0.00
2009-06-27 03:00:00,0.00,0.00,0.00,0.00,0.00,0.00,0.00,0.00,6.01,0.90,1.00,0.00
2009-06-27 04:00:00,0.00,0.00,0.00,0.00,0.00,0.00,0.00,0.00,6.01,0.73,1.00,0.00
2009-06-27 05:00:00,0.00,0.00,0.00,0.00,0.00,0.00,0.00,0.00,5.69,0.62,1.00,0.00
2009-06-27 06:00:00,0.00,0.00,0.00,0.00,0.00,0.00,0.00,0.00,4.50,0.99,1.00,0.00
2009-06-27 07:00:00,0.00,0.00,0.00,0.00,0.00,0.00,0.00,0.00,5.19,0.69,1.00,0.00
2009-06-27 08:00:00,2.16,0.00,2.11,0.04,2.30,0.00,2.30,0.00,7.03,0.63,1.00,1.00
2009-06-27 09:00:00,41.53,3.24,37.47,0.81,42.08,1.32,40.76,6.42,9.97,0.40,0.00,1.00
2009-06-27 10:00:00,27.50,5.27,21.71,0.51,26.36,2.74,23.62,7.69,12.74,0.12,0.00,1.00
2009-06-27 11:00:00,51.52,6.73,43.80,1.00,51.48,3.84,47.64,8.21,15.08,0.45,0.00,1.00
2009-06-27 12:00:00,42.32,7.58,33.94,0.80,41.42,4.50,36.92,8.45,17.06,0.81,0.00,1.00
2009-06-27 13:00:00,60.27,7.76,51.34,1.17,60.48,4.64,55.84,8.50,17.98,0.96,0.00,1.00
2009-06-27 14:00:00,87.86,7.28,78.84,1.74,90.02,4.26,85.76,8.39,17.56,0.87,0.00,1.00
2009-06-27 15:00:00,65.37,6.10,57.99,1.29,66.44,3.36,63.08,8.00,16.76,0.83,0.00,1.00
2009-06-27 16:00:00,42.19,4.36,37.01,0.82,42.34,2.08,40.26,7.21,14.77,0.46,0.00,1.00
2009-06-27 17:00:00,234.24,207.61,24.90,1.74,89.82,62.74,27.08,512.63,12.86,0.19,0.00,0.00
2009-06-27 18:00:00,0.00,0.00,0.00,0.00,0.00,0.00,0.00,0.00,11.65,0.32,1.00,0.00
2009-06-27 19:00:00,0.00,0.00,0.00,0.00,0.00,0.00,0.00,0.00,10.86,0.42,1.00,0.00
2009-06-27 20:00:00,0.00,0.00,0.00,0.00,0.00,0.00,0.00,0.00,9.82,0.60,1.00,0.00
2009-06-27 21:00:00,0.00,0.00,0.00,0.00,0.00,0.00,0.00,0.00,8.69,1.33,1.00,0.00
2009-06-27 22:00:00,0.00,0.00,0.00,0.00,0.00,0.00,0.00,0.00,8.39,1.37,1.00,0.00
2009-06-27 23:00:00,0.00,0.00,0.00,0.00,0.00,0.00,0.00,0.00,8.34,1.02,1.00,0.00
2009-06-28 00:00:00,0.00,0.00,0.00,0.00,0.00,0.00,0.00,0.00,8.70,0.80,1.00,0.00
2009-06-28 01:00:00,0.00,0.00,0.00,0.00,0.00,0.00,0.00,0.00,9.22,0.82,1.00,0.00
2009-06-28 02:00:00,0.00,0.00,0.00,0.00,0.00,0.00,0.00,0.00,9.42,1.34,1.00,0.00
2009-06-28 03:00:00,0.00,0.00,0.00,0.00,0.00,0.00,0.00,0.00,9.50,1.56,1.00,0.00
2009-06-28 04:00:00,0.00,0.00,0.00,0.00,0.00,0.00,0.00,0.00,8.03,0.58,1.00,0.00
2009-06-28 05:00:00,0.00,0.00,0.00,0.00,0.00,0.00,0.00,0.00,7.83,0.70,1.00,0.00
2009-06-28 06:00:00,0.00,0.00,0.00,0.00,0.00,0.00,0.00,0.00,8.59,1.41,1.00,0.00
2009-06-28 07:00:00,0.00,0.00,0.00,0.00,0.00,0.00,0.00,0.00,7.84,1.42,1.00,0.00
2009-06-28 08:00:00,0.66,0.00,0.64,0.01,0.70,0.00,0.70,0.00,8.18,1.51,1.00,1.00
2009-06-28 09:00:00,14.61,3.19,11.16,0.26,13.44,1.30,12.14,6.32,7.99,1.87,0.00,1.00
2009-06-28 10:00:00,42.04,5.19,36.04,0.81,41.90,2.70,39.20,7.58,7.99,1.73,0.00,1.00
2009-06-28 11:00:00,36.33,6.65,29.00,0.68,35.34,3.80,31.54,8.12,8.79,1.64,0.00,1.00
2009-06-28 12:00:00,41.86,7.47,33.59,0.79,40.98,4.44,36.54,8.33,8.50,1.60,0.00,1.00
2009-06-28 13:00:00,48.61,7.65,40.03,0.93,48.12,4.58,43.54,8.38,8.77,2.10,0.00,1.00
2009-06-28 14:00:00,44.38,7.16,36.37,0.85,43.76,4.20,39.56,8.26,8.66,1.53,0.00,1.00
2009-06-28 15:00:00,32.40,6.02,25.78,0.61,31.36,3.32,28.04,7.89,7.89,1.50,0.00,1.00
2009-06-28 16:00:00,21.47,4.31,16.77,0.39,20.30,2.06,18.24,7.12,7.29,1.72,0.00,1.00
2009-06-28 17:00:00,231.89,205.11,25.04,1.74,89.70,62.46,27.24,505.33,7.23,1.63,0.00,0.00
2009-06-28 18:00:00,0.00,0.00,0.00,0.00,0.00,0.00,0.00,0.00,7.50,1.26,1.00,0.00
2009-06-28 19:00:00,0.00,0.00,0.00,0.00,0.00,0.00,0.00,0.00,7.22,0.79,1.00,0.00
2009-06-28 20:00:00,0.00,0.00,0.00,0.00,0.00,0.00,0.00,0.00,7.17,0.98,1.00,0.00
2009-06-28 21:00:00,0.00,0.00,0.00,0.00,0.00,0.00,0.00,0.00,7.12,0.72,1.00,0.00
2009-06-28 22:00:00,0.00,0.00,0.00,0.00,0.00,0.00,0.00,0.00,7.05,0.58,1.00,0.00
2009-06-28 23:00:00,0.00,0.00,0.00,0.00,0.00,0.00,0.00,0.00,6.56,0.43,1.00,0.00
2009-06-29 00:00:00,0.00,0.00,0.00,0.00,0.00,0.00,0.00,0.00,5.85,0.33,1.00,0.00
2009-06-29 01:00:00,0.00,0.00,0.00,0.00,0.00,0.00,0.00,0.00,5.78,0.36,1.00,0.00
2009-06-29 02:00:00,0.00,0.00,0.00,0.00,0.00,0.00,0.00,0.00,4.82,0.39,1.00,0.00
2009-06-29 03:00:00,0.00,0.00,0.00,0.00,0.00,0.00,0.00,0.00,3.22,0.63,1.00,0.00
2009-06-29 04:00:00,0.00,0.00,0.00,0.00,0.00,0.00,0.00,0.00,3.09,0.29,1.00,0.00
2009-06-29 05:00:00,0.00,0.00,0.00,0.00,0.00,0.00,0.00,0.00,2.95,0.46,1.00,0.00
2009-06-29 06:00:00,0.00,0.00,0.00,0.00,0.00,0.00,0.00,0.00,1.97,0.52,1.00,0.00
2009-06-29 07:00:00,0.00,0.00,0.00,0.00,0.00,0.00,0.00,0.00,1.40,0.51,1.00,0.00
2009-06-29 08:00:00,6.55,0.00,6.42,0.14,6.98,0.00,6.98,0.00,3.23,0.35,1.00,0.00
2009-06-29 09:00:00,377.81,338.49,35.89,3.43,177.18,138.14,39.04,671.59,6.17,0.30,0.00,0.00
2009-06-29 10:00:00,602.58,545.75,50.27,6.56,338.88,284.20,54.68,796.66,8.23,0.45,0.00,0.00
2009-06-29 11:00:00,766.06,697.78,59.30,8.98,463.62,399.12,64.50,851.83,10.69,0.63,0.00,0.00
2009-06-29 12:00:00,857.79,783.30,64.11,10.37,535.70,465.96,69.74,872.97,12.00,0.63,0.00,0.00
2009-06-29 13:00:00,174.83,8.01,163.29,3.53,182.42,4.80,177.62,8.76,12.96,0.70,0.00,1.00
2009-06-29 14:00:00,91.50,7.50,82.19,1.82,93.80,4.40,89.40,8.64,13.86,0.52,0.00,1.00
2009-06-29 15:00:00,42.71,6.33,35.56,0.82,42.18,3.50,38.68,8.30,13.09,0.47,0.00,1.00
2009-06-29 16:00:00,46.94,4.54,41.48,0.92,47.30,2.18,45.12,7.50,11.89,0.29,0.00,1.00
2009-06-29 17:00:00,249.71,222.07,25.78,1.86,96.18,68.14,28.04,545.93,10.66,0.21,0.00,0.00
2009-06-29 18:00:00,0.00,0.00,0.00,0.00,0.00,0.00,0.00,0.00,10.18,0.52,1.00,0.00
2009-06-29 19:00:00,0.00,0.00,0.00,0.00,0.00,0.00,0.00,0.00,9.96,0.66,1.00,0.00
2009-06-29 20:00:00,0.00,0.00,0.00,0.00,0.00,0.00,0.00,0.00,9.61,0.77,1.00,0.00
2009-06-29 21:00:00,0.00,0.00,0.00,0.00,0.00,0.00,0.00,0.00,9.37,0.74,1.00,0.00
2009-06-29 22:00:00,0.00,0.00,0.00,0.00,0.00,0.00,0.00,0.00,8.89,0.81,1.00,0.00
2009-06-29 23:00:00,0.00,0.00,0.00,0.00,0.00,0.00,0.00,0.00,8.51,0.76,1.00,0.00
2009-06-30 00:00:00,0.00,0.00,0.00,0.00,0.00,0.00,0.00,0.00,8.37,0.68,1.00,0.00
2009-06-30 01:00:00,0.00,0.00,0.00,0.00,0.00,0.00,0.00,0.00,8.13,0.72,1.00,0.00
2009-06-30 02:00:00,0.00,0.00,0.00,0.00,0.00,0.00,0.00,0.00,7.63,0.57,1.00,0.00
2009-06-30 03:00:00,0.00,0.00,0.00,0.00,0.00,0.00,0.00,0.00,7.24,0.75,1.00,0.00
2009-06-30 04:00:00,0.00,0.00,0.00,0.00,0.00,0.00,0.00,0.00,6.93,0.61,1.00,0.00
2009-06-30 05:00:00,0.00,0.00,0.00,0.00,0.00,0.00,0.00,0.00,7.33,0.54,1.00,0.00
2009-06-30 06:00:00,0.00,0.00,0.00,0.00,0.00,0.00,0.00,0.00,7.21,0.55,1.00,0.00
2009-06-30 07:00:00,0.00,0.00,0.00,0.00,0.00,0.00,0.00,0.00,7.46,0.62,1.00,0.00
2009-06-30 08:00:00,1.82,0.00,1.78,0.04,1.94,0.00,1.94,0.00,8.17,0.44,1.00,1.00
2009-06-30 09:00:00,17.53,3.33,13.88,0.32,16.46,1.36,15.10,6.61,10.01,0.51,0.00,1.00
2009-06-30 10:00:00,31.03,5.37,25.08,0.58,30.08,2.80,27.28,7.84,11.75,0.48,0.00,1.00
2009-06-30 11:00:00,43.27,6.81,35.63,0.83,42.66,3.90,38.76,8.31,12.95,0.67,0.00,1.00
2009-06-30 12:00:00,50.69,7.62,42.09,0.97,50.32,4.54,45.78,8.49,13.39,1.08,0.00,1.00
2009-06-30 13:00:00,60.50,7.77,51.56,1.18,60.74,4.66,56.08,8.49,13.45,1.37,0.00,1.00
2009-06-30 14:00:00,54.80,7.22,46.52,1.06,54.84,4.24,50.60,8.30,13.62,1.01,0.00,1.00
2009-06-30 15:00:00,102.91,6.07,94.78,2.06,106.46,3.36,103.10,7.94,12.56,1.43,0.00,1.00
2009-06-30 16:00:00,21.73,4.36,16.97,0.40,20.56,2.10,18.46,7.19,11.61,1.14,0.00,1.00
2009-06-30 17:00:00,235.86,208.60,25.47,1.78,92.20,64.50,27.70,511.80,10.95,1.14,0.00,0.00
2009-06-30 18:00:00,0.00,0.00,0.00,0.00,0.00,0.00,0.00,0.00,10.59,0.93,1.00,0.00
2009-06-30 19:00:00,0.00,0.00,0.00,0.00,0.00,0.00,0.00,0.00,9.86,0.47,1.00,0.00
2009-06-30 20:00:00,0.00,0.00,0.00,0.00,0.00,0.00,0.00,0.00,9.41,0.73,1.00,0.00
2009-06-30 21:00:00,0.00,0.00,0.00,0.00,0.00,0.00,0.00,0.00,10.13,0.74,1.00,0.00
2009-06-30 22:00:00,0.00,0.00,0.00,0.00,0.00,0.00,0.00,0.00,10.36,0.74,1.00,0.00
2009-06-30 23:00:00,0.00,0.00,0.00,0.00,0.00,0.00,0.00,0.00,10.46,0.54,1.00,0.00
2004-07-01 00:00:00,0.00,0.00,0.00,0.00,0.00,0.00,0.00,0.00,3.73,0.87,1.00,0.00
2004-07-01 01:00:00,0.00,0.00,0.00,0.00,0.00,0.00,0.00,0.00,3.71,0.81,1.00,0.00
2004-07-01 02:00:00,0.00,0.00,0.00,0.00,0.00,0.00,0.00,0.00,3.61,0.67,1.00,0.00
2004-07-01 03:00:00,0.00,0.00,0.00,0.00,0.00,0.00,0.00,0.00,3.41,0.69,1.00,0.00
2004-07-01 04:00:00,0.00,0.00,0.00,0.00,0.00,0.00,0.00,0.00,2.50,0.61,1.00,0.00
2004-07-01 05:00:00,0.00,0.00,0.00,0.00,0.00,0.00,0.00,0.00,1.95,0.63,1.00,0.00
2004-07-01 06:00:00,0.00,0.00,0.00,0.00,0.00,0.00,0.00,0.00,0.96,0.61,1.00,0.00
2004-07-01 07:00:00,0.00,0.00,0.00,0.00,0.00,0.00,0.00,0.00,2.10,0.65,1.00,0.00
2004-07-01 08:00:00,6.48,0.00,6.34,0.13,6.90,0.00,6.90,0.00,5.01,0.55,1.00,0.00
2004-07-01 09:00:00,374.91,335.86,35.63,3.42,176.40,137.64,38.76,667.49,8.59,0.30,0.00,0.00
2004-07-01 10:00:00,595.32,538.99,49.83,6.50,335.70,281.50,54.20,787.30,11.93,0.12,0.00,0.00
2004-07-01 11:00:00,753.29,685.77,58.67,8.85,457.16,393.34,63.82,837.01,15.27,0.61,0.00,0.00
2004-07-01 12:00:00,844.72,771.01,63.47,10.24,528.88,459.84,69.04,858.66,17.96,1.01,0.00,0.00
2004-07-01 13:00:00,863.88,788.90,64.45,10.53,544.16,474.06,70.10,862.09,19.34,1.35,0.00,0.00
2004-07-01 14:00:00,809.88,738.51,61.65,9.72,501.86,434.80,67.06,849.15,18.77,1.44,0.00,0.00
2004-07-01 15:00:00,685.47,622.58,55.03,7.85,405.54,345.68,59.86,813.99,18.41,1.31,0.00,0.00
2004-07-01 16:00:00,497.45,448.25,44.07,5.12,264.50,216.56,47.94,737.75,16.24,0.86,0.00,0.00
2004-07-01 17:00:00,246.34,218.58,25.89,1.87,96.48,68.32,28.16,534.77,14.04,0.46,0.00,0.00
2004-07-01 18:00:00,0.00,0.00,0.00,0.00,0.00,0.00,0.00,0.00,13.01,0.24,1.00,0.00
2004-07-01 19:00:00,0.00,0.00,0.00,0.00,0.00,0.00,0.00,0.00,11.88,0.52,1.00,0.00
2004-07-01 20:00:00,0.00,0.00,0.00,0.00,0.00,0.00,0.00,0.00,10.50,0.64,1.00,0.00
2004-07-01 21:00:00,0.00,0.00,0.00,0.00,0.00,0.00,0.00,0.00,9.20,0.82,1.00,0.00
2004-07-01 22:00:00,0.00,0.00,0.00,0.00,0.00,0.00,0.00,0.00,7.84,0.61,1.00,0.00
2004-07-01 23:00:00,0.00,0.00,0.00,0.00,0.00,0.00,0.00,0.00,7.16,0.84,1.00,0.00
2004-07-02 00:00:00,0.00,0.00,0.00,0.00,0.00,0.00,0.00,0.00,6.91,0.69,1.00,0.00
2004-07-02 01:00:00,0.00,0.00,0.00,0.00,0.00,0.00,0.00,0.00,6.51,0.73,1.00,0.00
2004-07-02 02:00:00,0.00,0.00,0.00,0.00,0.00,0.00,0.00,0.00,6.06,0.66,1.00,0.00
2004-07-02 03:00:00,0.00,0.00,0.00,0.00,0.00,0.00,0.00,0.00,6.02,0.61,1.00,0.00
2004-07-02 04:00:00,0.00,0.00,0.00,0.00,0.00,0.00,0.00,0.00,4.91,0.61,1.00,0.00
2004-07-02 05:00:00,0.00,0.00,0.00,0.00,0.00,0.00,0.00,0.00,3.65,0.71,1.00,0.00
2004-07-02 06:00:00,0.00,0.00,0.00,0.00,0.00,0.00,0.00,0.00,2.45,0.76,1.00,0.00
2004-07-02 07:00:00,0.00,0.00,0.00,0.00,0.00,0.00,0.00,0.00,3.48,0.72,1.00,0.00
2004-07-02 08:00:00,6.72,0.00,6.58,0.14,7.16,0.00,7.16,0.00,6.07,0.45,1.00,0.00
2004-07-02 09:00:00,380.40,340.93,36.00,3.47,179.22,140.06,39.16,678.11,9.01,0.17,0.00,0.00
2004-07-02 10:00:00,600.86,544.07,50.21,6.57,339.30,284.68,54.62,794.74,12.35,0.53,0.00,0.00
2004-07-02 11:00:00,168.37,6.89,158.07,3.41,175.90,3.96,171.94,8.41,15.12,0.74,0.00,1.00
2004-07-02 12:00:00,260.33,7.74,247.30,5.30,273.62,4.62,269.00,8.61,17.19,1.24,0.00,1.00
2004-07-02 13:00:00,865.61,790.30,64.74,10.57,546.02,475.60,70.42,863.06,18.27,1.62,0.00,0.00
2004-07-02 14:00:00,809.77,738.14,61.89,9.73,502.66,435.34,67.32,847.97,19.00,1.45,0.00,0.00
2004-07-02 15:00:00,684.92,621.81,55.25,7.86,406.02,345.92,60.10,812.14,18.59,1.08,0.00,0.00
2004-07-02 16:00:00,92.17,4.46,85.87,1.85,95.56,2.16,93.40,7.32,16.33,0.77,0.00,1.00
2004-07-02 17:00:00,246.13,218.16,26.09,1.88,97.16,68.78,28.38,532.59,14.02,0.42,0.00,0.00
2004-07-02 18:00:00,0.00,0.00,0.00,0.00,0.00,0.00,0.00,0.00,12.68,0.29,1.00,0.00
2004-07-02 19:00:00,0.00,0.00,0.00,0.00,0.00,0.00,0.00,0.00,11.84,0.43,1.00,0.00
2004-07-02 20:00:00,0.00,0.00,0.00,0.00,0.00,0.00,0.00,0.00,10.47,0.68,1.00,0.00
2004-07-02 21:00:00,0.00,0.00,0.00,0.00,0.00,0.00,0.00,0.00,9.62,0.76,1.00,0.00
2004-07-02 22:00:00,0.00,0.00,0.00,0.00,0.00,0.00,0.00,0.00,8.96,0.72,1.00,0.00
2004-07-02 23:00:00,0.00,0.00,0.00,0.00,0.00,0.00,0.00,0.00,8.42,0.68,1.00,0.00
2004-07-03 00:00:00,0.00,0.00,0.00,0.00,0.00,0.00,0.00,0.00,7.80,0.75,1.00,0.00
2004-07-03 01:00:00,0.00,0.00,0.00,0.00,0.00,0.00,0.00,0.00,6.65,0.86,1.00,0.00
2004-07-03 02:00:00,0.00,0.00,0.00,0.00,0.00,0.00,0.00,0.00,6.10,0.93,1.00,0.00
2004-07-03 03:00:00,0.00,0.00,0.00,0.00,0.00,0.00,0.00,0.00,6.16,0.69,1.00,0.00
2004-07-03 04:00:00,0.00,0.00,0.00,0.00,0.00,0.00,0.00,0.00,5.87,0.75,1.00,0.00
2004-07-03 05:00:00,0.00,0.00,0.00,0.00,0.00,0.00,0.00,0.00,5.49,0.62,1.00,0.00
2004-07-03 06:00:00,0.00,0.00,0.00,0.00,0.00,0.00,0.00,0.00,4.89,0.58,1.00,0.00
2004-07-03 07:00:00,0.00,0.00,0.00,0.00,0.00,0.00,0.00,0.00,3.80,0.78,1.00,0.00
2004-07-03 08:00:00,6.50,0.00,6.36,0.13,6.92,0.00,6.92,0.00,6.60,0.41,1.00,0.00
2004-07-03 09:00:00,356.52,317.97,35.27,3.28,169.38,131.02,38.36,632.77,8.72,0.09,0.00,0.00
2004-07-03 10:00:00,572.80,517.23,49.28,6.29,324.76,271.16,53.60,755.62,11.77,0.23,0.00,0.00
2004-07-03 11:00:00,728.93,662.26,58.07,8.60,444.22,381.06,63.16,807.97,14.08,0.78,0.00,0.00
2004-07-03 12:00:00,818.42,745.66,62.81,9.96,514.36,446.04,68.32,829.70,16.30,0.99,0.00,0.00
2004-07-03 13:00:00,837.24,763.21,63.78,10.25,529.36,459.98,69.38,832.95,17.51,1.30,0.00,0.00
2004-07-03 14:00:00,784.25,713.74,61.06,9.45,488.10,421.68,66.42,819.21,18.51,1.06,0.00,0.00
2004-07-03 15:00:00,663.37,601.16,54.57,7.64,394.62,335.26,59.36,784.21,19.32,1.51,0.00,0.00
2004-07-03 16:00:00,480.20,431.42,43.80,4.99,257.54,209.90,47.64,707.83,17.13,1.38,0.00,0.00
2004-07-03 17:00:00,236.17,208.36,25.98,1.83,94.58,66.32,28.26,507.42,14.88,0.70,0.00,0.00
2004-07-03 18:00:00,0.00,0.00,0.00,0.00,0.00,0.00,0.00,0.00,13.63,0.59,1.00,0.00
2004-07-03 19:00:00,0.00,0.00,0.00,0.00,0.00,0.00,0.00,0.00,12.85,0.80,1.00,0.00
2004-07-03 20:00:00,0.00,0.00,0.00,0.00,0.00,0.00,0.00,0.00,12.23,0.69,1.00,0.00
2004-07-03 21:00:00,0.00,0.00,0.00,0.00,0.00,0.00,0.00,0.00,11.71,0.62,1.00,0.00
2004-07-03 22:00:00,0.00,0.00,0.00,0.00,0.00,0.00,0.00,0.00,10.88,0.85,1.00,0.00
2004-07-03 23:00:00,0.00,0.00,0.00,0.00,0.00,0.00,0.00,0.00,10.38,0.76,1.00,0.00
2004-07-04 00:00:00,0.00,0.00,0.00,0.00,0.00,0.00,0.00,0.00,9.79,0.82,1.00,0.00
2004-07-04 01:00:00,0.00,0.00,0.00,0.00,0.00,0.00,0.00,0.00,8.95,0.97,1.00,0.00
2004-07-04 02:00:00,0.00,0.00,0.00,0.00,0.00,0.00,0.00,0.00,7.89,0.89,1.00,0.00
2004-07-04 03:00:00,0.00,0.00,0.00,0.00,0.00,0.00,0.00,0.00,6.76,0.74,1.00,0.00
2004-07-04 04:00:00,0.00,0.00,0.00,0.00,0.00,0.00,0.00,0.00,5.99,0.72,1.00,0.00
2004-07-04 05:00:00,0.00,0.00,0.00,0.00,0.00,0.00,0.00,0.00,5.06,0.70,1.00,0.00
2004-07-04 06:00:00,0.00,0.00,0.00,0.00,0.00,0.00,0.00,0.00,3.72,0.72,1.00,0.00
2004-07-04 07:00:00,0.00,0.00,0.00,0.00,0.00,0.00,0.00,0.00,4.33,0.73,1.00,0.00
2004-07-04 08:00:00,6.81,0.00,6.67,0.14,7.26,0.00,7.26,0.00,6.85,0.52,1.00,0.00
2004-07-04 09:00:00,375.57,336.18,35.95,3.45,178.04,138.94,39.10,669.36,11.27,0.09,0.00,0.00
2004-07-04 10:00:00,598.25,541.47,50.21,6.57,339.12,284.50,54.62,791.00,14.60,0.38,0.00,0.00
2004-07-04 11:00:00,759.64,691.51,59.17,8.96,462.94,398.58,64.36,843.46,17.54,0.57,0.00,0.00
2004-07-04 12:00:00,850.93,776.59,63.99,10.36,534.92,465.32,69.60,863.67,19.74,0.89,0.00,0.00
2004-07-04 13:00:00,869.93,794.32,64.96,10.65,550.18,479.52,70.66,866.28,20.59,1.06,0.00,0.00
2004-07-04 14:00:00,815.51,743.50,62.18,9.83,507.76,440.12,67.64,852.56,21.09,0.89,0.00,0.00
2004-07-04 15:00:00,690.82,627.30,55.56,7.96,411.14,350.70,60.44,817.31,21.92,1.04,0.00,0.00
2004-07-04 16:00:00,503.17,453.30,44.64,5.23,269.90,221.34,48.56,742.65,18.82,0.80,0.00,0.00
2004-07-04 17:00:00,252.83,224.23,26.64,1.96,101.04,72.06,28.98,544.85,15.68,0.28,0.00,0.00
2004-07-04 18:00:00,0.00,0.00,0.00,0.00,0.00,0.00,0.00,0.00,13.63,0.61,1.00,0.00
2004-07-04 19:00:00,0.00,0.00,0.00,0.00,0.00,0.00,0.00,0.00,12.49,0.85,1.00,0.00
2004-07-04 20:00:00,0.00,0.00,0.00,0.00,0.00,0.00,0.00,0.00,11.93,0.79,1.00,0.00
2004-07-04 21:00:00,0.00,0.00,0.00,0.00,0.00,0.00,0.00,0.00,11.22,0.78,1.00,0.00
2004-07-04 22:00:00,0.00,0.00,0.00,0.00,0.00,0.00,0.00,0.00,10.30,1.00,1.00,0.00
2004-07-04 23:00:00,0.00,0.00,0.00,0.00,0.00,0.00,0.00,0.00,9.28,1.01,1.00,0.00
2004-07-05 00:00:00,0.00,0.00,0.00,0.00,0.00,0.00,0.00,0.00,8.21,1.04,1.00,0.00
2004-07-05 01:00:00,0.00,0.00,0.00,0.00,0.00,0.00,0.00,0.00,7.25,1.06,1.00,0.00
2004-07-05 02:00:00,0.00,0.00,0.00,0.00,0.00,0.00,0.00,0.00,6.28,1.10,1.00,0.00
2004-07-05 03:00:00,0.00,0.00,0.00,0.00,0.00,0.00,0.00,0.00,4.98,0.97,1.00,0.00
2004-07-05 04:00:00,0.00,0.00,0.00,0.00,0.00,0.00,0.00,0.00,4.91,0.80,1.00,0.00
2004-07-05 05:00:00,0.00,0.00,0.00,0.00,0.00,0.00,0.00,0.00,4.52,0.82,1.00,0.00
2004-07-05 06:00:00,0.00,0.00,0.00,0.00,0.00,0.00,0.00,0.00,3.63,1.03,1.00,0.00
2004-07-05 07:00:00,0.00,0.00,0.00,0.00,0.00,0.00,0.00,0.00,4.69,0.78,1.00,0.00
2004-07-05 08:00:00,7.12,0.00,6.97,0.15,7.58,0.00,7.58,0.00,5.99,0.67,1.00,0.00
2004-07-05 09:00:00,384.34,344.53,36.28,3.53,182.38,142.92,39.46,686.28,10.53,0.35,0.00,0.00
2004-07-05 10:00:00,608.32,551.05,50.58,6.68,345.22,290.20,55.02,805.03,14.77,0.29,0.00,0.00
2004-07-05 11:00:00,770.14,701.46,59.59,9.10,469.90,405.08,64.82,855.27,18.36,0.65,0.00,0.00
2004-07-05 12:00:00,862.24,787.29,64.45,10.50,542.62,472.52,70.10,875.12,21.37,1.02,0.00,0.00
2004-07-05 13:00:00,881.35,805.09,65.46,10.80,558.12,486.92,71.20,877.35,22.92,0.99,0.00,0.00
2004-07-05 14:00:00,826.71,754.08,62.64,9.98,515.40,447.26,68.14,863.89,23.44,1.02,0.00,0.00
2004-07-05 15:00:00,701.86,637.72,56.04,8.10,418.36,357.40,60.96,829.87,24.30,1.11,0.00,0.00
2004-07-05 16:00:00,513.15,462.70,45.10,5.34,275.88,226.82,49.06,756.81,20.80,0.67,0.00,0.00
2004-07-05 17:00:00,261.69,232.50,27.16,2.03,104.98,75.44,29.54,563.77,17.77,0.02,0.00,0.00
2004-07-05 18:00:00,0.00,0.00,0.00,0.00,0.00,0.00,0.00,0.00,15.24,0.51,1.00,0.00
2004-07-05 19:00:00,0.00,0.00,0.00,0.00,0.00,0.00,0.00,0.00,13.65,0.74,1.00,0.00
2004-07-05 20:00:00,0.00,0.00,0.00,0.00,0.00,0.00,0.00,0.00,12.30,0.97,1.00,0.00
2004-07-05 21:00:00,0.00,0.00,0.00,0.00,0.00,0.00,0.00,0.00,11.16,0.98,1.00,0.00
2004-07-05 22:00:00,0.00,0.00,0.00,0.00,0.00,0.00,0.00,0.00,10.02,1.09,1.00,0.00
2004-07-05 23:00:00,0.00,0.00,0.00,0.00,0.00,0.00,0.00,0.00,9.14,0.94,1.00,0.00
2004-07-06 00:00:00,0.00,0.00,0.00,0.00,0.00,0.00,0.00,0.00,8.61,0.88,1.00,0.00
2004-07-06 01:00:00,0.00,0.00,0.00,0.00,0.00,0.00,0.00,0.00,7.99,0.82,1.00,0.00
2004-07-06 02:00:00,0.00,0.00,0.00,0.00,0.00,0.00,0.00,0.00,7.18,0.80,1.00,0.00
2004-07-06 03:00:00,0.00,0.00,0.00,0.00,0.00,0.00,0.00,0.00,6.38,0.80,1.00,0.00
2004-07-06 04:00:00,0.00,0.00,0.00,0.00,0.00,0.00,0.00,0.00,5.55,0.67,1.00,0.00
2004-07-06 05:00:00,0.00,0.00,0.00,0.00,0.00,0.00,0.00,0.00,5.00,0.65,1.00,0.00
2004-07-06 06:00:00,0.00,0.00,0.00,0.00,0.00,0.00,0.00,0.00,4.18,0.56,1.00,0.00
2004-07-06 07:00:00,0.00,0.00,0.00,0.00,0.00,0.00,0.00,0.00,5.10,0.62,1.00,0.00
2004-07-06 08:00:00,7.47,0.00,7.32,0.15,7.96,0.00,7.96,0.00,6.56,0.60,1.00,0.00
2004-07-06 09:00:00,58.07,3.50,53.41,1.15,59.56,1.46,58.10,6.98,10.58,0.30,0.00,1.00
2004-07-06 10:00:00,126.79,5.57,118.67,2.56,132.02,2.94,129.08,8.13,14.02,0.17,0.00,1.00
2004-07-06 11:00:00,191.07,7.08,180.12,3.87,200.02,4.10,195.92,8.63,16.94,0.55,0.00,1.00
2004-07-06 12:00:00,870.20,794.58,65.00,10.62,548.48,477.78,70.70,882.70,19.35,0.96,0.00,0.00
2004-07-06 13:00:00,887.86,811.02,65.93,10.90,563.22,491.50,71.72,883.06,20.39,1.10,0.00,0.00
2004-07-06 14:00:00,831.29,758.17,63.07,10.05,519.26,450.66,68.60,867.71,20.93,1.19,0.00,0.00
2004-07-06 15:00:00,705.17,640.64,56.37,8.16,421.36,360.04,61.32,832.65,21.79,1.27,0.00,0.00
2004-07-06 16:00:00,515.43,464.67,45.38,5.38,278.06,228.70,49.36,758.86,19.41,0.94,0.00,0.00
2004-07-06 17:00:00,263.12,233.62,27.43,2.06,106.44,76.60,29.84,565.14,16.63,0.27,0.00,0.00
2004-07-06 18:00:00,0.00,0.00,0.00,0.00,0.00,0.00,0.00,0.00,14.09,0.45,1.00,0.00
2004-07-06 19:00:00,0.00,0.00,0.00,0.00,0.00,0.00,0.00,0.00,12.75,0.55,1.00,0.00
2004-07-06 20:00:00,0.00,0.00,0.00,0.00,0.00,0.00,0.00,0.00,11.59,0.60,1.00,0.00
2004-07-06 21:00:00,0.00,0.00,0.00,0.00,0.00,0.00,0.00,0.00,10.59,0.74,1.00,0.00
2004-07-06 22:00:00,0.00,0.00,0.00,0.00,0.00,0.00,0.00,0.00,10.33,0.61,1.00,0.00
2004-07-06 23:00:00,0.00,0.00,0.00,0.00,0.00,0.00,0.00,0.00,9.93,0.74,1.00,0.00
2004-07-07 00:00:00,0.00,0.00,0.00,0.00,0.00,0.00,0.00,0.00,9.93,0.77,1.00,0.00
2004-07-07 01:00:00,0.00,0.00,0.00,0.00,0.00,0.00,0.00,0.00,9.48,0.80,1.00,0.00
2004-07-07 02:00:00,0.00,0.00,0.00,0.00,0.00,0.00,0.00,0.00,9.15,0.64,1.00,0.00
2004-07-07 03:00:00,0.00,0.00,0.00,0.00,0.00,0.00,0.00,0.00,9.01,0.56,1.00,0.00
2004-07-07 04:00:00,0.00,0.00,0.00,0.00,0.00,0.00,0.00,0.00,8.10,0.37,1.00,0.00
2004-07-07 05:00:00,0.00,0.00,0.00,0.00,0.00,0.00,0.00,0.00,7.42,0.48,1.00,0.00
2004-07-07 06:00:00,0.00,0.00,0.00,0.00,0.00,0.00,0.00,0.00,6.61,0.32,1.00,0.00
2004-07-07 07:00:00,0.00,0.00,0.00,0.00,0.00,0.00,0.00,0.00,5.78,0.39,1.00,0.00
2004-07-07 08:00:00,1.91,0.00,1.88,0.04,2.04,0.00,2.04,0.00,7.96,0.31,1.00,1.00
2004-07-07 09:00:00,32.83,3.25,28.94,0.64,32.84,1.36,31.48,6.48,9.83,0.02,0.00,1.00
2004-07-07 10:00:00,73.64,5.29,66.89,1.46,75.56,2.80,72.76,7.73,12.61,0.41,0.00,1.00
2004-07-07 11:00:00,74.72,6.76,66.49,1.48,76.24,3.92,72.32,8.23,14.46,0.53,0.00,1.00
2004-07-07 12:00:00,185.38,7.60,174.03,3.75,193.88,4.58,189.30,8.44,15.87,0.75,0.00,1.00
2004-07-07 13:00:00,211.43,7.81,199.33,4.29,221.56,4.74,216.82,8.49,16.77,1.10,0.00,1.00
2004-07-07 14:00:00,804.26,732.47,62.04,9.75,503.88,436.40,67.48,837.36,17.23,1.10,0.00,0.00
2004-07-07 15:00:00,107.54,6.21,99.18,2.16,111.38,3.50,107.88,8.06,16.87,1.08,0.00,1.00
2004-07-07 16:00:00,91.38,4.49,85.06,1.83,94.74,2.22,92.52,7.32,14.97,0.92,0.00,1.00
2004-07-07 17:00:00,253.69,224.49,27.19,2.01,103.96,74.38,29.58,541.85,12.66,0.32,0.00,0.00
2004-07-07 18:00:00,0.00,0.00,0.00,0.00,0.00,0.00,0.00,0.00,11.37,0.27,1.00,0.00
2004-07-07 19:00:00,0.00,0.00,0.00,0.00,0.00,0.00,0.00,0.00,10.17,0.34,1.00,0.00
2004-07-07 20:00:00,0.00,0.00,0.00,0.00,0.00,0.00,0.00,0.00,9.35,0.49,1.00,0.00
2004-07-07 21:00:00,0.00,0.00,0.00,0.00,0.00,0.00,0.00,0.00,8.99,0.42,1.00,0.00
2004-07-07 22:00:00,0.00,0.00,0.00,0.00,0.00,0.00,0.00,0.00,8.20,0.58,1.00,0.00
2004-07-07 23:00:00,0.00,0.00,0.00,0.00,0.00,0.00,0.00,0.00,7.79,0.67,1.00,0.00
2004-07-08 00:00:00,0.00,0.00,0.00,0.00,0.00,0.00,0.00,0.00,6.95,0.73,1.00,0.00
2004-07-08 01:00:00,0.00,0.00,0.00,0.00,0.00,0.00,0.00,0.00,6.41,0.78,1.00,0.00
2004-07-08 02:00:00,0.00,0.00,0.00,0.00,0.00,0.00,0.00,0.00,6.07,0.74,1.00,0.00
2004-07-08 03:00:00,0.00,0.00,0.00,0.00,0.00,0.00,0.00,0.00,5.79,0.63,1.00,0.00
2004-07-08 04:00:00,0.00,0.00,0.00,0.00,0.00,0.00,0.00,0.00,4.37,0.66,1.00,0.00
2004-07-08 05:00:00,0.00,0.00,0.00,0.00,0.00,0.00,0.00,0.00,4.00,0.54,1.00,0.00
2004-07-08 06:00:00,0.00,0.00,0.00,0.00,0.00,0.00,0.00,0.00,2.87,0.37,1.00,0.00
2004-07-08 07:00:00,0.00,0.00,0.00,0.00,0.00,0.00,0.00,0.00,3.90,0.48,1.00,0.00
2004-07-08 08:00:00,7.36,0.00,7.21,0.15,7.84,0.00,7.84,0.00,5.93,0.33,1.00,0.00
2004-07-08 09:00:00,369.52,330.00,36.07,3.44,177.92,138.68,39.24,657.83,8.63,0.11,0.00,0.00
2004-07-08 10:00:00,588.80,532.06,50.21,6.53,337.16,282.54,54.62,776.77,10.76,0.37,0.00,0.00
2004-07-08 11:00:00,747.31,679.32,59.09,8.89,459.22,394.94,64.28,827.16,13.10,0.50,0.00,0.00
2004-07-08 12:00:00,260.94,7.68,247.94,5.31,274.34,4.64,269.70,8.52,14.66,0.65,0.00,1.00
2004-07-08 13:00:00,233.30,7.89,220.68,4.74,244.84,4.80,240.04,8.57,16.33,1.20,0.00,1.00
2004-07-08 14:00:00,209.81,7.40,198.15,4.26,219.96,4.42,215.54,8.45,17.32,1.35,0.00,1.00
2004-07-08 15:00:00,159.15,6.30,149.63,3.22,166.32,3.56,162.76,8.16,17.79,1.39,0.00,1.00
2004-07-08 16:00:00,509.23,458.60,45.27,5.36,276.96,227.72,49.24,746.55,15.96,1.02,0.00,0.00
2004-07-08 17:00:00,263.19,233.43,27.67,2.10,108.26,78.16,30.10,562.30,13.34,0.61,0.00,0.00
2004-07-08 18:00:00,0.00,0.00,0.00,0.00,0.00,0.00,0.00,0.00,12.37,0.25,1.00,0.00
2004-07-08 19:00:00,0.00,0.00,0.00,0.00,0.00,0.00,0.00,0.00,11.63,0.36,1.00,0.00
2004-07-08 20:00:00,0.00,0.00,0.00,0.00,0.00,0.00,0.00,0.00,10.58,0.53,1.00,0.00
2004-07-08 21:00:00,0.00,0.00,0.00,0.00,0.00,0.00,0.00,0.00,9.41,0.51,1.00,0.00
2004-07-08 22:00:00,0.00,0.00,0.00,0.00,0.00,0.00,0.00,0.00,8.56,0.43,1.00,0.00
2004-07-08 23:00:00,0.00,0.00,0.00,0.00,0.00,0.00,0.00,0.00,7.77,0.65,1.00,0.00
2004-07-09 00:00:00,0.00,0.00,0.00,0.00,0.00,0.00,0.00,0.00,7.20,0.60,1.00,0.00
2004-07-09 01:00:00,0.00,0.00,0.00,0.00,0.00,0.00,0.00,0.00,7.18,0.72,1.00,0.00
2004-07-09 02:00:00,0.00,0.00,0.00,0.00,0.00,0.00,0.00,0.00,7.14,0.30,1.00,0.00
2004-07-09 03:00:00,0.00,0.00,0.00,0.00,0.00,0.00,0.00,0.00,7.31,0.51,1.00,0.00
2004-07-09 04:00:00,0.00,0.00,0.00,0.00,0.00,0.00,0.00,0.00,6.92,0.35,1.00,0.00
2004-07-09 05:00:00,0.00,0.00,0.00,0.00,0.00,0.00,0.00,0.00,6.71,0.45,1.00,0.00
2004-07-09 06:00:00,0.00,0.00,0.00,0.00,0.00,0.00,0.00,0.00,6.35,0.12,1.00,0.00
2004-07-09 07:00:00,0.00,0.00,0.00,0.00,0.00,0.00,0.00,0.00,5.94,0.36,1.00,0.00
2004-07-09 08:00:00,1.18,0.00,1.16,0.02,1.26,0.00,1.26,0.00,6.88,0.13,1.00,1.00
2004-07-09 09:00:00,30.96,3.41,26.95,0.60,30.76,1.44,29.32,6.80,8.23,0.07,0.00,1.00
2004-07-09 10:00:00,52.00,5.41,45.58,1.02,52.46,2.88,49.58,7.89,9.91,0.50,0.00,1.00
2004-07-09 11:00:00,71.71,6.90,63.40,1.41,72.98,4.02,68.96,8.40,10.71,0.63,0.00,1.00
2004-07-09 12:00:00,66.96,7.77,57.88,1.31,67.66,4.70,62.96,8.61,11.33,0.82,0.00,1.00
2004-07-09 13:00:00,75.67,7.97,66.21,1.49,76.88,4.86,72.02,8.65,11.93,1.18,0.00,1.00
2004-07-09 14:00:00,112.61,7.45,102.91,2.25,116.40,4.46,111.94,8.50,12.32,1.28,0.00,1.00
2004-07-09 15:00:00,34.67,6.35,27.67,0.65,33.70,3.60,30.10,8.22,12.30,1.21,0.00,1.00
2004-07-09 16:00:00,38.77,4.65,33.37,0.75,38.62,2.32,36.30,7.56,11.11,1.02,0.00,1.00
2004-07-09 17:00:00,268.80,238.61,28.04,2.15,111.30,80.80,30.50,573.45,8.92,0.56,0.00,0.00
2004-07-09 18:00:00,0.00,0.00,0.00,0.00,0.00,0.00,0.00,0.00,7.44,0.20,1.00,0.00
2004-07-09 19:00:00,0.00,0.00,0.00,0.00,0.00,0.00,0.00,0.00,6.46,0.38,1.00,0.00
2004-07-09 20:00:00,0.00,0.00,0.00,0.00,0.00,0.00,0.00,0.00,5.31,0.52,1.00,0.00
2004-07-09 21:00:00,0.00,0.00,0.00,0.00,0.00,0.00,0.00,0.00,4.63,0.53,1.00,0.00
2004-07-09 22:00:00,0.00,0.00,0.00,0.00,0.00,0.00,0.00,0.00,3.80,0.65,1.00,0.00
2004-07-09 23:00:00,0.00,0.00,0.00,0.00,0.00,0.00,0.00,0.00,3.15,0.79,1.00,0.00
2004-07-10 00:00:00,0.00,0.00,0.00,0.00,0.00,0.00,0.00,0.00,2.63,0.76,1.00,0.00
2004-07-10 01:00:00,0.00,0.00,0.00,0.00,0.00,0.00,0.00,0.00,2.01,0.85,1.00,0.00
2004-07-10 02:00:00,0.00,0.00,0.00,0.00,0.00,0.00,0.00,0.00,1.73,0.73,1.00,0.00
2004-07-10 03:00:00,0.00,0.00,0.00,0.00,0.00,0.00,0.00,0.00,0.84,1.07,1.00,0.00
2004-07-10 04:00:00,0.00,0.00,0.00,0.00,0.00,0.00,0.00,0.00,0.49,0.82,1.00,0.00
2004-07-10 05:00:00,0.00,0.00,0.00,0.00,0.00,0.00,0.00,0.00,0.04,0.79,1.00,0.00
2004-07-10 06:00:00,0.00,0.00,0.00,0.00,0.00,0.00,0.00,0.00,-0.69,0.85,1.00,0.00
2004-07-10 07:00:00,0.00,0.00,0.00,0.00,0.00,0.00,0.00,0.00,1.24,0.80,1.00,0.00
2004-07-10 08:00:00,4.21,0.00,4.12,0.09,4.48,0.00,4.48,0.00,3.40,0.73,1.00,1.00
2004-07-10 09:00:00,66.63,3.58,61.72,1.33,68.66,1.52,67.14,7.14,7.21,0.49,0.00,1.00
2004-07-10 10:00:00,142.95,5.65,134.41,2.89,149.22,3.02,146.20,8.24,10.47,0.16,0.00,1.00
2004-07-10 11:00:00,207.23,7.15,195.87,4.21,217.24,4.18,213.06,8.70,13.70,0.39,0.00,1.00
2004-07-10 12:00:00,234.16,8.04,221.36,4.76,245.66,4.88,240.78,8.91,16.48,0.67,0.00,1.00
2004-07-10 13:00:00,902.88,825.10,66.62,11.17,576.90,504.44,72.46,895.15,18.18,0.81,0.00,0.00
2004-07-10 14:00:00,849.64,775.43,63.86,10.36,534.92,465.46,69.46,883.55,19.09,0.82,0.00,0.00
2004-07-10 15:00:00,173.75,6.61,163.62,3.52,181.74,3.76,177.98,8.55,19.76,0.83,0.00,1.00
2004-07-10 16:00:00,536.63,484.62,46.33,5.68,293.36,242.96,50.40,786.24,16.42,0.54,0.00,0.00
2004-07-10 17:00:00,283.68,252.81,28.59,2.28,117.68,86.58,31.10,606.30,13.84,0.07,0.00,0.00
2004-07-10 18:00:00,0.00,0.00,0.00,0.00,0.00,0.00,0.00,0.00,10.92,0.42,1.00,0.00
2004-07-10 19:00:00,0.00,0.00,0.00,0.00,0.00,0.00,0.00,0.00,8.92,0.75,1.00,0.00
2004-07-10 20:00:00,0.00,0.00,0.00,0.00,0.00,0.00,0.00,0.00,7.24,0.84,1.00,0.00
2004-07-10 21:00:00,0.00,0.00,0.00,0.00,0.00,0.00,0.00,0.00,6.03,0.84,1.00,0.00
2004-07-10 22:00:00,0.00,0.00,0.00,0.00,0.00,0.00,0.00,0.00,4.97,0.84,1.00,0.00
2004-07-10 23:00:00,0.00,0.00,0.00,0.00,0.00,0.00,0.00,0.00,3.94,0.89,1.00,0.00
2004-07-11 00:00:00,0.00,0.00,0.00,0.00,0.00,0.00,0.00,0.00,3.08,0.78,1.00,0.00
2004-07-11 01:00:00,0.00,0.00,0.00,0.00,0.00,0.00,0.00,0.00,2.48,0.76,1.00,0.00
2004-07-11 02:00:00,0.00,0.00,0.00,0.00,0.00,0.00,0.00,0.00,1.82,0.70,1.00,0.00
2004-07-11 03:00:00,0.00,0.00,0.00,0.00,0.00,0.00,0.00,0.00,2.20,0.78,1.00,0.00
2004-07-11 04:00:00,0.00,0.00,0.00,0.00,0.00,0.00,0.00,0.00,2.72,0.45,1.00,0.00
2004-07-11 05:00:00,0.00,0.00,0.00,0.00,0.00,0.00,0.00,0.00,3.08,0.63,1.00,0.00
2004-07-11 06:00:00,0.00,0.00,0.00,0.00,0.00,0.00,0.00,0.00,3.07,0.47,1.00,0.00
2004-07-11 07:00:00,0.00,0.00,0.00,0.00,0.00,0.00,0.00,0.00,3.39,0.61,1.00,0.00
2004-07-11 08:00:00,8.20,0.00,8.03,0.17,8.74,0.00,8.74,0.00,4.02,0.50,1.00,0.00
2004-07-11 09:00:00,383.16,342.89,36.66,3.61,186.30,146.42,39.88,683.49,6.86,0.12,0.00,0.00
2004-07-11 10:00:00,133.56,5.48,125.38,2.70,139.32,2.94,136.38,8.00,10.34,0.31,0.00,1.00
2004-07-11 11:00:00,217.29,7.00,205.88,4.41,228.04,4.10,223.94,8.51,12.11,0.54,0.00,1.00
2004-07-11 12:00:00,172.43,7.83,161.12,3.49,180.02,4.76,175.26,8.66,13.37,0.96,0.00,1.00
2004-07-11 13:00:00,205.69,7.96,193.56,4.17,215.42,4.88,210.54,8.63,13.23,0.98,0.00,1.00
2004-07-11 14:00:00,134.05,7.44,123.91,2.70,139.26,4.48,134.78,8.47,12.59,1.17,0.00,1.00
2004-07-11 15:00:00,52.26,6.31,44.94,1.02,52.48,3.60,48.88,8.15,11.62,0.83,0.00,1.00
2004-07-11 16:00:00,55.21,4.57,49.55,1.09,56.20,2.30,53.90,7.40,10.39,0.64,0.00,1.00
2004-07-11 17:00:00,36.96,2.31,33.92,0.73,37.70,0.80,36.90,5.53,9.62,0.25,0.00,1.00
2004-07-11 18:00:00,0.00,0.00,0.00,0.00,0.00,0.00,0.00,0.00,8.50,0.27,1.00,0.00
2004-07-11 19:00:00,0.00,0.00,0.00,0.00,0.00,0.00,0.00,0.00,7.39,0.62,1.00,0.00
2004-07-11 20:00:00,0.00,0.00,0.00,0.00,0.00,0.00,0.00,0.00,6.66,0.84,1.00,0.00
2004-07-11 21:00:00,0.00,0.00,0.00,0.00,0.00,0.00,0.00,0.00,6.16,0.74,1.00,0.00
2004-07-11 22:00:00,0.00,0.00,0.00,0.00,0.00,0.00,0.00,0.00,5.53,0.56,1.00,0.00
2004-07-11 23:00:00,0.00,0.00,0.00,0.00,0.00,0.00,0.00,0.00,5.16,0.71,1.00,0.00
2004-07-12 00:00:00,0.00,0.00,0.00,0.00,0.00,0.00,0.00,0.00,4.97,0.55,1.00,0.00
2004-07-12 01:00:00,0.00,0.00,0.00,0.00,0.00,0.00,0.00,0.00,4.54,0.61,1.00,0.00
2004-07-12 02:00:00,0.00,0.00,0.00,0.00,0.00,0.00,0.00,0.00,4.34,0.47,1.00,0.00
2004-07-12 03:00:00,0.00,0.00,0.00,0.00,0.00,0.00,0.00,0.00,4.76,0.43,1.00,0.00
2004-07-12 04:00:00,0.00,0.00,0.00,0.00,0.00,0.00,0.00,0.00,4.56,0.21,1.00,0.00
2004-07-12 05:00:00,0.00,0.00,0.00,0.00,0.00,0.00,0.00,0.00,4.39,0.49,1.00,0.00
2004-07-12 06:00:00,0.00,0.00,0.00,0.00,0.00,0.00,0.00,0.00,3.75,0.23,1.00,0.00
2004-07-12 07:00:00,0.00,0.00,0.00,0.00,0.00,0.00,0.00,0.00,3.59,0.42,1.00,0.00
2004-07-12 08:00:00,1.75,0.00,1.71,0.04,1.86,0.00,1.86,0.00,4.84,0.18,1.00,1.00
2004-07-12 09:00:00,28.65,3.35,24.75,0.55,28.36,1.44,26.92,6.68,7.12,0.36,0.00,1.00
2004-07-12 10:00:00,78.93,5.43,71.93,1.57,81.16,2.92,78.24,7.91,9.06,0.67,0.00,1.00
2004-07-12 11:00:00,91.77,6.91,83.03,1.83,94.38,4.06,90.32,8.39,10.32,0.79,0.00,1.00
2004-07-12 12:00:00,53.11,7.77,44.31,1.02,52.94,4.74,48.20,8.59,11.74,1.18,0.00,1.00
2004-07-12 13:00:00,70.17,7.97,60.82,1.38,71.06,4.90,66.16,8.63,11.88,1.02,0.00,1.00
2004-07-12 14:00:00,78.82,7.49,69.78,1.56,80.42,4.52,75.90,8.51,12.04,1.03,0.00,1.00
2004-07-12 15:00:00,59.58,6.36,52.05,1.17,60.26,3.64,56.62,8.20,11.88,0.92,0.00,1.00
2004-07-12 16:00:00,35.06,4.62,29.77,0.67,34.72,2.34,32.38,7.47,10.87,0.58,0.00,1.00
2004-07-12 17:00:00,267.48,236.83,28.44,2.21,113.94,83.00,30.94,565.50,10.70,0.35,0.00,0.00
2004-07-12 18:00:00,0.00,0.00,0.00,0.00,0.00,0.00,0.00,0.00,10.65,0.61,1.00,0.00
2004-07-12 19:00:00,0.00,0.00,0.00,0.00,0.00,0.00,0.00,0.00,9.80,0.62,1.00,0.00
2004-07-12 20:00:00,0.00,0.00,0.00,0.00,0.00,0.00,0.00,0.00,9.14,0.80,1.00,0.00
2004-07-12 21:00:00,0.00,0.00,0.00,0.00,0.00,0.00,0.00,0.00,8.58,0.60,1.00,0.00
2004-07-12 22:00:00,0.00,0.00,0.00,0.00,0.00,0.00,0.00,0.00,8.40,0.64,1.00,0.00
2004-07-12 23:00:00,0.00,0.00,0.00,0.00,0.00,0.00,0.00,0.00,8.88,0.63,1.00,0.00
2004-07-13 00:00:00,0.00,0.00,0.00,0.00,0.00,0.00,0.00,0.00,9.51,0.78,1.00,0.00
2004-07-13 01:00:00,0.00,0.00,0.00,0.00,0.00,0.00,0.00,0.00,8.73,0.63,1.00,0.00
2004-07-13 02:00:00,0.00,0.00,0.00,0.00,0.00,0.00,0.00,0.00,8.64,1.01,1.00,0.00
2004-07-13 03:00:00,0.00,0.00,0.00,0.00,0.00,0.00,0.00,0.00,8.91,1.89,1.00,0.00
2004-07-13 04:00:00,0.00,0.00,0.00,0.00,0.00,0.00,0.00,0.00,9.03,2.13,1.00,0.00
2004-07-13 05:00:00,0.00,0.00,0.00,0.00,0.00,0.00,0.00,0.00,9.11,1.73,1.00,0.00
2004-07-13 06:00:00,0.00,0.00,0.00,0.00,0.00,0.00,0.00,0.00,8.09,1.74,1.00,0.00
2004-07-13 07:00:00,0.00,0.00,0.00,0.00,0.00,0.00,0.00,0.00,7.29,1.36,1.00,0.00
2004-07-13 08:00:00,2.52,0.00,2.46,0.05,2.68,0.00,2.68,0.00,7.05,1.01,1.00,1.00
2004-07-13 09:00:00,15.45,3.24,11.93,0.28,14.38,1.40,12.98,6.45,8.11,1.15,0.00,1.00
2004-07-13 10:00:00,28.08,5.26,22.30,0.52,27.10,2.84,24.26,7.66,9.01,0.95,0.00,1.00
2004-07-13 11:00:00,65.61,6.75,57.57,1.29,66.60,3.98,62.62,8.19,9.26,0.79,0.00,1.00
2004-07-13 12:00:00,43.57,7.62,35.12,0.83,42.86,4.66,38.20,8.42,8.64,0.98,0.00,1.00
2004-07-13 13:00:00,65.85,7.82,56.74,1.29,66.54,4.82,61.72,8.46,9.39,1.38,0.00,1.00
2004-07-13 14:00:00,60.42,7.37,51.87,1.18,60.88,4.46,56.42,8.37,9.65,1.02,0.00,1.00
2004-07-13 15:00:00,690.14,625.51,56.48,8.15,420.94,359.50,61.44,805.41,9.18,0.85,0.00,0.00
2004-07-13 16:00:00,507.29,455.95,45.87,5.46,282.02,232.12,49.90,736.15,8.76,0.72,0.00,0.00
2004-07-13 17:00:00,265.47,234.53,28.72,2.21,114.34,83.10,31.24,558.95,8.06,0.59,0.00,0.00
2004-07-13 18:00:00,0.00,0.00,0.00,0.00,0.00,0.00,0.00,0.00,7.64,0.14,1.00,0.00
2004-07-13 19:00:00,0.00,0.00,0.00,0.00,0.00,0.00,0.00,0.00,7.43,0.36,1.00,0.00
2004-07-13 20:00:00,0.00,0.00,0.00,0.00,0.00,0.00,0.00,0.00,7.40,0.14,1.00,0.00
2004-07-13 21:00:00,0.00,0.00,0.00,0.00,0.00,0.00,0.00,0.00,7.97,0.02,1.00,0.00
2004-07-13 22:00:00,0.00,0.00,0.00,0.00,0.00,0.00,0.00,0.00,8.10,0.07,1.00,0.00
2004-07-13 23:00:00,0.00,0.00,0.00,0.00,0.00,0.00,0.00,0.00,8.16,0.25,1.00,0.00
2004-07-14 00:00:00,0.00,0.00,0.00,0.00,0.00,0.00,0.00,0.00,8.06,0.22,1.00,0.00
2004-07-14 01:00:00,0.00,0.00,0.00,0.00,0.00,0.00,0.00,0.00,8.34,0.19,1.00,0.00
2004-07-14 02:00:00,0.00,0.00,0.00,0.00,0.00,0.00,0.00,0.00,8.15,0.13,1.00,0.00
2004-07-14 03:00:00,0.00,0.00,0.00,0.00,0.00,0.00,0.00,0.00,7.66,0.19,1.00,0.00
2004-07-14 04:00:00,0.00,0.00,0.00,0.00,0.00,0.00,0.00,0.00,7.46,0.16,1.00,0.00
2004-07-14 05:00:00,0.00,0.00,0.00,0.00,0.00,0.00,0.00,0.00,7.49,0.49,1.00,0.00
2004-07-14 06:00:00,0.00,0.00,0.00,0.00,0.00,0.00,0.00,0.00,7.75,0.44,1.00,0.00
2004-07-14 07:00:00,0.00,0.00,0.00,0.00,0.00,0.00,0.00,0.00,7.28,0.48,1.00,0.00
2004-07-14 08:00:00,9.05,0.00,8.86,0.19,9.64,0.00,9.64,0.00,7.82,0.24,1.00,0.00
2004-07-14 09:00:00,373.42,332.92,36.92,3.58,185.02,144.86,40.16,663.02,9.31,0.45,0.00,0.00
2004-07-14 10:00:00,595.32,537.52,51.08,6.72,347.16,291.60,55.56,782.47,10.25,0.38,0.00,0.00
2004-07-14 11:00:00,757.96,688.76,60.05,9.15,472.50,407.18,65.32,835.15,11.20,0.49,0.00,0.00
2004-07-14 12:00:00,173.29,7.76,162.02,3.50,181.00,4.76,176.24,8.57,11.72,0.60,0.00,1.00
2004-07-14 13:00:00,181.34,8.00,169.67,3.67,189.50,4.94,184.56,8.64,11.87,0.51,0.00,1.00
2004-07-14 14:00:00,164.38,7.54,153.51,3.32,171.56,4.58,166.98,8.55,11.67,0.76,0.00,1.00
2004-07-14 15:00:00,114.98,6.42,106.26,2.31,119.28,3.70,115.58,8.25,10.85,0.74,0.00,1.00
2004-07-14 16:00:00,70.46,4.69,64.37,1.40,72.42,2.40,70.02,7.56,9.41,0.56,0.00,1.00
2004-07-14 17:00:00,25.92,2.45,22.96,0.50,25.86,0.88,24.98,5.83,7.74,0.52,0.00,1.00
2004-07-14 18:00:00,0.00,0.00,0.00,0.00,0.00,0.00,0.00,0.00,6.37,0.76,1.00,0.00
2004-07-14 19:00:00,0.00,0.00,0.00,0.00,0.00,0.00,0.00,0.00,4.67,1.03,1.00,0.00
2004-07-14 20:00:00,0.00,0.00,0.00,0.00,0.00,0.00,0.00,0.00,3.58,0.88,1.00,0.00
2004-07-14 21:00:00,0.00,0.00,0.00,0.00,0.00,0.00,0.00,0.00,3.44,0.82,1.00,0.00
2004-07-14 22:00:00,0.00,0.00,0.00,0.00,0.00,0.00,0.00,0.00,2.87,0.69,1.00,0.00
2004-07-14 23:00:00,0.00,0.00,0.00,0.00,0.00,0.00,0.00,0.00,2.57,0.64,1.00,0.00
2004-07-15 00:00:00,0.00,0.00,0.00,0.00,0.00,0.00,0.00,0.00,2.27,0.65,1.00,0.00
2004-07-15 01:00:00,0.00,0.00,0.00,0.00,0.00,0.00,0.00,0.00,2.05,0.57,1.00,0.00
2004-07-15 02:00:00,0.00,0.00,0.00,0.00,0.00,0.00,0.00,0.00,1.64,0.48,1.00,0.00
2004-07-15 03:00:00,0.00,0.00,0.00,0.00,0.00,0.00,0.00,0.00,1.23,0.56,1.00,0.00
2004-07-15 04:00:00,0.00,0.00,0.00,0.00,0.00,0.00,0.00,0.00,1.32,0.47,1.00,0.00
2004-07-15 05:00:00,0.00,0.00,0.00,0.00,0.00,0.00,0.00,0.00,1.69,0.59,1.00,0.00
2004-07-15 06:00:00,0.00,0.00,0.00,0.00,0.00,0.00,0.00,0.00,1.91,0.60,1.00,0.00
2004-07-15 07:00:00,0.00,0.00,0.00,0.00,0.00,0.00,0.00,0.00,2.17,0.57,1.00,0.00
2004-07-15 08:00:00,4.92,0.00,4.82,0.10,5.24,0.00,5.24,0.00,3.09,0.43,1.00,1.00
2004-07-15 09:00:00,50.16,3.61,45.56,0.99,51.14,1.58,49.56,7.18,5.29,0.22,0.00,1.00
2004-07-15 10:00:00,82.41,5.69,75.07,1.64,84.76,3.10,81.66,8.28,7.83,0.17,0.00,1.00
2004-07-15 11:00:00,235.18,7.22,223.18,4.78,247.04,4.28,242.76,8.74,9.96,0.53,0.00,1.00
2004-07-15 12:00:00,888.39,811.01,66.32,11.05,570.80,498.66,72.14,894.06,11.43,0.63,0.00,0.00
2004-07-15 13:00:00,909.66,830.89,67.39,11.38,588.08,514.78,73.30,896.60,12.21,0.92,0.00,0.00
2004-07-15 14:00:00,855.65,780.46,64.63,10.56,545.62,475.32,70.30,883.92,12.67,1.05,0.00,0.00
2004-07-15 15:00:00,732.82,665.99,58.14,8.69,448.82,385.58,63.24,855.18,12.24,0.96,0.00,0.00
2004-07-15 16:00:00,544.02,490.81,47.33,5.88,303.96,252.48,51.48,789.94,9.61,0.65,0.00,0.00
2004-07-15 17:00:00,293.49,261.11,29.92,2.47,127.34,94.80,32.54,619.66,7.15,0.26,0.00,0.00
2004-07-15 18:00:00,0.00,0.00,0.00,0.00,0.00,0.00,0.00,0.00,6.07,0.37,1.00,0.00
2004-07-15 19:00:00,0.00,0.00,0.00,0.00,0.00,0.00,0.00,0.00,5.01,0.84,1.00,0.00
2004-07-15 20:00:00,0.00,0.00,0.00,0.00,0.00,0.00,0.00,0.00,3.75,0.86,1.00,0.00
2004-07-15 21:00:00,0.00,0.00,0.00,0.00,0.00,0.00,0.00,0.00,3.29,0.79,1.00,0.00
2004-07-15 22:00:00,0.00,0.00,0.00,0.00,0.00,0.00,0.00,0.00,3.25,0.72,1.00,0.00
2004-07-15 23:00:00,0.00,0.00,0.00,0.00,0.00,0.00,0.00,0.00,2.84,0.75,1.00,0.00
2004-07-16 00:00:00,0.00,0.00,0.00,0.00,0.00,0.00,0.00,0.00,1.97,0.75,1.00,0.00
2004-07-16 01:00:00,0.00,0.00,0.00,0.00,0.00,0.00,0.00,0.00,1.38,0.81,1.00,0.00
2004-07-16 02:00:00,0.00,0.00,0.00,0.00,0.00,0.00,0.00,0.00,0.91,0.84,1.00,0.00
2004-07-16 03:00:00,0.00,0.00,0.00,0.00,0.00,0.00,0.00,0.00,0.55,0.95,1.00,0.00
2004-07-16 04:00:00,0.00,0.00,0.00,0.00,0.00,0.00,0.00,0.00,0.29,0.92,1.00,0.00
2004-07-16 05:00:00,0.00,0.00,0.00,0.00,0.00,0.00,0.00,0.00,0.67,0.81,1.00,0.00
2004-07-16 06:00:00,0.00,0.00,0.00,0.00,0.00,0.00,0.00,0.00,0.84,0.99,1.00,0.00
2004-07-16 07:00:00,0.00,0.00,0.00,0.00,0.00,0.00,0.00,0.00,2.18,0.69,1.00,0.00
2004-07-16 08:00:00,9.82,0.00,9.62,0.20,10.46,0.00,10.46,0.00,2.95,0.73,1.00,0.00
2004-07-16 09:00:00,39.60,3.49,35.34,0.77,39.98,1.54,38.44,6.95,5.17,0.46,0.00,1.00
2004-07-16 10:00:00,80.75,5.56,73.58,1.61,83.08,3.04,80.04,8.08,8.29,0.09,0.00,1.00
2004-07-16 11:00:00,117.42,7.06,108.00,2.36,121.68,4.20,117.48,8.54,10.79,0.40,0.00,1.00
2004-07-16 12:00:00,89.39,7.91,79.71,1.77,91.58,4.88,86.70,8.71,12.71,0.33,0.00,1.00
2004-07-16 13:00:00,92.62,8.11,82.67,1.84,94.96,5.04,89.92,8.74,13.59,0.48,0.00,1.00
2004-07-16 14:00:00,84.32,7.60,75.05,1.67,86.28,4.64,81.64,8.59,13.91,0.38,0.00,1.00
2004-07-16 15:00:00,113.93,6.47,105.17,2.29,118.16,3.76,114.40,8.29,13.47,0.58,0.00,1.00
2004-07-16 16:00:00,69.93,4.72,63.82,1.39,71.86,2.44,69.42,7.58,11.13,0.31,0.00,1.00
2004-07-16 17:00:00,26.05,2.45,23.09,0.50,26.02,0.90,25.12,5.80,8.41,0.29,0.00,1.00
2004-07-16 18:00:00,0.00,0.00,0.00,0.00,0.00,0.00,0.00,0.00,7.48,0.51,1.00,0.00
2004-07-16 19:00:00,0.00,0.00,0.00,0.00,0.00,0.00,0.00,0.00,6.75,0.72,1.00,0.00
2004-07-16 20:00:00,0.00,0.00,0.00,0.00,0.00,0.00,0.00,0.00,5.96,0.84,1.00,0.00
2004-07-16 21:00:00,0.00,0.00,0.00,0.00,0.00,0.00,0.00,0.00,5.40,0.89,1.00,0.00
2004-07-16 22:00:00,0.00,0.00,0.00,0.00,0.00,0.00,0.00,0.00,4.87,0.91,1.00,0.00
2004-07-16 23:00:00,0.00,0.00,0.00,0.00,0.00,0.00,0.00,0.00,4.59,0.86,1.00,0.00
2004-07-17 00:00:00,0.00,0.00,0.00,0.00,0.00,0.00,0.00,0.00,4.39,0.76,1.00,0.00
2004-07-17 01:00:00,0.00,0.00,0.00,0.00,0.00,0.00,0.00,0.00,4.28,0.83,1.00,0.00
2004-07-17 02:00:00,0.00,0.00,0.00,0.00,0.00,0.00,0.00,0.00,4.01,0.69,1.00,0.00
2004-07-17 03:00:00,0.00,0.00,0.00,0.00,0.00,0.00,0.00,0.00,4.51,0.71,1.00,0.00
2004-07-17 04:00:00,0.00,0.00,0.00,0.00,0.00,0.00,0.00,0.00,5.03,0.56,1.00,0.00
2004-07-17 05:00:00,0.00,0.00,0.00,0.00,0.00,0.00,0.00,0.00,5.87,0.59,1.00,0.00
2004-07-17 06:00:00,0.00,0.00,0.00,0.00,0.00,0.00,0.00,0.00,6.15,0.40,1.00,0.00
2004-07-17 07:00:00,0.00,0.00,0.00,0.00,0.00,0.00,0.00,0.00,6.66,0.59,1.00,0.00
2004-07-17 08:00:00,5.20,0.00,5.09,0.11,5.54,0.00,5.54,0.00,7.22,0.40,1.00,1.00
2004-07-17 09:00:00,67.06,3.42,62.29,1.34,69.28,1.52,67.76,6.80,8.40,0.39,0.00,1.00
2004-07-17 10:00:00,94.96,5.50,87.56,1.90,98.26,3.02,95.24,7.98,12.63,0.37,0.00,1.00
2004-07-17 11:00:00,235.90,7.00,224.10,4.80,247.94,4.18,243.76,8.46,15.42,0.66,0.00,1.00
2004-07-17 12:00:00,279.43,7.89,265.85,5.69,294.06,4.88,289.18,8.68,17.23,0.92,0.00,1.00
2004-07-17 13:00:00,224.14,8.09,211.50,4.55,235.10,5.04,230.06,8.70,18.29,1.01,0.00,1.00
2004-07-17 14:00:00,835.49,761.13,63.99,10.38,536.12,466.52,69.60,859.80,18.84,1.01,0.00,0.00
2004-07-17 15:00:00,95.05,6.48,86.67,1.90,98.06,3.78,94.28,8.29,18.20,0.93,0.00,1.00
2004-07-17 16:00:00,526.82,474.19,46.87,5.76,297.76,246.78,50.98,760.70,16.33,0.53,0.00,0.00
2004-07-17 17:00:00,282.09,249.81,29.86,2.43,125.38,92.90,32.48,590.60,14.21,0.29,0.00,0.00
2004-07-17 18:00:00,0.00,0.00,0.00,0.00,0.00,0.00,0.00,0.00,12.92,0.47,1.00,0.00
2004-07-17 19:00:00,0.00,0.00,0.00,0.00,0.00,0.00,0.00,0.00,11.69,0.74,1.00,0.00
2004-07-17 20:00:00,0.00,0.00,0.00,0.00,0.00,0.00,0.00,0.00,10.43,1.15,1.00,0.00
2004-07-17 21:00:00,0.00,0.00,0.00,0.00,0.00,0.00,0.00,0.00,9.47,1.13,1.00,0.00
2004-07-17 22:00:00,0.00,0.00,0.00,0.00,0.00,0.00,0.00,0.00,8.55,1.27,1.00,0.00
2004-07-17 23:00:00,0.00,0.00,0.00,0.00,0.00,0.00,0.00,0.00,7.77,1.17,1.00,0.00
2004-07-18 00:00:00,0.00,0.00,0.00,0.00,0.00,0.00,0.00,0.00,6.81,1.14,1.00,0.00
2004-07-18 01:00:00,0.00,0.00,0.00,0.00,0.00,0.00,0.00,0.00,5.86,1.16,1.00,0.00
2004-07-18 02:00:00,0.00,0.00,0.00,0.00,0.00,0.00,0.00,0.00,5.15,1.07,1.00,0.00
2004-07-18 03:00:00,0.00,0.00,0.00,0.00,0.00,0.00,0.00,0.00,4.55,0.83,1.00,0.00
2004-07-18 04:00:00,0.00,0.00,0.00,0.00,0.00,0.00,0.00,0.00,4.18,0.73,1.00,0.00
2004-07-18 05:00:00,0.00,0.00,0.00,0.00,0.00,0.00,0.00,0.00,3.90,0.61,1.00,0.00
2004-07-18 06:00:00,0.00,0.00,0.00,0.00,0.00,0.00,0.00,0.00,3.27,0.74,1.00,0.00
2004-07-18 07:00:00,0.00,0.00,0.00,0.00,0.00,0.00,0.00,0.00,4.17,0.57,1.00,0.00
2004-07-18 08:00:00,5.58,0.00,5.46,0.12,5.94,0.00,5.94,0.00,6.60,0.55,1.00,1.00
2004-07-18 09:00:00,80.80,3.44,75.73,1.62,83.92,1.54,82.38,6.84,10.82,0.34,0.00,1.00
2004-07-18 10:00:00,140.31,5.47,132.00,2.84,146.60,3.02,143.58,7.94,13.98,0.28,0.00,1.00
2004-07-18 11:00:00,766.62,696.55,60.71,9.36,483.50,417.46,66.04,841.29,16.72,0.64,0.00,0.00
2004-07-18 12:00:00,860.10,783.70,65.60,10.80,557.72,486.36,71.36,861.08,19.29,0.80,0.00,0.00
2004-07-18 13:00:00,881.19,803.34,66.73,11.13,574.88,502.30,72.58,863.72,20.42,0.91,0.00,0.00
2004-07-18 14:00:00,132.27,7.54,122.07,2.66,137.42,4.64,132.78,8.51,21.24,0.82,0.00,1.00
2004-07-18 15:00:00,131.66,6.38,122.62,2.65,137.12,3.74,133.38,8.16,20.72,0.85,0.00,1.00
2004-07-18 16:00:00,33.85,4.66,28.54,0.65,33.48,2.44,31.04,7.47,18.82,0.56,0.00,1.00
2004-07-18 17:00:00,278.05,245.51,30.12,2.42,125.20,92.44,32.76,579.43,17.29,0.48,0.00,0.00
2004-07-18 18:00:00,0.00,0.00,0.00,0.00,0.00,0.00,0.00,0.00,15.10,0.67,1.00,0.00
2004-07-18 19:00:00,0.00,0.00,0.00,0.00,0.00,0.00,0.00,0.00,13.54,0.77,1.00,0.00
2004-07-18 20:00:00,0.00,0.00,0.00,0.00,0.00,0.00,0.00,0.00,12.24,1.05,1.00,0.00
2004-07-18 21:00:00,0.00,0.00,0.00,0.00,0.00,0.00,0.00,0.00,11.29,1.07,1.00,0.00
2004-07-18 22:00:00,0.00,0.00,0.00,0.00,0.00,0.00,0.00,0.00,10.20,1.04,1.00,0.00
2004-07-18 23:00:00,0.00,0.00,0.00,0.00,0.00,0.00,0.00,0.00,9.46,0.90,1.00,0.00
2004-07-19 00:00:00,0.00,0.00,0.00,0.00,0.00,0.00,0.00,0.00,8.63,0.75,1.00,0.00
2004-07-19 01:00:00,0.00,0.00,0.00,0.00,0.00,0.00,0.00,0.00,8.03,0.75,1.00,0.00
2004-07-19 02:00:00,0.00,0.00,0.00,0.00,0.00,0.00,0.00,0.00,7.65,0.69,1.00,0.00
2004-07-19 03:00:00,0.00,0.00,0.00,0.00,0.00,0.00,0.00,0.00,6.87,0.47,1.00,0.00
2004-07-19 04:00:00,0.00,0.00,0.00,0.00,0.00,0.00,0.00,0.00,6.41,0.54,1.00,0.00
2004-07-19 05:00:00,0.00,0.00,0.00,0.00,0.00,0.00,0.00,0.00,6.33,0.48,1.00,0.00
2004-07-19 06:00:00,0.00,0.00,0.00,0.00,0.00,0.00,0.00,0.00,5.53,0.42,1.00,0.00
2004-07-19 07:00:00,0.00,0.00,0.00,0.00,0.00,0.00,0.00,0.00,4.84,0.42,1.00,0.00
2004-07-19 08:00:00,4.98,0.00,4.87,0.10,5.30,0.00,5.30,0.00,6.12,0.25,1.00,1.00
2004-07-19 09:00:00,48.29,3.37,43.96,0.96,49.34,1.52,47.82,6.69,8.50,0.12,0.00,1.00
2004-07-19 10:00:00,131.10,5.37,123.08,2.65,136.86,2.98,133.88,7.79,11.63,0.27,0.00,1.00
2004-07-19 11:00:00,204.54,6.88,193.50,4.15,214.62,4.14,210.48,8.30,13.96,0.65,0.00,1.00
2004-07-19 12:00:00,854.18,777.97,65.46,10.76,555.62,484.42,71.20,853.73,16.13,0.79,0.00,0.00
2004-07-19 13:00:00,291.14,8.00,277.20,5.93,306.54,5.02,301.52,8.59,17.38,0.92,0.00,1.00
2004-07-19 14:00:00,263.15,7.55,250.24,5.36,276.86,4.66,272.20,8.51,18.02,1.03,0.00,1.00
2004-07-19 15:00:00,709.83,643.57,57.72,8.55,441.42,378.64,62.78,821.67,17.27,0.95,0.00,0.00
2004-07-19 16:00:00,526.01,473.02,47.18,5.81,300.34,249.02,51.32,756.45,15.81,0.60,0.00,0.00
2004-07-19 17:00:00,283.86,250.96,30.41,2.49,128.80,95.72,33.08,591.05,14.47,0.39,0.00,0.00
2004-07-19 18:00:00,0.00,0.00,0.00,0.00,0.00,0.00,0.00,0.00,12.90,0.60,1.00,0.00
2004-07-19 19:00:00,0.00,0.00,0.00,0.00,0.00,0.00,0.00,0.00,11.48,0.67,1.00,0.00
2004-07-19 20:00:00,0.00,0.00,0.00,0.00,0.00,0.00,0.00,0.00,10.27,0.75,1.00,0.00
2004-07-19 21:00:00,0.00,0.00,0.00,0.00,0.00,0.00,0.00,0.00,9.35,0.78,1.00,0.00
2004-07-19 22:00:00,0.00,0.00,0.00,0.00,0.00,0.00,0.00,0.00,8.72,0.76,1.00,0.00
2004-07-19 23:00:00,0.00,0.00,0.00,0.00,0.00,0.00,0.00,0.00,8.27,0.82,1.00,0.00
2004-07-20 00:00:00,0.00,0.00,0.00,0.00,0.00,0.00,0.00,0.00,8.14,0.87,1.00,0.00
2004-07-20 01:00:00,0.00,0.00,0.00,0.00,0.00,0.00,0.00,0.00,8.26,0.79,1.00,0.00
2004-07-20 02:00:00,0.00,0.00,0.00,0.00,0.00,0.00,0.00,0.00,8.03,0.76,1.00,0.00
2004-07-20 03:00:00,0.00,0.00,0.00,0.00,0.00,0.00,0.00,0.00,7.41,0.77,1.00,0.00
2004-07-20 04:00:00,0.00,0.00,0.00,0.00,0.00,0.00,0.00,0.00,7.58,0.66,1.00,0.00
2004-07-20 05:00:00,0.00,0.00,0.00,0.00,0.00,0.00,0.00,0.00,7.59,0.60,1.00,0.00
2004-07-20 06:00:00,0.00,0.00,0.00,0.00,0.00,0.00,0.00,0.00,7.05,0.67,1.00,0.00
2004-07-20 07:00:00,0.00,0.00,0.00,0.00,0.00,0.00,0.00,0.00,6.81,0.62,1.00,0.00
2004-07-20 08:00:00,2.63,0.00,2.57,0.05,2.80,0.00,2.80,0.00,7.38,0.46,1.00,1.00
2004-07-20 09:00:00,16.84,3.43,13.11,0.31,15.82,1.56,14.26,6.80,9.88,0.67,0.00,1.00
2004-07-20 10:00:00,29.84,5.49,23.79,0.56,28.94,3.06,25.88,7.95,11.75,0.39,0.00,1.00
2004-07-20 11:00:00,39.72,6.99,31.97,0.76,39.00,4.22,34.78,8.42,13.05,0.62,0.00,1.00
2004-07-20 12:00:00,69.84,7.84,60.62,1.37,70.84,4.90,65.94,8.60,14.22,0.97,0.00,1.00
2004-07-20 13:00:00,62.66,8.01,53.43,1.22,63.16,5.04,58.12,8.59,14.63,1.25,0.00,1.00
2004-07-20 14:00:00,81.13,7.52,72.00,1.61,82.98,4.66,78.32,8.47,14.62,1.13,0.00,1.00
2004-07-20 15:00:00,166.86,6.36,157.11,3.38,174.66,3.76,170.90,8.11,14.14,1.28,0.00,1.00
2004-07-20 16:00:00,100.23,4.65,93.57,2.02,104.24,2.46,101.78,7.42,12.94,1.00,0.00,1.00
2004-07-20 17:00:00,36.64,2.43,33.48,0.72,37.36,0.94,36.42,5.73,12.24,0.61,0.00,1.00
2004-07-20 18:00:00,0.00,0.00,0.00,0.00,0.00,0.00,0.00,0.00,11.79,0.33,1.00,0.00
2004-07-20 19:00:00,0.00,0.00,0.00,0.00,0.00,0.00,0.00,0.00,11.06,0.09,1.00,0.00
2004-07-20 20:00:00,0.00,0.00,0.00,0.00,0.00,0.00,0.00,0.00,10.18,0.24,1.00,0.00
2004-07-20 21:00:00,0.00,0.00,0.00,0.00,0.00,0.00,0.00,0.00,9.55,0.19,1.00,0.00
2004-07-20 22:00:00,0.00,0.00,0.00,0.00,0.00,0.00,0.00,0.00,9.16,0.31,1.00,0.00
2004-07-20 23:00:00,0.00,0.00,0.00,0.00,0.00,0.00,0.00,0.00,8.97,0.39,1.00,0.00
2004-07-21 00:00:00,0.00,0.00,0.00,0.00,0.00,0.00,0.00,0.00,9.08,0.28,1.00,0.00
2004-07-21 01:00:00,0.00,0.00,0.00,0.00,0.00,0.00,0.00,0.00,8.98,0.31,1.00,0.00
2004-07-21 02:00:00,0.00,0.00,0.00,0.00,0.00,0.00,0.00,0.00,8.41,0.44,1.00,0.00
2004-07-21 03:00:00,0.00,0.00,0.00,0.00,0.00,0.00,0.00,0.00,8.78,0.53,1.00,0.00
2004-07-21 04:00:00,0.00,0.00,0.00,0.00,0.00,0.00,0.00,0.00,9.45,0.67,1.00,0.00
2004-07-21 05:00:00,0.00,0.00,0.00,0.00,0.00,0.00,0.00,0.00,8.86,0.98,1.00,0.00
2004-07-21 06:00:00,0.00,0.00,0.00,0.00,0.00,0.00,0.00,0.00,8.55,1.38,1.00,0.00
2004-07-21 07:00:00,0.00,0.00,0.00,0.00,0.00,0.00,0.00,0.00,8.03,1.10,1.00,0.00
2004-07-21 08:00:00,1.90,0.00,1.86,0.04,2.02,0.00,2.02,0.00,8.39,1.04,1.00,1.00
2004-07-21 09:00:00,30.23,3.36,26.29,0.58,30.14,1.54,28.60,6.65,8.60,0.99,0.00,1.00
2004-07-21 10:00:00,43.22,5.36,37.03,0.84,43.28,3.00,40.28,7.74,9.95,0.66,0.00,1.00
2004-07-21 11:00:00,76.99,6.86,68.60,1.53,78.78,4.16,74.62,8.26,11.68,0.89,0.00,1.00
2004-07-21 12:00:00,117.02,7.75,106.92,2.35,121.16,4.86,116.30,8.49,12.78,1.44,0.00,1.00
2004-07-21 13:00:00,130.15,7.98,119.55,2.62,135.08,5.04,130.04,8.55,12.82,1.48,0.00,1.00
2004-07-21 14:00:00,118.91,7.53,109.00,2.39,123.24,4.68,118.56,8.46,12.88,1.39,0.00,1.00
2004-07-21 15:00:00,137.10,6.40,127.93,2.77,142.96,3.80,139.16,8.15,12.37,1.15,0.00,1.00
2004-07-21 16:00:00,84.40,4.73,77.98,1.69,87.34,2.52,84.82,7.54,11.35,0.83,0.00,1.00
2004-07-21 17:00:00,32.17,2.51,29.03,0.63,32.56,0.98,31.58,5.88,10.75,0.42,0.00,1.00
2004-07-21 18:00:00,0.00,0.00,0.00,0.00,0.00,0.00,0.00,0.00,9.99,0.26,1.00,0.00
2004-07-21 19:00:00,0.00,0.00,0.00,0.00,0.00,0.00,0.00,0.00,9.06,0.55,1.00,0.00
2004-07-21 20:00:00,0.00,0.00,0.00,0.00,0.00,0.00,0.00,0.00,8.30,0.61,1.00,0.00
2004-07-21 21:00:00,0.00,0.00,0.00,0.00,0.00,0.00,0.00,0.00,7.54,0.60,1.00,0.00
2004-07-21 22:00:00,0.00,0.00,0.00,0.00,0.00,0.00,0.00,0.00,6.94,0.65,1.00,0.00
2004-07-21 23:00:00,0.00,0.00,0.00,0.00,0.00,0.00,0.00,0.00,6.74,0.72,1.00,0.00
2004-07-22 00:00:00,0.00,0.00,0.00,0.00,0.00,0.00,0.00,0.00,6.41,0.67,1.00,0.00
2004-07-22 01:00:00,0.00,0.00,0.00,0.00,0.00,0.00,0.00,0.00,6.06,0.98,1.00,0.00
2004-07-22 02:00:00,0.00,0.00,0.00,0.00,0.00,0.00,0.00,0.00,5.86,1.17,1.00,0.00
2004-07-22 03:00:00,0.00,0.00,0.00,0.00,0.00,0.00,0.00,0.00,5.85,1.01,1.00,0.00
2004-07-22 04:00:00,0.00,0.00,0.00,0.00,0.00,0.00,0.00,0.00,5.96,0.66,1.00,0.00
2004-07-22 05:00:00,0.00,0.00,0.00,0.00,0.00,0.00,0.00,0.00,6.51,0.49,1.00,0.00
2004-07-22 06:00:00,0.00,0.00,0.00,0.00,0.00,0.00,0.00,0.00,6.55,0.51,1.00,0.00
2004-07-22 07:00:00,0.00,0.00,0.00,0.00,0.00,0.00,0.00,0.00,6.29,0.53,1.00,0.00
2004-07-22 08:00:00,3.60,0.00,3.53,0.07,3.84,0.00,3.84,0.00,6.45,0.38,1.00,1.00
2004-07-22 09:00:00,35.45,3.50,31.26,0.69,35.62,1.62,34.00,6.93,7.42,0.57,0.00,1.00
2004-07-22 10:00:00,44.73,5.51,38.35,0.87,44.82,3.10,41.72,7.95,8.75,0.09,0.00,1.00
2004-07-22 11:00:00,70.78,7.00,62.39,1.40,72.12,4.26,67.86,8.41,10.31,0.35,0.00,1.00
2004-07-22 12:00:00,70.87,7.88,61.60,1.39,71.96,4.96,67.00,8.62,11.58,0.48,0.00,1.00
2004-07-22 13:00:00,128.58,8.08,117.91,2.58,133.38,5.12,128.26,8.64,11.79,0.79,0.00,1.00
2004-07-22 14:00:00,102.87,7.60,93.22,2.05,106.14,4.74,101.40,8.52,11.73,0.62,0.00,1.00
2004-07-22 15:00:00,714.64,647.80,58.14,8.70,449.36,386.12,63.24,823.54,11.52,0.76,0.00,0.00
2004-07-22 16:00:00,68.30,4.77,62.17,1.36,70.18,2.56,67.62,7.60,10.50,0.66,0.00,1.00
2004-07-22 17:00:00,26.98,2.58,23.88,0.52,27.00,1.02,25.98,6.04,9.53,0.39,0.00,1.00
2004-07-22 18:00:00,0.00,0.00,0.00,0.00,0.00,0.00,0.00,0.00,8.88,0.19,1.00,0.00
2004-07-22 19:00:00,0.00,0.00,0.00,0.00,0.00,0.00,0.00,0.00,8.41,0.39,1.00,0.00
2004-07-22 20:00:00,0.00,0.00,0.00,0.00,0.00,0.00,0.00,0.00,8.54,0.44,1.00,0.00
2004-07-22 21:00:00,0.00,0.00,0.00,0.00,0.00,0.00,0.00,0.00,8.25,0.58,1.00,0.00
2004-07-22 22:00:00,0.00,0.00,0.00,0.00,0.00,0.00,0.00,0.00,7.75,0.70,1.00,0.00
2004-07-22 23:00:00,0.00,0.00,0.00,0.00,0.00,0.00,0.00,0.00,7.83,0.47,1.00,0.00
2004-07-23 00:00:00,0.00,0.00,0.00,0.00,0.00,0.00,0.00,0.00,8.00,0.44,1.00,0.00
2004-07-23 01:00:00,0.00,0.00,0.00,0.00,0.00,0.00,0.00,0.00,7.78,0.42,1.00,0.00
2004-07-23 02:00:00,0.00,0.00,0.00,0.00,0.00,0.00,0.00,0.00,7.62,0.35,1.00,0.00
2004-07-23 03:00:00,0.00,0.00,0.00,0.00,0.00,0.00,0.00,0.00,7.62,0.37,1.00,0.00
2004-07-23 04:00:00,0.00,0.00,0.00,0.00,0.00,0.00,0.00,0.00,7.56,0.31,1.00,0.00
2004-07-23 05:00:00,0.00,0.00,0.00,0.00,0.00,0.00,0.00,0.00,7.86,0.40,1.00,0.00
2004-07-23 06:00:00,0.00,0.00,0.00,0.00,0.00,0.00,0.00,0.00,7.26,0.24,1.00,0.00
2004-07-23 07:00:00,0.00,0.00,0.00,0.00,0.00,0.00,0.00,0.00,7.49,0.26,1.00,0.00
2004-07-23 08:00:00,12.56,0.00,12.30,0.26,13.38,0.00,13.38,0.00,9.23,0.35,1.00,0.00
2004-07-23 09:00:00,390.95,348.32,38.67,3.96,204.68,162.62,42.06,688.60,11.09,0.27,0.00,0.00
2004-07-23 10:00:00,615.32,555.41,52.71,7.20,371.74,314.40,57.34,801.35,12.67,0.49,0.00,0.00
2004-07-23 11:00:00,781.72,710.22,61.80,9.70,501.26,434.04,67.22,852.66,14.51,0.69,0.00,0.00
2004-07-23 12:00:00,880.95,802.84,66.89,11.22,579.68,506.92,72.76,876.59,15.82,0.85,0.00,0.00
2004-07-23 13:00:00,906.99,827.21,68.16,11.62,600.20,526.06,74.14,883.56,16.39,0.90,0.00,0.00
2004-07-23 14:00:00,858.57,782.07,65.64,10.86,561.16,489.76,71.40,876.29,16.88,0.98,0.00,0.00
2004-07-23 15:00:00,736.99,668.73,59.26,9.00,464.92,400.46,64.46,848.83,16.10,1.04,0.00,0.00
2004-07-23 16:00:00,550.27,495.41,48.65,6.20,320.30,267.38,52.92,787.43,14.25,0.97,0.00,0.00
2004-07-23 17:00:00,305.12,270.43,31.92,2.77,143.16,108.44,34.72,632.62,11.83,0.94,0.00,0.00
2004-07-23 18:00:00,0.00,0.00,0.00,0.00,0.00,0.00,0.00,0.00,9.70,0.71,1.00,0.00
2004-07-23 19:00:00,0.00,0.00,0.00,0.00,0.00,0.00,0.00,0.00,8.07,0.89,1.00,0.00
2004-07-23 20:00:00,0.00,0.00,0.00,0.00,0.00,0.00,0.00,0.00,6.95,0.92,1.00,0.00
2004-07-23 21:00:00,0.00,0.00,0.00,0.00,0.00,0.00,0.00,0.00,6.24,0.91,1.00,0.00
2004-07-23 22:00:00,0.00,0.00,0.00,0.00,0.00,0.00,0.00,0.00,5.43,0.95,1.00,0.00
2004-07-23 23:00:00,0.00,0.00,0.00,0.00,0.00,0.00,0.00,0.00,6.05,1.04,1.00,0.00
2004-07-24 00:00:00,0.00,0.00,0.00,0.00,0.00,0.00,0.00,0.00,6.83,0.94,1.00,0.00
2004-07-24 01:00:00,0.00,0.00,0.00,0.00,0.00,0.00,0.00,0.00,6.89,0.83,1.00,0.00
2004-07-24 02:00:00,0.00,0.00,0.00,0.00,0.00,0.00,0.00,0.00,7.00,0.80,1.00,0.00
2004-07-24 03:00:00,0.00,0.00,0.00,0.00,0.00,0.00,0.00,0.00,7.52,0.74,1.00,0.00
2004-07-24 04:00:00,0.00,0.00,0.00,0.00,0.00,0.00,0.00,0.00,8.59,0.60,1.00,0.00
2004-07-24 05:00:00,0.00,0.00,0.00,0.00,0.00,0.00,0.00,0.00,9.08,0.53,1.00,0.00
2004-07-24 06:00:00,0.00,0.00,0.00,0.00,0.00,0.00,0.00,0.00,9.04,0.36,1.00,0.00
2004-07-24 07:00:00,0.00,0.00,0.00,0.00,0.00,0.00,0.00,0.00,8.82,0.51,1.00,0.00
2004-07-24 08:00:00,2.16,0.00,2.11,0.04,2.30,0.00,2.30,0.00,9.00,0.34,1.00,1.00
2004-07-24 09:00:00,19.68,3.52,15.79,0.36,18.84,1.66,17.18,6.96,11.30,0.19,0.00,1.00
2004-07-24 10:00:00,47.37,5.55,40.89,0.92,47.64,3.16,44.48,8.00,13.26,0.37,0.00,1.00
2004-07-24 11:00:00,153.33,7.07,143.16,3.10,160.06,4.34,155.72,8.48,14.91,0.54,0.00,1.00
2004-07-24 12:00:00,158.19,7.92,147.08,3.19,165.00,5.02,159.98,8.64,15.94,0.94,0.00,1.00
2004-07-24 13:00:00,95.27,8.12,85.26,1.90,97.92,5.18,92.74,8.66,15.89,0.97,0.00,1.00
2004-07-24 14:00:00,144.88,7.60,134.35,2.92,150.92,4.78,146.14,8.51,15.64,1.08,0.00,1.00
2004-07-24 15:00:00,95.34,6.45,86.99,1.91,98.50,3.88,94.62,8.18,15.02,1.10,0.00,1.00
2004-07-24 16:00:00,118.16,4.75,111.02,2.39,123.34,2.58,120.76,7.54,14.02,0.75,0.00,1.00
2004-07-24 17:00:00,288.30,254.17,31.48,2.66,137.44,103.20,34.24,593.72,12.97,0.51,0.00,0.00
2004-07-24 18:00:00,0.00,0.00,0.00,0.00,0.00,0.00,0.00,0.00,11.85,0.63,1.00,0.00
2004-07-24 19:00:00,0.00,0.00,0.00,0.00,0.00,0.00,0.00,0.00,11.29,0.49,1.00,0.00
2004-07-24 20:00:00,0.00,0.00,0.00,0.00,0.00,0.00,0.00,0.00,10.63,0.56,1.00,0.00
2004-07-24 21:00:00,0.00,0.00,0.00,0.00,0.00,0.00,0.00,0.00,10.22,0.49,1.00,0.00
2004-07-24 22:00:00,0.00,0.00,0.00,0.00,0.00,0.00,0.00,0.00,10.15,0.50,1.00,0.00
2004-07-24 23:00:00,0.00,0.00,0.00,0.00,0.00,0.00,0.00,0.00,10.04,0.68,1.00,0.00
2004-07-25 00:00:00,0.00,0.00,0.00,0.00,0.00,0.00,0.00,0.00,9.72,0.59,1.00,0.00
2004-07-25 01:00:00,0.00,0.00,0.00,0.00,0.00,0.00,0.00,0.00,9.45,0.54,1.00,0.00
2004-07-25 02:00:00,0.00,0.00,0.00,0.00,0.00,0.00,0.00,0.00,9.32,0.61,1.00,0.00
2004-07-25 03:00:00,0.00,0.00,0.00,0.00,0.00,0.00,0.00,0.00,9.24,0.62,1.00,0.00
2004-07-25 04:00:00,0.00,0.00,0.00,0.00,0.00,0.00,0.00,0.00,9.22,0.40,1.00,0.00
2004-07-25 05:00:00,0.00,0.00,0.00,0.00,0.00,0.00,0.00,0.00,8.96,0.57,1.00,0.00
2004-07-25 06:00:00,0.00,0.00,0.00,0.00,0.00,0.00,0.00,0.00,8.11,0.73,1.00,0.00
2004-07-25 07:00:00,0.00,0.00,0.00,0.00,0.00,0.00,0.00,0.00,7.52,0.66,1.00,0.00
2004-07-25 08:00:00,4.47,0.00,4.38,0.09,4.76,0.00,4.76,0.00,8.04,0.34,1.00,1.00
2004-07-25 09:00:00,24.77,3.45,20.85,0.47,24.32,1.64,22.68,6.80,9.31,0.25,0.00,1.00
2004-07-25 10:00:00,46.96,5.49,40.56,0.91,47.26,3.14,44.12,7.89,10.42,0.32,0.00,1.00
2004-07-25 11:00:00,42.84,7.01,35.01,0.82,42.40,4.32,38.08,8.39,11.19,0.58,0.00,1.00
2004-07-25 12:00:00,46.26,7.86,37.51,0.89,45.80,5.00,40.80,8.56,11.74,0.84,0.00,1.00
2004-07-25 13:00:00,47.60,8.06,38.63,0.91,47.18,5.16,42.02,8.58,11.33,0.97,0.00,1.00
2004-07-25 14:00:00,74.07,7.57,65.03,1.46,75.52,4.78,70.74,8.46,11.67,0.77,0.00,1.00
2004-07-25 15:00:00,47.29,6.42,39.95,0.92,47.34,3.88,43.46,8.13,11.20,0.99,0.00,1.00
2004-07-25 16:00:00,34.06,4.72,28.68,0.65,33.78,2.58,31.20,7.48,10.35,0.72,0.00,1.00
2004-07-25 17:00:00,287.54,253.25,31.61,2.68,138.50,104.12,34.38,590.83,9.82,0.49,0.00,0.00
2004-07-25 18:00:00,0.00,0.00,0.00,0.00,0.00,0.00,0.00,0.00,9.21,0.72,1.00,0.00
2004-07-25 19:00:00,0.00,0.00,0.00,0.00,0.00,0.00,0.00,0.00,8.66,0.92,1.00,0.00
2004-07-25 20:00:00,0.00,0.00,0.00,0.00,0.00,0.00,0.00,0.00,8.48,0.88,1.00,0.00
2004-07-25 21:00:00,0.00,0.00,0.00,0.00,0.00,0.00,0.00,0.00,8.57,0.68,1.00,0.00
2004-07-25 22:00:00,0.00,0.00,0.00,0.00,0.00,0.00,0.00,0.00,8.76,0.69,1.00,0.00
2004-07-25 23:00:00,0.00,0.00,0.00,0.00,0.00,0.00,0.00,0.00,9.08,0.81,1.00,0.00
2004-07-26 00:00:00,0.00,0.00,0.00,0.00,0.00,0.00,0.00,0.00,9.30,0.76,1.00,0.00
2004-07-26 01:00:00,0.00,0.00,0.00,0.00,0.00,0.00,0.00,0.00,9.42,0.86,1.00,0.00
2004-07-26 02:00:00,0.00,0.00,0.00,0.00,0.00,0.00,0.00,0.00,9.34,0.71,1.00,0.00
2004-07-26 03:00:00,0.00,0.00,0.00,0.00,0.00,0.00,0.00,0.00,8.11,0.95,1.00,0.00
2004-07-26 04:00:00,0.00,0.00,0.00,0.00,0.00,0.00,0.00,0.00,7.94,1.06,1.00,0.00
2004-07-26 05:00:00,0.00,0.00,0.00,0.00,0.00,0.00,0.00,0.00,7.62,1.03,1.00,0.00
2004-07-26 06:00:00,0.00,0.00,0.00,0.00,0.00,0.00,0.00,0.00,6.47,1.16,1.00,0.00
2004-07-26 07:00:00,0.00,0.00,0.00,0.00,0.00,0.00,0.00,0.00,6.64,0.85,1.00,0.00
2004-07-26 08:00:00,3.17,0.00,3.11,0.07,3.38,0.00,3.38,0.00,7.72,0.63,1.00,1.00
2004-07-26 09:00:00,30.12,3.50,26.04,0.58,30.00,1.68,28.32,6.90,9.84,0.33,0.00,1.00
2004-07-26 10:00:00,57.68,5.56,50.99,1.14,58.66,3.20,55.46,7.99,11.50,0.13,0.00,1.00
2004-07-26 11:00:00,81.62,7.08,72.92,1.62,83.70,4.38,79.32,8.46,12.78,0.54,0.00,1.00
2004-07-26 12:00:00,100.33,7.95,90.37,2.00,103.38,5.08,98.30,8.65,13.81,0.79,0.00,1.00
2004-07-26 13:00:00,111.63,8.12,101.27,2.23,115.38,5.22,110.16,8.64,13.37,0.98,0.00,1.00
2004-07-26 14:00:00,123.62,7.64,113.50,2.48,128.30,4.84,123.46,8.52,12.83,0.70,0.00,1.00
2004-07-26 15:00:00,99.63,6.49,91.14,2.00,103.08,3.94,99.14,8.20,12.25,0.82,0.00,1.00
2004-07-26 16:00:00,530.81,476.32,48.39,6.09,314.68,262.04,52.64,753.88,11.04,0.81,0.00,0.00
2004-07-26 17:00:00,291.35,256.52,32.08,2.74,141.74,106.84,34.90,597.53,9.78,0.60,0.00,0.00
2004-07-26 18:00:00,0.00,0.00,0.00,0.00,0.00,0.00,0.00,0.00,8.47,0.74,1.00,0.00
2004-07-26 19:00:00,0.00,0.00,0.00,0.00,0.00,0.00,0.00,0.00,7.72,0.56,1.00,0.00
2004-07-26 20:00:00,0.00,0.00,0.00,0.00,0.00,0.00,0.00,0.00,7.26,0.58,1.00,0.00
2004-07-26 21:00:00,0.00,0.00,0.00,0.00,0.00,0.00,0.00,0.00,7.08,0.50,1.00,0.00
2004-07-26 22:00:00,0.00,0.00,0.00,0.00,0.00,0.00,0.00,0.00,7.60,0.72,1.00,0.00
2004-07-26 23:00:00,0.00,0.00,0.00,0.00,0.00,0.00,0.00,0.00,7.78,0.62,1.00,0.00
2004-07-27 00:00:00,0.00,0.00,0.00,0.00,0.00,0.00,0.00,0.00,7.76,0.74,1.00,0.00
2004-07-27 01:00:00,0.00,0.00,0.00,0.00,0.00,0.00,0.00,0.00,8.02,0.69,1.00,0.00
2004-07-27 02:00:00,0.00,0.00,0.00,0.00,0.00,0.00,0.00,0.00,7.86,0.77,1.00,0.00
2004-07-27 03:00:00,0.00,0.00,0.00,0.00,0.00,0.00,0.00,0.00,7.77,0.51,1.00,0.00
2004-07-27 04:00:00,0.00,0.00,0.00,0.00,0.00,0.00,0.00,0.00,8.19,0.43,1.00,0.00
2004-07-27 05:00:00,0.00,0.00,0.00,0.00,0.00,0.00,0.00,0.00,7.97,0.42,1.00,0.00
2004-07-27 06:00:00,0.00,0.00,0.00,0.00,0.00,0.00,0.00,0.00,7.10,0.54,1.00,0.00
2004-07-27 07:00:00,0.00,0.00,0.00,0.00,0.00,0.00,0.00,0.00,6.22,0.35,1.00,0.00
2004-07-27 08:00:00,3.51,0.00,3.44,0.07,3.74,0.00,3.74,0.00,5.23,0.07,1.00,1.00
2004-07-27 09:00:00,17.39,3.39,13.68,0.32,16.52,1.64,14.88,6.66,4.86,0.16,0.00,1.00
2004-07-27 10:00:00,35.98,5.39,29.90,0.69,35.64,3.12,32.52,7.73,5.96,0.35,0.00,1.00
2004-07-27 11:00:00,126.72,6.92,117.25,2.55,131.84,4.30,127.54,8.26,7.23,0.71,0.00,1.00
2004-07-27 12:00:00,46.12,7.80,37.44,0.89,45.72,5.00,40.72,8.47,8.38,1.28,0.00,1.00
2004-07-27 13:00:00,47.61,8.03,38.67,0.91,47.24,5.18,42.06,8.53,8.47,1.30,0.00,1.00
2004-07-27 14:00:00,122.55,7.54,112.55,2.46,127.22,4.80,122.42,8.41,8.63,1.28,0.00,1.00
2004-07-27 15:00:00,96.59,6.46,88.20,1.93,99.88,3.94,95.94,8.15,8.22,1.41,0.00,1.00
2004-07-27 16:00:00,50.10,4.77,44.35,0.99,50.88,2.64,48.24,7.53,8.20,1.12,0.00,1.00
2004-07-27 17:00:00,293.21,258.40,32.03,2.79,143.86,109.02,34.84,601.07,7.72,0.55,0.00,0.00
2004-07-27 18:00:00,0.00,0.00,0.00,0.00,0.00,0.00,0.00,0.00,7.57,0.42,1.00,0.00
2004-07-27 19:00:00,0.00,0.00,0.00,0.00,0.00,0.00,0.00,0.00,7.43,0.32,1.00,0.00
2004-07-27 20:00:00,0.00,0.00,0.00,0.00,0.00,0.00,0.00,0.00,7.92,0.56,1.00,0.00
2004-07-27 21:00:00,0.00,0.00,0.00,0.00,0.00,0.00,0.00,0.00,7.99,0.33,1.00,0.00
2004-07-27 22:00:00,0.00,0.00,0.00,0.00,0.00,0.00,0.00,0.00,8.11,0.42,1.00,0.00
2004-07-27 23:00:00,0.00,0.00,0.00,0.00,0.00,0.00,0.00,0.00,7.61,0.29,1.00,0.00
2004-07-28 00:00:00,0.00,0.00,0.00,0.00,0.00,0.00,0.00,0.00,6.90,0.36,1.00,0.00
2004-07-28 01:00:00,0.00,0.00,0.00,0.00,0.00,0.00,0.00,0.00,6.60,0.49,1.00,0.00
2004-07-28 02:00:00,0.00,0.00,0.00,0.00,0.00,0.00,0.00,0.00,6.24,0.67,1.00,0.00
2004-07-28 03:00:00,0.00,0.00,0.00,0.00,0.00,0.00,0.00,0.00,5.24,0.67,1.00,0.00
2004-07-28 04:00:00,0.00,0.00,0.00,0.00,0.00,0.00,0.00,0.00,5.08,0.86,1.00,0.00
2004-07-28 05:00:00,0.00,0.00,0.00,0.00,0.00,0.00,0.00,0.00,4.75,0.78,1.00,0.00
2004-07-28 06:00:00,0.00,0.00,0.00,0.00,0.00,0.00,0.00,0.00,4.24,0.72,1.00,0.00
2004-07-28 07:00:00,0.00,0.00,0.00,0.00,0.00,0.00,0.00,0.00,4.07,0.44,1.00,0.00
2004-07-28 08:00:00,9.67,0.00,9.47,0.20,10.30,0.00,10.30,0.00,5.23,0.26,1.00,1.00
2004-07-28 09:00:00,75.70,3.56,70.62,1.52,78.56,1.74,76.82,6.99,7.64,0.30,0.00,1.00
2004-07-28 10:00:00,134.83,5.60,126.50,2.73,140.86,3.26,137.60,8.02,9.32,0.29,0.00,1.00
2004-07-28 11:00:00,89.36,7.14,80.44,1.78,91.96,4.46,87.50,8.51,11.21,0.80,0.00,1.00
2004-07-28 12:00:00,206.70,8.05,194.46,4.20,216.70,5.18,211.52,8.72,12.27,0.95,0.00,1.00
2004-07-28 13:00:00,253.62,8.27,240.19,5.16,266.62,5.36,261.26,8.77,12.66,1.08,0.00,1.00
2004-07-28 14:00:00,857.15,779.73,66.38,11.04,570.32,498.12,72.20,867.58,13.22,1.06,0.00,0.00
2004-07-28 15:00:00,735.41,666.22,60.01,9.17,473.70,408.42,65.28,839.79,12.76,1.37,0.00,0.00
2004-07-28 16:00:00,549.45,493.56,49.52,6.37,328.98,275.12,53.86,779.05,11.48,1.21,0.00,0.00
2004-07-28 17:00:00,307.47,271.41,33.11,2.94,152.00,115.98,36.02,630.49,9.31,0.95,0.00,0.00
2004-07-28 18:00:00,0.00,0.00,0.00,0.00,0.00,0.00,0.00,0.00,7.45,0.56,1.00,0.00
2004-07-28 19:00:00,0.00,0.00,0.00,0.00,0.00,0.00,0.00,0.00,6.21,0.75,1.00,0.00
2004-07-28 20:00:00,0.00,0.00,0.00,0.00,0.00,0.00,0.00,0.00,5.38,0.69,1.00,0.00
2004-07-28 21:00:00,0.00,0.00,0.00,0.00,0.00,0.00,0.00,0.00,4.91,0.64,1.00,0.00
2004-07-28 22:00:00,0.00,0.00,0.00,0.00,0.00,0.00,0.00,0.00,4.16,0.74,1.00,0.00
2004-07-28 23:00:00,0.00,0.00,0.00,0.00,0.00,0.00,0.00,0.00,3.84,0.68,1.00,0.00
2004-07-29 00:00:00,0.00,0.00,0.00,0.00,0.00,0.00,0.00,0.00,3.51,0.61,1.00,0.00
2004-07-29 01:00:00,0.00,0.00,0.00,0.00,0.00,0.00,0.00,0.00,3.04,0.53,1.00,0.00
2004-07-29 02:00:00,0.00,0.00,0.00,0.00,0.00,0.00,0.00,0.00,2.74,0.46,1.00,0.00
2004-07-29 03:00:00,0.00,0.00,0.00,0.00,0.00,0.00,0.00,0.00,2.61,0.49,1.00,0.00
2004-07-29 04:00:00,0.00,0.00,0.00,0.00,0.00,0.00,0.00,0.00,2.02,0.43,1.00,0.00
2004-07-29 05:00:00,0.00,0.00,0.00,0.00,0.00,0.00,0.00,0.00,1.32,0.51,1.00,0.00
2004-07-29 06:00:00,0.00,0.00,0.00,0.00,0.00,0.00,0.00,0.00,0.43,0.77,1.00,0.00
2004-07-29 07:00:00,0.00,0.00,0.00,0.00,0.00,0.00,0.00,0.00,1.19,0.82,1.00,0.00
2004-07-29 08:00:00,16.37,0.00,16.03,0.34,17.44,0.00,17.44,0.00,3.39,0.66,1.00,0.00
2004-07-29 09:00:00,431.83,385.88,41.39,4.56,235.52,190.50,45.02,756.25,6.69,0.28,0.00,0.00
2004-07-29 10:00:00,660.80,597.43,55.44,7.94,410.18,349.88,60.30,854.52,10.10,0.05,0.00,0.00
2004-07-29 11:00:00,829.04,753.98,64.54,10.52,543.26,473.06,70.20,897.47,12.94,0.37,0.00,0.00
2004-07-29 12:00:00,924.31,842.84,69.46,12.01,620.24,544.68,75.56,912.48,15.60,0.63,0.00,0.00
2004-07-29 13:00:00,944.58,861.74,70.51,12.33,637.14,560.44,76.70,912.75,16.91,0.81,0.00,0.00
2004-07-29 14:00:00,889.10,809.90,67.72,11.49,593.26,519.60,73.66,899.85,17.46,0.99,0.00,0.00
2004-07-29 15:00:00,760.59,689.98,61.10,9.52,491.52,425.06,66.46,868.56,16.70,1.12,0.00,0.00
2004-07-29 16:00:00,568.05,511.07,50.36,6.61,341.64,286.86,54.78,805.59,14.32,0.88,0.00,0.00
2004-07-29 17:00:00,320.21,283.28,33.85,3.09,159.42,122.60,36.82,657.29,11.17,0.53,0.00,0.00
2004-07-29 18:00:00,0.00,0.00,0.00,0.00,0.00,0.00,0.00,0.00,9.35,0.43,1.00,0.00
2004-07-29 19:00:00,0.00,0.00,0.00,0.00,0.00,0.00,0.00,0.00,7.96,0.80,1.00,0.00
2004-07-29 20:00:00,0.00,0.00,0.00,0.00,0.00,0.00,0.00,0.00,7.22,0.74,1.00,0.00
2004-07-29 21:00:00,0.00,0.00,0.00,0.00,0.00,0.00,0.00,0.00,6.29,0.87,1.00,0.00
2004-07-29 22:00:00,0.00,0.00,0.00,0.00,0.00,0.00,0.00,0.00,5.41,0.82,1.00,0.00
2004-07-29 23:00:00,0.00,0.00,0.00,0.00,0.00,0.00,0.00,0.00,4.55,0.93,1.00,0.00
2004-07-30 00:00:00,0.00,0.00,0.00,0.00,0.00,0.00,0.00,0.00,3.75,0.95,1.00,0.00
2004-07-30 01:00:00,0.00,0.00,0.00,0.00,0.00,0.00,0.00,0.00,2.98,1.01,1.00,0.00
2004-07-30 02:00:00,0.00,0.00,0.00,0.00,0.00,0.00,0.00,0.00,2.12,1.10,1.00,0.00
2004-07-30 03:00:00,0.00,0.00,0.00,0.00,0.00,0.00,0.00,0.00,1.35,1.19,1.00,0.00
2004-07-30 04:00:00,0.00,0.00,0.00,0.00,0.00,0.00,0.00,0.00,2.17,1.06,1.00,0.00
2004-07-30 05:00:00,0.00,0.00,0.00,0.00,0.00,0.00,0.00,0.00,2.91,0.97,1.00,0.00
2004-07-30 06:00:00,0.00,0.00,0.00,0.00,0.00,0.00,0.00,0.00,3.57,1.15,1.00,0.00
2004-07-30 07:00:00,0.00,0.00,0.00,0.00,0.00,0.00,0.00,0.00,4.86,0.79,1.00,0.00
2004-07-30 08:00:00,16.93,0.00,16.58,0.35,18.04,0.00,18.04,0.00,6.40,0.77,1.00,0.00
2004-07-30 09:00:00,433.83,387.69,41.52,4.62,238.48,193.32,45.16,758.30,11.14,0.36,0.00,0.00
2004-07-30 10:00:00,661.44,597.99,55.45,7.99,412.68,352.36,60.32,853.94,15.59,0.04,0.00,0.00
2004-07-30 11:00:00,828.67,753.60,64.52,10.56,545.28,475.10,70.18,895.55,19.08,0.49,0.00,0.00
2004-07-30 12:00:00,331.83,8.41,316.64,6.77,349.88,5.46,344.42,9.10,22.38,0.91,0.00,1.00
2004-07-30 13:00:00,941.06,858.34,70.38,12.33,637.08,560.52,76.56,907.80,23.83,0.94,0.00,0.00
2004-07-30 14:00:00,884.41,805.35,67.59,11.47,592.30,518.78,73.52,893.58,23.39,0.93,0.00,0.00
2004-07-30 15:00:00,758.34,687.73,61.08,9.53,492.20,425.76,66.44,864.62,22.92,0.99,0.00,0.00
2004-07-30 16:00:00,567.90,510.80,50.45,6.65,343.48,288.60,54.88,804.22,20.43,0.80,0.00,0.00
2004-07-30 17:00:00,321.78,284.54,34.11,3.13,161.80,124.70,37.10,659.46,17.96,0.45,0.00,0.00
2004-07-30 18:00:00,0.00,0.00,0.00,0.00,0.00,0.00,0.00,0.00,15.55,0.44,1.00,0.00
2004-07-30 19:00:00,0.00,0.00,0.00,0.00,0.00,0.00,0.00,0.00,13.65,0.80,1.00,0.00
2004-07-30 20:00:00,0.00,0.00,0.00,0.00,0.00,0.00,0.00,0.00,11.99,1.02,1.00,0.00
2004-07-30 21:00:00,0.00,0.00,0.00,0.00,0.00,0.00,0.00,0.00,10.52,1.10,1.00,0.00
2004-07-30 22:00:00,0.00,0.00,0.00,0.00,0.00,0.00,0.00,0.00,9.04,1.09,1.00,0.00
2004-07-30 23:00:00,0.00,0.00,0.00,0.00,0.00,0.00,0.00,0.00,8.22,1.13,1.00,0.00
2004-07-31 00:00:00,0.00,0.00,0.00,0.00,0.00,0.00,0.00,0.00,7.33,0.90,1.00,0.00
2004-07-31 01:00:00,0.00,0.00,0.00,0.00,0.00,0.00,0.00,0.00,6.77,0.94,1.00,0.00
2004-07-31 02:00:00,0.00,0.00,0.00,0.00,0.00,0.00,0.00,0.00,6.05,0.80,1.00,0.00
2004-07-31 03:00:00,0.00,0.00,0.00,0.00,0.00,0.00,0.00,0.00,5.44,0.82,1.00,0.00
2004-07-31 04:00:00,0.00,0.00,0.00,0.00,0.00,0.00,0.00,0.00,5.06,0.64,1.00,0.00
2004-07-31 05:00:00,0.00,0.00,0.00,0.00,0.00,0.00,0.00,0.00,4.97,0.67,1.00,0.00
2004-07-31 06:00:00,0.00,0.00,0.00,0.00,0.00,0.00,0.00,0.00,3.28,0.93,1.00,0.00
2004-07-31 07:00:00,0.00,0.00,0.00,0.00,0.00,0.00,0.00,0.00,4.46,0.72,1.00,0.00
2004-07-31 08:00:00,17.59,0.00,17.23,0.36,18.74,0.00,18.74,0.00,6.53,0.55,1.00,0.00
2004-07-31 09:00:00,436.60,390.07,41.85,4.68,241.98,196.46,45.52,761.54,11.10,0.35,0.00,0.00
2004-07-31 10:00:00,661.96,598.26,55.66,8.04,415.20,354.66,60.54,852.95,15.25,0.29,0.00,0.00
2004-07-31 11:00:00,826.76,751.59,64.59,10.58,546.28,476.02,70.26,891.82,18.25,0.55,0.00,0.00
2004-07-31 12:00:00,916.99,835.67,69.32,12.00,619.96,544.56,75.40,901.94,21.05,0.91,0.00,0.00
2004-07-31 13:00:00,362.79,8.51,346.87,7.41,382.88,5.58,377.30,8.99,22.15,0.88,0.00,1.00
2004-07-31 14:00:00,875.99,797.18,67.41,11.40,589.10,515.78,73.32,883.24,21.70,1.03,0.00,0.00
2004-07-31 15:00:00,749.20,678.88,60.86,9.46,488.62,422.42,66.20,852.32,21.15,1.14,0.00,0.00
2004-07-31 16:00:00,119.53,5.03,112.09,2.42,124.78,2.86,121.92,7.91,19.23,0.80,0.00,1.00
2004-07-31 17:00:00,315.44,278.24,34.09,3.11,160.56,123.48,37.08,644.25,16.33,0.56,0.00,0.00
2004-07-31 18:00:00,0.00,0.00,0.00,0.00,0.00,0.00,0.00,0.00,14.91,0.42,1.00,0.00
2004-07-31 19:00:00,0.00,0.00,0.00,0.00,0.00,0.00,0.00,0.00,13.37,0.68,1.00,0.00
2004-07-31 20:00:00,0.00,0.00,0.00,0.00,0.00,0.00,0.00,0.00,12.25,0.90,1.00,0.00
2004-07-31 21:00:00,0.00,0.00,0.00,0.00,0.00,0.00,0.00,0.00,11.42,0.84,1.00,0.00
2004-07-31 22:00:00,0.00,0.00,0.00,0.00,0.00,0.00,0.00,0.00,10.77,0.82,1.00,0.00
2004-07-31 23:00:00,0.00,0.00,0.00,0.00,0.00,0.00,0.00,0.00,10.00,0.96,1.00,0.00
2014-08-01 00:00:00,0.00,0.00,0.00,0.00,0.00,0.00,0.00,0.00,8.18,0.82,1.00,0.00
2014-08-01 01:00:00,0.00,0.00,0.00,0.00,0.00,0.00,0.00,0.00,7.47,1.13,1.00,0.00
2014-08-01 02:00:00,0.00,0.00,0.00,0.00,0.00,0.00,0.00,0.00,7.13,1.13,1.00,0.00
2014-08-01 03:00:00,0.00,0.00,0.00,0.00,0.00,0.00,0.00,0.00,6.81,1.04,1.00,0.00
2014-08-01 04:00:00,0.00,0.00,0.00,0.00,0.00,0.00,0.00,0.00,6.95,0.92,1.00,0.00
2014-08-01 05:00:00,0.00,0.00,0.00,0.00,0.00,0.00,0.00,0.00,7.04,0.86,1.00,0.00
2014-08-01 06:00:00,0.00,0.00,0.00,0.00,0.00,0.00,0.00,0.00,6.72,0.92,1.00,0.00
2014-08-01 07:00:00,0.00,0.00,0.00,0.00,0.00,0.00,0.00,0.00,7.91,0.78,1.00,0.00
2014-08-01 08:00:00,17.07,0.00,16.71,0.35,18.18,0.00,18.18,0.00,11.41,0.40,1.00,0.00
2014-08-01 09:00:00,412.74,367.29,40.98,4.46,230.62,186.04,44.58,716.47,14.65,0.22,0.00,0.00
2014-08-01 10:00:00,636.26,573.82,54.68,7.76,400.86,341.38,59.48,817.27,17.88,0.23,0.00,0.00
2014-08-01 11:00:00,802.13,728.18,63.65,10.29,531.76,462.52,69.24,863.19,20.76,0.54,0.00,0.00
2014-08-01 12:00:00,900.02,819.57,68.64,11.81,610.00,535.34,74.66,883.82,23.37,0.81,0.00,0.00
2014-08-01 13:00:00,924.78,842.73,69.85,12.19,629.80,553.82,75.98,889.26,24.60,0.92,0.00,0.00
2014-08-01 14:00:00,873.36,794.71,67.26,11.40,588.66,515.50,73.16,879.77,24.36,0.89,0.00,0.00
2014-08-01 15:00:00,748.47,678.21,60.79,9.47,489.34,423.22,66.12,850.82,24.02,0.95,0.00,0.00
2014-08-01 16:00:00,559.85,502.96,50.27,6.62,342.00,287.32,54.68,790.26,22.26,0.79,0.00,0.00
2014-08-01 17:00:00,316.76,279.55,34.07,3.14,162.12,125.06,37.06,646.71,20.05,0.60,0.00,0.00
2014-08-01 18:00:00,0.00,0.00,0.00,0.00,0.00,0.00,0.00,0.00,17.25,0.56,1.00,0.00
2014-08-01 19:00:00,0.00,0.00,0.00,0.00,0.00,0.00,0.00,0.00,15.53,0.73,1.00,0.00
2014-08-01 20:00:00,0.00,0.00,0.00,0.00,0.00,0.00,0.00,0.00,14.41,0.62,1.00,0.00
2014-08-01 21:00:00,0.00,0.00,0.00,0.00,0.00,0.00,0.00,0.00,13.50,0.59,1.00,0.00
2014-08-01 22:00:00,0.00,0.00,0.00,0.00,0.00,0.00,0.00,0.00,12.64,0.56,1.00,0.00
2014-08-01 23:00:00,0.00,0.00,0.00,0.00,0.00,0.00,0.00,0.00,12.28,0.52,1.00,0.00
2014-08-02 00:00:00,0.00,0.00,0.00,0.00,0.00,0.00,0.00,0.00,12.03,0.42,1.00,0.00
2014-08-02 01:00:00,0.00,0.00,0.00,0.00,0.00,0.00,0.00,0.00,11.55,0.39,1.00,0.00
2014-08-02 02:00:00,0.00,0.00,0.00,0.00,0.00,0.00,0.00,0.00,10.87,0.44,1.00,0.00
2014-08-02 03:00:00,0.00,0.00,0.00,0.00,0.00,0.00,0.00,0.00,10.21,0.49,1.00,0.00
2014-08-02 04:00:00,0.00,0.00,0.00,0.00,0.00,0.00,0.00,0.00,9.42,0.49,1.00,0.00
2014-08-02 05:00:00,0.00,0.00,0.00,0.00,0.00,0.00,0.00,0.00,8.60,0.58,1.00,0.00
2014-08-02 06:00:00,0.00,0.00,0.00,0.00,0.00,0.00,0.00,0.00,7.62,0.48,1.00,0.00
2014-08-02 07:00:00,0.00,0.00,0.00,0.00,0.00,0.00,0.00,0.00,7.03,0.36,1.00,0.00
2014-08-02 08:00:00,17.59,0.00,17.23,0.36,18.74,0.00,18.74,0.00,9.17,0.33,1.00,0.00
2014-08-02 09:00:00,82.48,3.63,77.19,1.66,85.82,1.86,83.96,7.08,11.40,0.20,0.00,1.00
2014-08-02 10:00:00,167.41,5.65,158.36,3.40,175.64,3.38,172.26,8.03,14.15,0.51,0.00,1.00
2014-08-02 11:00:00,247.12,7.18,234.91,5.04,260.10,4.58,255.52,8.49,16.36,0.76,0.00,1.00
2014-08-02 12:00:00,299.58,8.05,285.42,6.11,315.74,5.28,310.46,8.67,18.36,1.20,0.00,1.00
2014-08-02 13:00:00,312.22,8.24,297.61,6.37,329.16,5.44,323.72,8.69,19.46,1.31,0.00,1.00
2014-08-02 14:00:00,281.78,7.77,268.26,5.75,296.86,5.06,291.80,8.59,19.86,1.35,0.00,1.00
2014-08-02 15:00:00,727.29,657.78,60.25,9.26,478.10,412.56,65.54,824.12,19.04,1.66,0.00,0.00
2014-08-02 16:00:00,540.57,484.28,49.85,6.44,332.76,278.54,54.22,760.00,17.63,1.08,0.00,0.00
2014-08-02 17:00:00,302.39,265.41,33.94,3.04,157.14,120.22,36.92,613.54,16.00,0.66,0.00,0.00
2014-08-02 18:00:00,0.21,0.00,0.20,0.00,0.22,0.00,0.22,0.00,15.11,0.37,1.00,0.00
2014-08-02 19:00:00,0.00,0.00,0.00,0.00,0.00,0.00,0.00,0.00,14.56,0.28,1.00,0.00
2014-08-02 20:00:00,0.00,0.00,0.00,0.00,0.00,0.00,0.00,0.00,14.24,0.41,1.00,0.00
2014-08-02 21:00:00,0.00,0.00,0.00,0.00,0.00,0.00,0.00,0.00,14.19,0.75,1.00,0.00
2014-08-02 22:00:00,0.00,0.00,0.00,0.00,0.00,0.00,0.00,0.00,14.23,0.65,1.00,0.00
2014-08-02 23:00:00,0.00,0.00,0.00,0.00,0.00,0.00,0.00,0.00,13.89,0.91,1.00,0.00
2014-08-03 00:00:00,0.00,0.00,0.00,0.00,0.00,0.00,0.00,0.00,13.84,0.88,1.00,0.00
2014-08-03 01:00:00,0.00,0.00,0.00,0.00,0.00,0.00,0.00,0.00,14.14,1.15,1.00,0.00
2014-08-03 02:00:00,0.00,0.00,0.00,0.00,0.00,0.00,0.00,0.00,14.05,1.51,1.00,0.00
2014-08-03 03:00:00,0.00,0.00,0.00,0.00,0.00,0.00,0.00,0.00,14.13,1.59,1.00,0.00
2014-08-03 04:00:00,0.00,0.00,0.00,0.00,0.00,0.00,0.00,0.00,13.65,1.22,1.00,0.00
2014-08-03 05:00:00,0.00,0.00,0.00,0.00,0.00,0.00,0.00,0.00,12.96,0.41,1.00,0.00
2014-08-03 06:00:00,0.00,0.00,0.00,0.00,0.00,0.00,0.00,0.00,12.04,0.17,1.00,0.00
2014-08-03 07:00:00,0.00,0.00,0.00,0.00,0.00,0.00,0.00,0.00,11.03,0.28,1.00,0.00
2014-08-03 08:00:00,10.74,0.00,10.52,0.22,11.44,0.00,11.44,0.00,11.41,0.16,1.00,1.00
2014-08-03 09:00:00,21.90,3.64,17.85,0.41,21.30,1.88,19.42,7.07,13.14,0.19,0.00,1.00
2014-08-03 10:00:00,32.68,5.68,26.38,0.62,32.12,3.42,28.70,8.06,14.49,0.61,0.00,1.00
2014-08-03 11:00:00,51.24,7.20,43.04,1.00,51.44,4.62,46.82,8.51,15.66,0.92,0.00,1.00
2014-08-03 12:00:00,171.09,8.11,159.52,3.46,178.86,5.34,173.52,8.71,16.49,1.21,0.00,1.00
2014-08-03 13:00:00,306.10,8.33,291.52,6.25,322.62,5.52,317.10,8.76,16.51,1.39,0.00,1.00
2014-08-03 14:00:00,305.99,7.86,291.89,6.25,322.64,5.14,317.50,8.67,16.81,1.33,0.00,1.00
2014-08-03 15:00:00,198.24,6.72,187.49,4.03,208.18,4.24,203.94,8.41,16.34,1.46,0.00,1.00
2014-08-03 16:00:00,556.64,499.07,50.89,6.67,344.38,289.02,55.36,782.36,15.34,1.42,0.00,0.00
2014-08-03 17:00:00,316.80,278.71,34.88,3.21,165.84,127.90,37.94,643.74,13.60,0.81,0.00,0.00
2014-08-03 18:00:00,0.77,0.00,0.75,0.02,0.82,0.00,0.82,0.00,11.38,1.15,1.00,0.00
2014-08-03 19:00:00,0.00,0.00,0.00,0.00,0.00,0.00,0.00,0.00,10.12,1.29,1.00,0.00
2014-08-03 20:00:00,0.00,0.00,0.00,0.00,0.00,0.00,0.00,0.00,9.84,1.02,1.00,0.00
2014-08-03 21:00:00,0.00,0.00,0.00,0.00,0.00,0.00,0.00,0.00,9.34,0.99,1.00,0.00
2014-08-03 22:00:00,0.00,0.00,0.00,0.00,0.00,0.00,0.00,0.00,8.44,0.80,1.00,0.00
2014-08-03 23:00:00,0.00,0.00,0.00,0.00,0.00,0.00,0.00,0.00,7.84,0.82,1.00,0.00
2014-08-04 00:00:00,0.00,0.00,0.00,0.00,0.00,0.00,0.00,0.00,6.78,0.81,1.00,0.00
2014-08-04 01:00:00,0.00,0.00,0.00,0.00,0.00,0.00,0.00,0.00,5.75,0.81,1.00,0.00
2014-08-04 02:00:00,0.00,0.00,0.00,0.00,0.00,0.00,0.00,0.00,4.78,1.04,1.00,0.00
2014-08-04 03:00:00,0.00,0.00,0.00,0.00,0.00,0.00,0.00,0.00,3.63,1.40,1.00,0.00
2014-08-04 04:00:00,0.00,0.00,0.00,0.00,0.00,0.00,0.00,0.00,2.87,1.37,1.00,0.00
2014-08-04 05:00:00,0.00,0.00,0.00,0.00,0.00,0.00,0.00,0.00,2.04,1.10,1.00,0.00
2014-08-04 06:00:00,0.00,0.00,0.00,0.00,0.00,0.00,0.00,0.00,2.62,1.21,1.00,0.00
2014-08-04 07:00:00,0.00,0.00,0.00,0.00,0.00,0.00,0.00,0.00,4.41,0.80,1.00,0.00
2014-08-04 08:00:00,19.37,0.00,18.98,0.40,20.64,0.00,20.64,0.00,5.49,0.85,1.00,0.00
2014-08-04 09:00:00,65.36,3.98,60.07,1.31,67.42,2.08,65.34,7.72,9.34,0.60,0.00,1.00
2014-08-04 10:00:00,149.48,6.07,140.38,3.03,156.38,3.68,152.70,8.60,12.68,0.16,0.00,1.00
2014-08-04 11:00:00,121.56,7.60,111.52,2.44,126.20,4.90,121.30,8.97,14.66,0.39,0.00,1.00
2014-08-04 12:00:00,130.46,8.49,119.35,2.62,135.44,5.62,129.82,9.12,17.50,0.49,0.00,1.00
2014-08-04 13:00:00,80.29,8.69,70.02,1.59,81.94,5.78,76.16,9.13,18.69,0.53,0.00,1.00
2014-08-04 14:00:00,127.45,8.19,116.70,2.56,132.32,5.38,126.94,9.03,17.94,0.70,0.00,1.00
2014-08-04 15:00:00,91.60,6.97,82.80,1.83,94.48,4.42,90.06,8.72,17.18,0.68,0.00,1.00
2014-08-04 16:00:00,58.16,5.21,51.80,1.15,59.38,3.04,56.34,8.16,15.32,0.35,0.00,1.00
2014-08-04 17:00:00,333.31,294.52,35.39,3.40,175.40,136.90,38.50,679.67,13.01,0.47,0.00,0.00
2014-08-04 18:00:00,1.45,0.00,1.42,0.03,1.54,0.00,1.54,0.00,11.16,0.59,1.00,0.00
2014-08-04 19:00:00,0.00,0.00,0.00,0.00,0.00,0.00,0.00,0.00,9.58,0.83,1.00,0.00
2014-08-04 20:00:00,0.00,0.00,0.00,0.00,0.00,0.00,0.00,0.00,8.50,0.90,1.00,0.00
2014-08-04 21:00:00,0.00,0.00,0.00,0.00,0.00,0.00,0.00,0.00,7.61,0.91,1.00,0.00
2014-08-04 22:00:00,0.00,0.00,0.00,0.00,0.00,0.00,0.00,0.00,6.88,0.86,1.00,0.00
2014-08-04 23:00:00,0.00,0.00,0.00,0.00,0.00,0.00,0.00,0.00,5.89,0.95,1.00,0.00
2014-08-05 00:00:00,0.00,0.00,0.00,0.00,0.00,0.00,0.00,0.00,5.09,0.93,1.00,0.00
2014-08-05 01:00:00,0.00,0.00,0.00,0.00,0.00,0.00,0.00,0.00,4.45,0.94,1.00,0.00
2014-08-05 02:00:00,0.00,0.00,0.00,0.00,0.00,0.00,0.00,0.00,3.95,0.96,1.00,0.00
2014-08-05 03:00:00,0.00,0.00,0.00,0.00,0.00,0.00,0.00,0.00,3.30,0.91,1.00,0.00
2014-08-05 04:00:00,0.00,0.00,0.00,0.00,0.00,0.00,0.00,0.00,3.01,0.81,1.00,0.00
2014-08-05 05:00:00,0.00,0.00,0.00,0.00,0.00,0.00,0.00,0.00,2.59,0.77,1.00,0.00
2014-08-05 06:00:00,0.00,0.00,0.00,0.00,0.00,0.00,0.00,0.00,1.93,0.80,1.00,0.00
2014-08-05 07:00:00,0.00,0.00,0.00,0.00,0.00,0.00,0.00,0.00,3.47,0.67,1.00,0.00
2014-08-05 08:00:00,19.96,0.00,19.55,0.41,21.26,0.00,21.26,0.00,6.60,0.32,1.00,0.00
2014-08-05 09:00:00,440.79,392.84,43.02,4.92,254.08,207.28,46.80,759.87,9.61,0.22,0.00,0.00
2014-08-05 10:00:00,665.63,600.67,56.67,8.29,428.18,366.54,61.64,849.23,12.90,0.59,0.00,0.00
2014-08-05 11:00:00,249.19,7.57,236.54,5.08,262.20,4.90,257.30,8.91,15.81,0.81,0.00,1.00
2014-08-05 12:00:00,312.33,8.43,297.53,6.37,329.24,5.60,323.64,9.03,18.04,1.27,0.00,1.00
2014-08-05 13:00:00,237.83,8.62,224.37,4.84,249.82,5.76,244.06,9.04,19.35,1.52,0.00,1.00
2014-08-05 14:00:00,236.28,8.09,223.38,4.81,248.32,5.34,242.98,8.91,19.18,1.57,0.00,1.00
2014-08-05 15:00:00,186.96,6.91,176.25,3.80,196.12,4.40,191.72,8.62,18.34,1.45,0.00,1.00
2014-08-05 16:00:00,105.34,5.11,98.11,2.12,109.72,3.00,106.72,7.99,16.69,1.17,0.00,1.00
2014-08-05 17:00:00,325.30,286.42,35.52,3.36,173.40,134.76,38.64,660.64,14.76,0.76,0.00,0.00
2014-08-05 18:00:00,1.97,0.00,1.93,0.04,2.10,0.00,2.10,0.00,13.09,0.60,1.00,0.00
2014-08-05 19:00:00,0.00,0.00,0.00,0.00,0.00,0.00,0.00,0.00,11.91,0.46,1.00,0.00
2014-08-05 20:00:00,0.00,0.00,0.00,0.00,0.00,0.00,0.00,0.00,11.26,0.52,1.00,0.00
2014-08-05 21:00:00,0.00,0.00,0.00,0.00,0.00,0.00,0.00,0.00,10.82,0.52,1.00,0.00
2014-08-05 22:00:00,0.00,0.00,0.00,0.00,0.00,0.00,0.00,0.00,10.54,0.33,1.00,0.00
2014-08-05 23:00:00,0.00,0.00,0.00,0.00,0.00,0.00,0.00,0.00,10.18,0.30,1.00,0.00
2014-08-06 00:00:00,0.00,0.00,0.00,0.00,0.00,0.00,0.00,0.00,9.94,0.39,1.00,0.00
2014-08-06 01:00:00,0.00,0.00,0.00,0.00,0.00,0.00,0.00,0.00,10.01,0.40,1.00,0.00
2014-08-06 02:00:00,0.00,0.00,0.00,0.00,0.00,0.00,0.00,0.00,9.56,0.59,1.00,0.00
2014-08-06 03:00:00,0.00,0.00,0.00,0.00,0.00,0.00,0.00,0.00,9.18,0.61,1.00,0.00
2014-08-06 04:00:00,0.00,0.00,0.00,0.00,0.00,0.00,0.00,0.00,9.84,0.75,1.00,0.00
2014-08-06 05:00:00,0.00,0.00,0.00,0.00,0.00,0.00,0.00,0.00,9.19,0.58,1.00,0.00
2014-08-06 06:00:00,0.00,0.00,0.00,0.00,0.00,0.00,0.00,0.00,8.28,0.53,1.00,0.00
2014-08-06 07:00:00,0.00,0.00,0.00,0.00,0.00,0.00,0.00,0.00,7.19,0.50,1.00,0.00
2014-08-06 08:00:00,4.02,0.00,3.93,0.08,4.28,0.00,4.28,0.00,7.78,0.35,1.00,1.00
2014-08-06 09:00:00,20.05,3.68,16.00,0.37,19.36,1.96,17.40,7.09,8.66,0.42,0.00,1.00
2014-08-06 10:00:00,33.33,5.70,26.99,0.64,32.86,3.50,29.36,8.04,9.42,0.20,0.00,1.00
2014-08-06 11:00:00,43.47,7.22,35.41,0.84,43.22,4.70,38.52,8.49,10.81,0.67,0.00,1.00
2014-08-06 12:00:00,61.18,8.15,51.83,1.20,61.82,5.44,56.38,8.72,11.31,0.81,0.00,1.00
2014-08-06 13:00:00,390.06,9.36,372.74,7.97,411.72,6.28,405.44,9.80,11.78,0.98,0.00,1.00
2014-08-06 14:00:00,330.33,7.99,315.59,6.75,348.58,5.30,343.28,8.79,12.55,0.92,0.00,1.00
2014-08-06 15:00:00,756.92,684.90,62.22,9.80,506.32,438.64,67.68,853.90,12.71,1.09,0.00,0.00
2014-08-06 16:00:00,571.30,512.51,51.83,6.96,359.54,303.16,56.38,800.98,11.78,0.95,0.00,0.00
2014-08-06 17:00:00,330.82,291.50,35.87,3.44,177.92,138.90,39.02,671.93,9.34,0.41,0.00,0.00
2014-08-06 18:00:00,2.57,0.00,2.52,0.05,2.74,0.00,2.74,0.00,7.58,0.42,1.00,0.00
2014-08-06 19:00:00,0.00,0.00,0.00,0.00,0.00,0.00,0.00,0.00,6.40,0.72,1.00,0.00
2014-08-06 20:00:00,0.00,0.00,0.00,0.00,0.00,0.00,0.00,0.00,5.73,0.53,1.00,0.00
2014-08-06 21:00:00,0.00,0.00,0.00,0.00,0.00,0.00,0.00,0.00,5.31,0.37,1.00,0.00
2014-08-06 22:00:00,0.00,0.00,0.00,0.00,0.00,0.00,0.00,0.00,4.90,0.35,1.00,0.00
2014-08-06 23:00:00,0.00,0.00,0.00,0.00,0.00,0.00,0.00,0.00,3.80,0.49,1.00,0.00
2014-08-07 00:00:00,0.00,0.00,0.00,0.00,0.00,0.00,0.00,0.00,2.82,0.62,1.00,0.00
2014-08-07 01:00:00,0.00,0.00,0.00,0.00,0.00,0.00,0.00,0.00,2.10,0.67,1.00,0.00
2014-08-07 02:00:00,0.00,0.00,0.00,0.00,0.00,0.00,0.00,0.00,1.38,0.73,1.00,0.00
2014-08-07 03:00:00,0.00,0.00,0.00,0.00,0.00,0.00,0.00,0.00,0.85,0.82,1.00,0.00
2014-08-07 04:00:00,0.00,0.00,0.00,0.00,0.00,0.00,0.00,0.00,0.36,1.05,1.00,0.00
2014-08-07 05:00:00,0.00,0.00,0.00,0.00,0.00,0.00,0.00,0.00,-0.69,1.01,1.00,0.00
2014-08-07 06:00:00,0.00,0.00,0.00,0.00,0.00,0.00,0.00,0.00,0.24,1.29,1.00,0.00
2014-08-07 07:00:00,0.00,0.00,0.00,0.00,0.00,0.00,0.00,0.00,1.34,0.92,1.00,0.00
2014-08-07 08:00:00,21.20,0.00,20.76,0.44,22.58,0.00,22.58,0.00,3.17,0.86,1.00,0.00
2014-08-07 09:00:00,465.82,416.40,44.15,5.27,272.36,224.34,48.02,801.70,7.17,0.43,0.00,0.00
2014-08-07 10:00:00,694.24,627.67,57.84,8.73,450.94,388.02,62.92,883.88,10.81,0.24,0.00,0.00
2014-08-07 11:00:00,861.63,783.53,66.76,11.33,585.28,512.66,72.62,919.40,14.29,0.47,0.00,0.00
2014-08-07 12:00:00,958.24,873.70,71.69,12.85,663.82,585.84,77.98,933.32,17.06,0.71,0.00,0.00
2014-08-07 13:00:00,978.41,892.53,72.70,13.18,680.66,601.58,79.08,933.56,18.73,0.99,0.00,0.00
2014-08-07 14:00:00,920.73,838.58,69.87,12.29,634.66,558.66,76.00,920.84,19.21,1.18,0.00,0.00
2014-08-07 15:00:00,788.71,715.27,63.20,10.25,529.24,460.50,68.74,890.75,18.47,1.21,0.00,0.00
2014-08-07 16:00:00,592.31,532.57,52.49,7.25,374.36,317.26,57.10,831.49,16.00,0.90,0.00,0.00
2014-08-07 17:00:00,342.15,302.25,36.31,3.59,185.36,145.86,39.50,696.40,11.93,0.61,0.00,0.00
2014-08-07 18:00:00,3.25,0.00,3.18,0.07,3.46,0.00,3.46,0.00,10.20,0.70,1.00,0.00
2014-08-07 19:00:00,0.00,0.00,0.00,0.00,0.00,0.00,0.00,0.00,8.36,1.13,1.00,0.00
2014-08-07 20:00:00,0.00,0.00,0.00,0.00,0.00,0.00,0.00,0.00,6.93,1.27,1.00,0.00
2014-08-07 21:00:00,0.00,0.00,0.00,0.00,0.00,0.00,0.00,0.00,5.89,1.25,1.00,0.00
2014-08-07 22:00:00,0.00,0.00,0.00,0.00,0.00,0.00,0.00,0.00,4.85,1.22,1.00,0.00
2014-08-07 23:00:00,0.00,0.00,0.00,0.00,0.00,0.00,0.00,0.00,3.72,1.15,1.00,0.00
2014-08-08 00:00:00,0.00,0.00,0.00,0.00,0.00,0.00,0.00,0.00,2.78,1.22,1.00,0.00
2014-08-08 01:00:00,0.00,0.00,0.00,0.00,0.00,0.00,0.00,0.00,1.87,1.16,1.00,0.00
2014-08-08 02:00:00,0.00,0.00,0.00,0.00,0.00,0.00,0.00,0.00,1.09,1.30,1.00,0.00
2014-08-08 03:00:00,0.00,0.00,0.00,0.00,0.00,0.00,0.00,0.00,0.18,1.39,1.00,0.00
2014-08-08 04:00:00,0.00,0.00,0.00,0.00,0.00,0.00,0.00,0.00,1.12,1.34,1.00,0.00
2014-08-08 05:00:00,0.00,0.00,0.00,0.00,0.00,0.00,0.00,0.00,1.84,1.21,1.00,0.00
2014-08-08 06:00:00,0.00,0.00,0.00,0.00,0.00,0.00,0.00,0.00,2.51,1.31,1.00,0.00
2014-08-08 07:00:00,0.00,0.00,0.00,0.00,0.00,0.00,0.00,0.00,4.06,0.85,1.00,0.00
2014-08-08 08:00:00,21.98,0.00,21.53,0.45,23.42,0.00,23.42,0.00,6.67,0.72,1.00,0.00
2014-08-08 09:00:00,462.91,413.16,44.46,5.29,273.24,224.88,48.36,793.66,11.68,0.30,0.00,0.00
2014-08-08 10:00:00,689.98,623.19,58.07,8.73,450.94,387.78,63.16,875.83,16.27,0.29,0.00,0.00
2014-08-08 11:00:00,856.85,778.54,66.98,11.32,584.80,511.94,72.86,911.96,19.91,0.61,0.00,0.00
2014-08-08 12:00:00,952.04,867.36,71.86,12.82,662.34,584.18,78.16,925.08,23.07,1.10,0.00,0.00
2014-08-08 13:00:00,971.10,885.10,72.87,13.13,678.42,599.16,79.26,924.46,24.69,1.31,0.00,0.00
2014-08-08 14:00:00,913.18,830.89,70.05,12.24,632.20,556.00,76.20,911.26,24.19,1.34,0.00,0.00
2014-08-08 15:00:00,782.94,709.30,63.42,10.22,528.02,459.04,68.98,882.32,23.56,1.19,0.00,0.00
2014-08-08 16:00:00,588.20,528.16,52.79,7.25,374.30,316.88,57.42,823.88,21.18,0.86,0.00,0.00
2014-08-08 17:00:00,340.86,300.49,36.76,3.62,186.82,146.84,39.98,692.06,16.56,0.31,0.00,0.00
2014-08-08 18:00:00,3.87,0.00,3.79,0.08,4.12,0.00,4.12,0.00,14.20,0.55,1.00,0.00
2014-08-08 19:00:00,0.00,0.00,0.00,0.00,0.00,0.00,0.00,0.00,12.41,0.92,1.00,0.00
2014-08-08 20:00:00,0.00,0.00,0.00,0.00,0.00,0.00,0.00,0.00,11.04,1.09,1.00,0.00
2014-08-08 21:00:00,0.00,0.00,0.00,0.00,0.00,0.00,0.00,0.00,10.07,1.03,1.00,0.00
2014-08-08 22:00:00,0.00,0.00,0.00,0.00,0.00,0.00,0.00,0.00,9.22,1.10,1.00,0.00
2014-08-08 23:00:00,0.00,0.00,0.00,0.00,0.00,0.00,0.00,0.00,8.19,1.16,1.00,0.00
2014-08-09 00:00:00,0.00,0.00,0.00,0.00,0.00,0.00,0.00,0.00,7.57,1.18,1.00,0.00
2014-08-09 01:00:00,0.00,0.00,0.00,0.00,0.00,0.00,0.00,0.00,7.02,1.15,1.00,0.00
2014-08-09 02:00:00,0.00,0.00,0.00,0.00,0.00,0.00,0.00,0.00,6.24,1.21,1.00,0.00
2014-08-09 03:00:00,0.00,0.00,0.00,0.00,0.00,0.00,0.00,0.00,5.41,1.22,1.00,0.00
2014-08-09 04:00:00,0.00,0.00,0.00,0.00,0.00,0.00,0.00,0.00,4.64,1.27,1.00,0.00
2014-08-09 05:00:00,0.00,0.00,0.00,0.00,0.00,0.00,0.00,0.00,3.74,1.18,1.00,0.00
2014-08-09 06:00:00,0.00,0.00,0.00,0.00,0.00,0.00,0.00,0.00,2.98,1.40,1.00,0.00
2014-08-09 07:00:00,0.00,0.00,0.00,0.00,0.00,0.00,0.00,0.00,3.55,1.10,1.00,0.00
2014-08-09 08:00:00,22.47,0.00,22.01,0.46,23.94,0.00,23.94,0.00,6.49,0.80,1.00,0.00
2014-08-09 09:00:00,447.41,397.77,44.46,5.17,267.16,218.80,48.36,762.30,9.72,0.28,0.00,0.00
2014-08-09 10:00:00,671.44,604.99,57.90,8.55,441.88,378.90,62.98,848.58,13.05,0.44,0.00,0.00
2014-08-09 11:00:00,837.39,759.47,66.80,11.12,574.64,501.98,72.66,888.06,14.89,0.49,0.00,0.00
2014-08-09 12:00:00,355.71,8.48,339.95,7.27,375.52,5.74,369.78,9.03,16.68,0.79,0.00,1.00
2014-08-09 13:00:00,354.71,8.65,338.81,7.25,374.42,5.88,368.54,9.02,17.65,1.08,0.00,1.00
2014-08-09 14:00:00,277.46,8.12,263.68,5.66,292.28,5.46,286.82,8.89,17.99,1.05,0.00,1.00
2014-08-09 15:00:00,164.76,6.92,154.50,3.34,172.56,4.50,168.06,8.59,17.60,1.04,0.00,1.00
2014-08-09 16:00:00,147.96,5.16,139.79,3.00,155.18,3.12,152.06,8.05,15.98,0.90,0.00,1.00
2014-08-09 17:00:00,331.76,291.42,36.77,3.57,184.28,144.28,40.00,670.83,12.68,0.71,0.00,0.00
2014-08-09 18:00:00,4.45,0.00,4.36,0.09,4.74,0.00,4.74,0.00,10.82,0.80,1.00,0.00
2014-08-09 19:00:00,0.00,0.00,0.00,0.00,0.00,0.00,0.00,0.00,9.34,0.97,1.00,0.00
2014-08-09 20:00:00,0.00,0.00,0.00,0.00,0.00,0.00,0.00,0.00,8.57,0.90,1.00,0.00
2014-08-09 21:00:00,0.00,0.00,0.00,0.00,0.00,0.00,0.00,0.00,7.86,0.79,1.00,0.00
2014-08-09 22:00:00,0.00,0.00,0.00,0.00,0.00,0.00,0.00,0.00,7.50,0.73,1.00,0.00
2014-08-09 23:00:00,0.00,0.00,0.00,0.00,0.00,0.00,0.00,0.00,6.92,0.71,1.00,0.00
2014-08-10 00:00:00,0.00,0.00,0.00,0.00,0.00,0.00,0.00,0.00,6.34,0.78,1.00,0.00
2014-08-10 01:00:00,0.00,0.00,0.00,0.00,0.00,0.00,0.00,0.00,6.03,0.67,1.00,0.00
2014-08-10 02:00:00,0.00,0.00,0.00,0.00,0.00,0.00,0.00,0.00,5.89,0.71,1.00,0.00
2014-08-10 03:00:00,0.00,0.00,0.00,0.00,0.00,0.00,0.00,0.00,5.64,0.74,1.00,0.00
2014-08-10 04:00:00,0.00,0.00,0.00,0.00,0.00,0.00,0.00,0.00,5.19,0.88,1.00,0.00
2014-08-10 05:00:00,0.00,0.00,0.00,0.00,0.00,0.00,0.00,0.00,4.83,0.67,1.00,0.00
2014-08-10 06:00:00,0.00,0.00,0.00,0.00,0.00,0.00,0.00,0.00,5.01,0.66,1.00,0.00
2014-08-10 07:00:00,0.00,0.00,0.00,0.00,0.00,0.00,0.00,0.00,5.29,0.60,1.00,0.00
2014-08-10 08:00:00,15.09,0.00,14.78,0.31,16.08,0.00,16.08,0.00,7.31,0.41,1.00,1.00
2014-08-10 09:00:00,100.13,3.85,94.25,2.03,104.66,2.14,102.52,7.36,8.87,0.17,0.00,1.00
2014-08-10 10:00:00,58.07,5.90,51.02,1.15,59.22,3.72,55.50,8.26,11.84,0.23,0.00,1.00
2014-08-10 11:00:00,92.96,7.40,83.70,1.86,95.96,4.92,91.04,8.64,13.66,0.58,0.00,1.00
2014-08-10 12:00:00,113.43,8.30,102.86,2.28,117.52,5.64,111.88,8.82,15.03,0.75,0.00,1.00
2014-08-10 13:00:00,222.78,8.49,209.76,4.53,233.96,5.80,228.16,8.84,15.48,1.02,0.00,1.00
2014-08-10 14:00:00,302.42,7.99,288.25,6.17,318.94,5.40,313.54,8.75,15.52,1.23,0.00,1.00
2014-08-10 15:00:00,174.48,6.82,164.12,3.54,182.98,4.46,178.52,8.46,15.15,1.27,0.00,1.00
2014-08-10 16:00:00,138.60,5.06,130.73,2.81,145.28,3.08,142.20,7.88,14.44,1.01,0.00,1.00
2014-08-10 17:00:00,49.14,2.87,45.29,0.98,50.70,1.44,49.26,6.61,12.39,0.80,0.00,1.00
2014-08-10 18:00:00,4.96,0.00,4.85,0.10,5.28,0.00,5.28,0.00,10.84,0.51,1.00,0.00
2014-08-10 19:00:00,0.00,0.00,0.00,0.00,0.00,0.00,0.00,0.00,9.77,0.65,1.00,0.00
2014-08-10 20:00:00,0.00,0.00,0.00,0.00,0.00,0.00,0.00,0.00,9.28,0.71,1.00,0.00
2014-08-10 21:00:00,0.00,0.00,0.00,0.00,0.00,0.00,0.00,0.00,9.04,0.48,1.00,0.00
2014-08-10 22:00:00,0.00,0.00,0.00,0.00,0.00,0.00,0.00,0.00,8.89,0.40,1.00,0.00
2014-08-10 23:00:00,0.00,0.00,0.00,0.00,0.00,0.00,0.00,0.00,8.64,0.41,1.00,0.00
2014-08-11 00:00:00,0.00,0.00,0.00,0.00,0.00,0.00,0.00,0.00,8.26,0.44,1.00,0.00
2014-08-11 01:00:00,0.00,0.00,0.00,0.00,0.00,0.00,0.00,0.00,8.00,0.42,1.00,0.00
2014-08-11 02:00:00,0.00,0.00,0.00,0.00,0.00,0.00,0.00,0.00,7.85,0.46,1.00,0.00
2014-08-11 03:00:00,0.00,0.00,0.00,0.00,0.00,0.00,0.00,0.00,7.83,0.38,1.00,0.00
2014-08-11 04:00:00,0.00,0.00,0.00,0.00,0.00,0.00,0.00,0.00,7.49,0.34,1.00,0.00
2014-08-11 05:00:00,0.00,0.00,0.00,0.00,0.00,0.00,0.00,0.00,6.77,0.42,1.00,0.00
2014-08-11 06:00:00,0.00,0.00,0.00,0.00,0.00,0.00,0.00,0.00,5.92,0.40,1.00,0.00
2014-08-11 07:00:00,0.00,0.00,0.00,0.00,0.00,0.00,0.00,0.00,6.67,0.45,1.00,0.00
2014-08-11 08:00:00,25.33,1.53,23.30,0.50,25.88,0.54,25.34,5.14,8.51,0.20,0.00,1.00
2014-08-11 09:00:00,100.26,4.06,94.18,2.03,104.72,2.28,102.44,7.74,10.00,0.29,0.00,1.00
2014-08-11 10:00:00,154.75,6.18,145.44,3.14,162.12,3.92,158.20,8.63,12.63,0.47,0.00,1.00
2014-08-11 11:00:00,855.73,776.51,67.76,11.47,592.34,518.64,73.70,904.67,14.43,0.74,0.00,0.00
2014-08-11 12:00:00,953.59,867.87,72.72,13.00,671.70,592.60,79.10,921.16,16.07,0.95,0.00,0.00
2014-08-11 13:00:00,387.51,9.18,370.40,7.92,409.20,6.30,402.90,9.55,16.96,1.10,0.00,1.00
2014-08-11 14:00:00,919.24,835.75,71.01,12.48,644.40,567.16,77.24,913.08,17.23,1.30,0.00,0.00
2014-08-11 15:00:00,786.75,712.07,64.26,10.42,538.30,468.40,69.90,882.92,16.70,1.44,0.00,0.00
2014-08-11 16:00:00,590.83,529.88,53.54,7.42,383.02,324.78,58.24,824.77,15.61,1.14,0.00,0.00
2014-08-11 17:00:00,343.49,302.17,37.56,3.76,194.22,153.36,40.86,695.42,12.97,0.81,0.00,0.00
2014-08-11 18:00:00,5.61,0.00,5.50,0.12,5.98,0.00,5.98,0.00,10.37,0.53,1.00,0.00
2014-08-11 19:00:00,0.00,0.00,0.00,0.00,0.00,0.00,0.00,0.00,9.06,0.72,1.00,0.00
2014-08-11 20:00:00,0.00,0.00,0.00,0.00,0.00,0.00,0.00,0.00,8.17,0.56,1.00,0.00
2014-08-11 21:00:00,0.00,0.00,0.00,0.00,0.00,0.00,0.00,0.00,7.42,0.50,1.00,0.00
2014-08-11 22:00:00,0.00,0.00,0.00,0.00,0.00,0.00,0.00,0.00,6.87,0.43,1.00,0.00
2014-08-11 23:00:00,0.00,0.00,0.00,0.00,0.00,0.00,0.00,0.00,6.26,0.43,1.00,0.00
2014-08-12 00:00:00,0.00,0.00,0.00,0.00,0.00,0.00,0.00,0.00,5.73,0.48,1.00,0.00
2014-08-12 01:00:00,0.00,0.00,0.00,0.00,0.00,0.00,0.00,0.00,5.14,0.43,1.00,0.00
2014-08-12 02:00:00,0.00,0.00,0.00,0.00,0.00,0.00,0.00,0.00,4.64,0.45,1.00,0.00
2014-08-12 03:00:00,0.00,0.00,0.00,0.00,0.00,0.00,0.00,0.00,4.11,0.56,1.00,0.00
2014-08-12 04:00:00,0.00,0.00,0.00,0.00,0.00,0.00,0.00,0.00,3.50,0.63,1.00,0.00
2014-08-12 05:00:00,0.00,0.00,0.00,0.00,0.00,0.00,0.00,0.00,2.63,0.57,1.00,0.00
2014-08-12 06:00:00,0.00,0.00,0.00,0.00,0.00,0.00,0.00,0.00,1.75,0.77,1.00,0.00
2014-08-12 07:00:00,0.00,0.00,0.00,0.00,0.00,0.00,0.00,0.00,2.34,0.67,1.00,0.00
2014-08-12 08:00:00,192.72,167.38,23.66,1.68,86.72,60.98,25.74,561.03,5.04,0.45,0.00,0.00
2014-08-12 09:00:00,474.11,422.61,45.89,5.61,289.82,239.90,49.92,803.57,7.72,0.49,0.00,0.00
2014-08-12 10:00:00,704.15,635.53,59.50,9.12,470.86,406.14,64.72,885.81,10.42,0.41,0.00,0.00
2014-08-12 11:00:00,874.81,794.55,68.49,11.77,607.92,533.42,74.50,924.01,13.07,0.76,0.00,0.00
2014-08-12 12:00:00,973.44,886.67,73.45,13.32,688.12,608.22,79.90,939.59,15.26,1.05,0.00,0.00
2014-08-12 13:00:00,994.88,906.70,74.52,13.66,705.84,624.78,81.06,941.59,16.81,1.21,0.00,0.00
2014-08-12 14:00:00,937.86,853.38,71.71,12.77,659.86,581.86,78.00,931.22,17.59,1.46,0.00,0.00
2014-08-12 15:00:00,803.10,727.52,64.91,10.68,551.76,481.16,70.60,901.20,17.11,1.51,0.00,0.00
2014-08-12 16:00:00,604.38,542.64,54.11,7.63,393.94,335.08,58.86,844.06,15.39,0.94,0.00,0.00
2014-08-12 17:00:00,353.54,311.60,38.04,3.90,201.48,160.10,41.38,717.13,12.03,1.05,0.00,0.00
2014-08-12 18:00:00,6.27,0.00,6.14,0.13,6.68,0.00,6.68,0.00,9.53,1.18,1.00,0.00
2014-08-12 19:00:00,0.00,0.00,0.00,0.00,0.00,0.00,0.00,0.00,7.60,1.44,1.00,0.00
2014-08-12 20:00:00,0.00,0.00,0.00,0.00,0.00,0.00,0.00,0.00,6.78,1.20,1.00,0.00
2014-08-12 21:00:00,0.00,0.00,0.00,0.00,0.00,0.00,0.00,0.00,5.80,1.07,1.00,0.00
2014-08-12 22:00:00,0.00,0.00,0.00,0.00,0.00,0.00,0.00,0.00,5.10,0.88,1.00,0.00
2014-08-12 23:00:00,0.00,0.00,0.00,0.00,0.00,0.00,0.00,0.00,4.78,0.68,1.00,0.00
2014-08-13 00:00:00,0.00,0.00,0.00,0.00,0.00,0.00,0.00,0.00,4.44,0.76,1.00,0.00
2014-08-13 01:00:00,0.00,0.00,0.00,0.00,0.00,0.00,0.00,0.00,4.00,0.60,1.00,0.00
2014-08-13 02:00:00,0.00,0.00,0.00,0.00,0.00,0.00,0.00,0.00,3.36,0.47,1.00,0.00
2014-08-13 03:00:00,0.00,0.00,0.00,0.00,0.00,0.00,0.00,0.00,2.72,0.71,1.00,0.00
2014-08-13 04:00:00,0.00,0.00,0.00,0.00,0.00,0.00,0.00,0.00,2.12,0.67,1.00,0.00
2014-08-13 05:00:00,0.00,0.00,0.00,0.00,0.00,0.00,0.00,0.00,1.28,0.77,1.00,0.00
2014-08-13 06:00:00,0.00,0.00,0.00,0.00,0.00,0.00,0.00,0.00,0.29,1.12,1.00,0.00
2014-08-13 07:00:00,0.00,0.00,0.00,0.00,0.00,0.00,0.00,0.00,1.99,0.91,1.00,0.00
2014-08-13 08:00:00,203.61,177.21,24.60,1.81,93.32,66.56,26.76,591.59,5.47,0.68,0.00,0.00
2014-08-13 09:00:00,485.49,433.10,46.59,5.79,299.18,248.50,50.68,821.39,9.54,0.45,0.00,0.00
2014-08-13 10:00:00,716.36,646.88,60.16,9.32,481.56,416.12,65.44,899.68,13.01,0.29,0.00,0.00
2014-08-13 11:00:00,886.90,805.76,69.15,11.98,619.04,543.82,75.22,935.34,16.75,0.36,0.00,0.00
2014-08-13 12:00:00,985.62,897.98,74.10,13.54,699.40,618.80,80.60,950.09,20.01,0.59,0.00,0.00
2014-08-13 13:00:00,1006.24,917.26,75.11,13.87,716.60,634.90,81.70,951.24,22.37,0.79,0.00,0.00
2014-08-13 14:00:00,948.40,863.20,72.22,12.97,669.88,591.32,78.56,940.83,23.47,0.87,0.00,0.00
2014-08-13 15:00:00,815.88,739.48,65.49,10.90,562.98,491.74,71.24,915.21,24.59,0.83,0.00,0.00
2014-08-13 16:00:00,617.87,555.35,54.68,7.84,404.86,345.38,59.48,863.39,22.17,0.59,0.00,0.00
2014-08-13 17:00:00,365.72,323.06,38.59,4.07,210.10,168.12,41.98,743.43,19.11,0.41,0.00,0.00
2014-08-13 18:00:00,6.97,0.00,6.82,0.14,7.42,0.00,7.42,0.00,16.30,0.70,1.00,0.00
2014-08-13 19:00:00,0.00,0.00,0.00,0.00,0.00,0.00,0.00,0.00,14.36,0.88,1.00,0.00
2014-08-13 20:00:00,0.00,0.00,0.00,0.00,0.00,0.00,0.00,0.00,12.98,0.86,1.00,0.00
2014-08-13 21:00:00,0.00,0.00,0.00,0.00,0.00,0.00,0.00,0.00,11.59,0.94,1.00,0.00
2014-08-13 22:00:00,0.00,0.00,0.00,0.00,0.00,0.00,0.00,0.00,10.51,0.95,1.00,0.00
2014-08-13 23:00:00,0.00,0.00,0.00,0.00,0.00,0.00,0.00,0.00,9.59,1.00,1.00,0.00
2014-08-14 00:00:00,0.00,0.00,0.00,0.00,0.00,0.00,0.00,0.00,8.76,0.91,1.00,0.00
2014-08-14 01:00:00,0.00,0.00,0.00,0.00,0.00,0.00,0.00,0.00,8.20,0.77,1.00,0.00
2014-08-14 02:00:00,0.00,0.00,0.00,0.00,0.00,0.00,0.00,0.00,7.50,0.70,1.00,0.00
2014-08-14 03:00:00,0.00,0.00,0.00,0.00,0.00,0.00,0.00,0.00,6.76,0.74,1.00,0.00
2014-08-14 04:00:00,0.00,0.00,0.00,0.00,0.00,0.00,0.00,0.00,6.43,0.45,1.00,0.00
2014-08-14 05:00:00,0.00,0.00,0.00,0.00,0.00,0.00,0.00,0.00,5.73,0.60,1.00,0.00
2014-08-14 06:00:00,0.00,0.00,0.00,0.00,0.00,0.00,0.00,0.00,4.56,0.84,1.00,0.00
2014-08-14 07:00:00,0.00,0.00,0.00,0.00,0.00,0.00,0.00,0.00,4.08,0.78,1.00,0.00
2014-08-14 08:00:00,201.50,174.81,24.86,1.83,94.66,67.62,27.04,581.31,6.48,0.63,0.00,0.00
2014-08-14 09:00:00,477.81,425.63,46.43,5.75,297.26,246.76,50.50,805.02,10.68,0.32,0.00,0.00
2014-08-14 10:00:00,703.14,634.19,59.74,9.21,475.72,410.74,64.98,880.10,13.88,0.42,0.00,0.00
2014-08-14 11:00:00,868.80,788.49,68.51,11.80,609.54,535.02,74.52,913.53,16.91,0.50,0.00,0.00
2014-08-14 12:00:00,386.16,9.04,369.22,7.90,407.88,6.26,401.62,9.55,18.98,0.81,0.00,1.00
2014-08-14 13:00:00,400.24,9.78,382.28,8.18,422.62,6.80,415.82,10.13,20.82,0.98,0.00,1.00
2014-08-14 14:00:00,263.30,8.43,249.51,5.37,277.20,5.80,271.40,9.17,21.57,1.22,0.00,1.00
2014-08-14 15:00:00,157.59,7.21,147.19,3.19,164.92,4.82,160.10,8.91,21.08,1.05,0.00,1.00
2014-08-14 16:00:00,117.60,5.36,109.86,2.38,122.86,3.36,119.50,8.33,19.47,0.83,0.00,1.00
2014-08-14 17:00:00,58.90,3.08,54.65,1.18,61.06,1.62,59.44,7.08,16.54,0.38,0.00,1.00
2014-08-14 18:00:00,7.49,0.00,7.34,0.15,7.98,0.00,7.98,0.00,14.29,0.39,1.00,0.00
2014-08-14 19:00:00,0.00,0.00,0.00,0.00,0.00,0.00,0.00,0.00,12.53,0.69,1.00,0.00
2014-08-14 20:00:00,0.00,0.00,0.00,0.00,0.00,0.00,0.00,0.00,11.23,0.76,1.00,0.00
2014-08-14 21:00:00,0.00,0.00,0.00,0.00,0.00,0.00,0.00,0.00,10.11,0.93,1.00,0.00
2014-08-14 22:00:00,0.00,0.00,0.00,0.00,0.00,0.00,0.00,0.00,9.33,0.82,1.00,0.00
2014-08-14 23:00:00,0.00,0.00,0.00,0.00,0.00,0.00,0.00,0.00,8.35,1.01,1.00,0.00
2014-08-15 00:00:00,0.00,0.00,0.00,0.00,0.00,0.00,0.00,0.00,7.46,0.99,1.00,0.00
2014-08-15 01:00:00,0.00,0.00,0.00,0.00,0.00,0.00,0.00,0.00,6.85,0.88,1.00,0.00
2014-08-15 02:00:00,0.00,0.00,0.00,0.00,0.00,0.00,0.00,0.00,5.99,1.06,1.00,0.00
2014-08-15 03:00:00,0.00,0.00,0.00,0.00,0.00,0.00,0.00,0.00,5.85,1.04,1.00,0.00
2014-08-15 04:00:00,0.00,0.00,0.00,0.00,0.00,0.00,0.00,0.00,5.35,1.06,1.00,0.00
2014-08-15 05:00:00,0.00,0.00,0.00,0.00,0.00,0.00,0.00,0.00,5.08,0.92,1.00,0.00
2014-08-15 06:00:00,0.00,0.00,0.00,0.00,0.00,0.00,0.00,0.00,3.92,1.31,1.00,0.00
2014-08-15 07:00:00,0.00,0.00,0.00,0.00,0.00,0.00,0.00,0.00,5.28,0.85,1.00,0.00
2014-08-15 08:00:00,24.40,1.71,22.21,0.48,24.84,0.68,24.16,5.65,8.91,0.71,0.00,1.00
2014-08-15 09:00:00,124.29,4.16,117.60,2.52,130.36,2.44,127.92,7.85,13.56,0.27,0.00,1.00
2014-08-15 10:00:00,131.36,6.23,122.47,2.66,137.28,4.06,133.22,8.62,16.60,0.12,0.00,1.00
2014-08-15 11:00:00,857.84,777.74,68.38,11.71,604.94,530.56,74.38,899.40,19.63,0.33,0.00,0.00
2014-08-15 12:00:00,359.62,8.65,343.61,7.35,379.78,6.02,373.76,9.13,22.18,0.67,0.00,1.00
2014-08-15 13:00:00,411.01,10.31,392.30,8.40,433.92,7.20,426.72,10.66,23.85,0.83,0.00,1.00
2014-08-15 14:00:00,914.47,830.51,71.34,12.62,651.94,574.34,77.60,903.13,24.98,0.80,0.00,0.00
2014-08-15 15:00:00,784.13,708.82,64.72,10.59,546.98,476.58,70.40,875.74,24.41,0.75,0.00,0.00
2014-08-15 16:00:00,590.49,528.73,54.17,7.60,392.52,333.60,58.92,821.15,22.67,0.67,0.00,0.00
2014-08-15 17:00:00,345.75,303.32,38.48,3.94,203.68,161.82,41.86,698.26,20.38,0.38,0.00,0.00
2014-08-15 18:00:00,8.02,0.00,7.85,0.17,8.54,0.00,8.54,0.00,18.03,0.55,1.00,0.00
2014-08-15 19:00:00,0.00,0.00,0.00,0.00,0.00,0.00,0.00,0.00,15.88,0.92,1.00,0.00
2014-08-15 20:00:00,0.00,0.00,0.00,0.00,0.00,0.00,0.00,0.00,14.53,1.04,1.00,0.00
2014-08-15 21:00:00,0.00,0.00,0.00,0.00,0.00,0.00,0.00,0.00,13.62,1.11,1.00,0.00
2014-08-15 22:00:00,0.00,0.00,0.00,0.00,0.00,0.00,0.00,0.00,12.57,1.08,1.00,0.00
2014-08-15 23:00:00,0.00,0.00,0.00,0.00,0.00,0.00,0.00,0.00,11.68,1.05,1.00,0.00
2014-08-16 00:00:00,0.00,0.00,0.00,0.00,0.00,0.00,0.00,0.00,10.81,1.05,1.00,0.00
2014-08-16 01:00:00,0.00,0.00,0.00,0.00,0.00,0.00,0.00,0.00,10.00,1.01,1.00,0.00
2014-08-16 02:00:00,0.00,0.00,0.00,0.00,0.00,0.00,0.00,0.00,9.15,1.02,1.00,0.00
2014-08-16 03:00:00,0.00,0.00,0.00,0.00,0.00,0.00,0.00,0.00,8.17,0.88,1.00,0.00
2014-08-16 04:00:00,0.00,0.00,0.00,0.00,0.00,0.00,0.00,0.00,7.20,1.01,1.00,0.00
2014-08-16 05:00:00,0.00,0.00,0.00,0.00,0.00,0.00,0.00,0.00,6.35,0.69,1.00,0.00
2014-08-16 06:00:00,0.00,0.00,0.00,0.00,0.00,0.00,0.00,0.00,5.36,0.77,1.00,0.00
2014-08-16 07:00:00,0.00,0.00,0.00,0.00,0.00,0.00,0.00,0.00,6.82,0.59,1.00,0.00
2014-08-16 08:00:00,192.79,165.23,25.70,1.85,95.66,67.70,27.96,544.68,10.84,0.60,0.00,0.00
2014-08-16 09:00:00,57.36,4.09,52.13,1.14,59.12,2.42,56.70,7.69,14.88,0.18,0.00,1.00
2014-08-16 10:00:00,680.46,611.86,59.57,9.03,466.40,401.60,64.80,845.46,17.82,0.20,0.00,0.00
2014-08-16 11:00:00,843.74,763.95,68.21,11.58,598.12,523.92,74.20,881.84,21.20,0.60,0.00,0.00
2014-08-16 12:00:00,375.09,8.53,358.89,7.67,396.34,5.96,390.38,8.98,24.15,0.50,0.00,1.00
2014-08-16 13:00:00,957.58,870.25,73.95,13.38,691.02,610.58,80.44,898.82,26.12,0.69,0.00,0.00
2014-08-16 14:00:00,900.96,817.33,71.14,12.49,645.32,567.94,77.38,887.81,27.21,0.47,0.00,0.00
2014-08-16 15:00:00,772.46,697.38,64.59,10.49,541.76,471.50,70.26,860.86,28.12,0.97,0.00,0.00
2014-08-16 16:00:00,581.32,519.67,54.11,7.53,389.18,330.32,58.86,806.75,26.29,0.90,0.00,0.00
2014-08-16 17:00:00,340.21,297.71,38.58,3.92,202.72,160.76,41.96,685.65,23.75,0.87,0.00,0.00
2014-08-16 18:00:00,8.65,0.00,8.48,0.18,9.22,0.00,9.22,0.00,20.34,1.12,1.00,0.00
2014-08-16 19:00:00,0.00,0.00,0.00,0.00,0.00,0.00,0.00,0.00,17.86,1.33,1.00,0.00
2014-08-16 20:00:00,0.00,0.00,0.00,0.00,0.00,0.00,0.00,0.00,16.24,1.30,1.00,0.00
2014-08-16 21:00:00,0.00,0.00,0.00,0.00,0.00,0.00,0.00,0.00,14.50,1.30,1.00,0.00
2014-08-16 22:00:00,0.00,0.00,0.00,0.00,0.00,0.00,0.00,0.00,13.04,1.39,1.00,0.00
2014-08-16 23:00:00,0.00,0.00,0.00,0.00,0.00,0.00,0.00,0.00,11.97,1.21,1.00,0.00
2014-08-17 00:00:00,0.00,0.00,0.00,0.00,0.00,0.00,0.00,0.00,11.06,1.25,1.00,0.00
2014-08-17 01:00:00,0.00,0.00,0.00,0.00,0.00,0.00,0.00,0.00,10.35,1.12,1.00,0.00
2014-08-17 02:00:00,0.00,0.00,0.00,0.00,0.00,0.00,0.00,0.00,9.67,1.01,1.00,0.00
2014-08-17 03:00:00,0.00,0.00,0.00,0.00,0.00,0.00,0.00,0.00,9.12,0.85,1.00,0.00
2014-08-17 04:00:00,0.00,0.00,0.00,0.00,0.00,0.00,0.00,0.00,8.79,0.82,1.00,0.00
2014-08-17 05:00:00,0.00,0.00,0.00,0.00,0.00,0.00,0.00,0.00,8.09,0.71,1.00,0.00
2014-08-17 06:00:00,0.00,0.00,0.00,0.00,0.00,0.00,0.00,0.00,7.41,0.81,1.00,0.00
2014-08-17 07:00:00,0.00,0.00,0.00,0.00,0.00,0.00,0.00,0.00,6.60,0.80,1.00,0.00
2014-08-17 08:00:00,197.65,169.29,26.42,1.94,100.04,71.30,28.74,555.83,11.56,0.50,0.00,0.00
2014-08-17 09:00:00,466.03,413.19,47.07,5.78,298.40,247.20,51.20,775.02,16.80,0.25,0.00,0.00
2014-08-17 10:00:00,688.87,619.53,60.14,9.19,474.84,409.42,65.42,854.20,19.67,0.23,0.00,0.00
2014-08-17 11:00:00,854.48,773.84,68.86,11.78,608.40,533.50,74.90,891.66,23.63,0.60,0.00,0.00
2014-08-17 12:00:00,951.41,864.40,73.71,13.30,687.18,607.00,80.18,908.73,26.99,0.80,0.00,0.00
2014-08-17 13:00:00,972.72,884.32,74.76,13.64,704.66,623.34,81.32,912.11,28.55,0.85,0.00,0.00
2014-08-17 14:00:00,917.13,832.38,71.98,12.77,659.48,581.18,78.30,903.22,29.57,0.69,0.00,0.00
2014-08-17 15:00:00,788.05,711.90,65.40,10.75,555.14,484.00,71.14,878.07,30.69,1.06,0.00,0.00
2014-08-17 16:00:00,595.26,532.62,54.88,7.76,400.74,341.04,59.70,826.51,28.27,0.84,0.00,0.00
2014-08-17 17:00:00,351.31,307.89,39.33,4.09,211.14,168.36,42.78,709.34,25.19,0.50,0.00,0.00
2014-08-17 18:00:00,61.96,52.28,9.29,0.39,20.12,10.02,10.10,269.59,21.63,0.84,0.00,0.00
2014-08-17 19:00:00,0.00,0.00,0.00,0.00,0.00,0.00,0.00,0.00,19.00,1.22,1.00,0.00
2014-08-17 20:00:00,0.00,0.00,0.00,0.00,0.00,0.00,0.00,0.00,17.14,1.35,1.00,0.00
2014-08-17 21:00:00,0.00,0.00,0.00,0.00,0.00,0.00,0.00,0.00,15.37,1.24,1.00,0.00
2014-08-17 22:00:00,0.00,0.00,0.00,0.00,0.00,0.00,0.00,0.00,13.87,1.43,1.00,0.00
2014-08-17 23:00:00,0.00,0.00,0.00,0.00,0.00,0.00,0.00,0.00,12.54,1.22,1.00,0.00
2014-08-18 00:00:00,0.00,0.00,0.00,0.00,0.00,0.00,0.00,0.00,11.54,1.25,1.00,0.00
2014-08-18 01:00:00,0.00,0.00,0.00,0.00,0.00,0.00,0.00,0.00,10.88,1.15,1.00,0.00
2014-08-18 02:00:00,0.00,0.00,0.00,0.00,0.00,0.00,0.00,0.00,10.04,1.14,1.00,0.00
2014-08-18 03:00:00,0.00,0.00,0.00,0.00,0.00,0.00,0.00,0.00,8.78,1.13,1.00,0.00
2014-08-18 04:00:00,0.00,0.00,0.00,0.00,0.00,0.00,0.00,0.00,8.56,1.12,1.00,0.00
2014-08-18 05:00:00,0.00,0.00,0.00,0.00,0.00,0.00,0.00,0.00,7.55,1.23,1.00,0.00
2014-08-18 06:00:00,0.00,0.00,0.00,0.00,0.00,0.00,0.00,0.00,6.85,1.52,1.00,0.00
2014-08-18 07:00:00,0.00,0.00,0.00,0.00,0.00,0.00,0.00,0.00,7.86,1.07,1.00,0.00
2014-08-18 08:00:00,215.68,186.04,27.51,2.14,110.36,80.44,29.92,608.21,11.56,0.69,0.00,0.00
2014-08-18 09:00:00,490.28,435.99,48.17,6.12,315.98,263.58,52.40,815.39,17.21,0.44,0.00,0.00
2014-08-18 10:00:00,717.11,646.17,61.32,9.62,496.66,429.96,66.70,888.82,21.08,0.20,0.00,0.00
2014-08-18 11:00:00,884.05,801.77,70.05,12.23,631.92,555.72,76.20,922.13,25.39,0.64,0.00,0.00
2014-08-18 12:00:00,979.46,890.87,74.85,13.75,710.02,628.60,81.42,935.09,29.16,1.01,0.00,0.00
2014-08-18 13:00:00,418.79,10.71,399.52,8.56,442.16,7.58,434.58,11.03,31.03,1.00,0.00,1.00
2014-08-18 14:00:00,938.19,852.19,72.88,13.11,677.22,597.94,79.28,923.71,30.36,0.94,0.00,0.00
2014-08-18 15:00:00,803.11,726.01,66.10,11.00,568.26,496.36,71.90,894.83,29.89,1.29,0.00,0.00
2014-08-18 16:00:00,604.66,541.32,55.42,7.93,409.46,349.18,60.28,839.77,27.59,0.97,0.00,0.00
2014-08-18 17:00:00,356.61,312.67,39.75,4.19,216.28,173.04,43.24,720.82,23.77,0.46,0.00,0.00
2014-08-18 18:00:00,67.12,56.59,10.09,0.44,22.58,11.60,10.98,292.87,19.95,0.59,0.00,0.00
2014-08-18 19:00:00,0.00,0.00,0.00,0.00,0.00,0.00,0.00,0.00,17.18,0.92,1.00,0.00
2014-08-18 20:00:00,0.00,0.00,0.00,0.00,0.00,0.00,0.00,0.00,15.54,1.14,1.00,0.00
2014-08-18 21:00:00,0.00,0.00,0.00,0.00,0.00,0.00,0.00,0.00,13.97,0.96,1.00,0.00
2014-08-18 22:00:00,0.00,0.00,0.00,0.00,0.00,0.00,0.00,0.00,12.59,1.20,1.00,0.00
2014-08-18 23:00:00,0.00,0.00,0.00,0.00,0.00,0.00,0.00,0.00,11.26,1.12,1.00,0.00
2014-08-19 00:00:00,0.00,0.00,0.00,0.00,0.00,0.00,0.00,0.00,10.20,1.12,1.00,0.00
2014-08-19 01:00:00,0.00,0.00,0.00,0.00,0.00,0.00,0.00,0.00,9.34,1.12,1.00,0.00
2014-08-19 02:00:00,0.00,0.00,0.00,0.00,0.00,0.00,0.00,0.00,8.55,1.13,1.00,0.00
2014-08-19 03:00:00,0.00,0.00,0.00,0.00,0.00,0.00,0.00,0.00,7.49,1.03,1.00,0.00
2014-08-19 04:00:00,0.00,0.00,0.00,0.00,0.00,0.00,0.00,0.00,7.18,1.01,1.00,0.00
2014-08-19 05:00:00,0.00,0.00,0.00,0.00,0.00,0.00,0.00,0.00,6.24,1.06,1.00,0.00
2014-08-19 06:00:00,0.00,0.00,0.00,0.00,0.00,0.00,0.00,0.00,5.64,1.16,1.00,0.00
2014-08-19 07:00:00,0.00,0.00,0.00,0.00,0.00,0.00,0.00,0.00,5.27,0.85,1.00,0.00
2014-08-19 08:00:00,21.27,1.80,19.05,0.42,21.52,0.80,20.72,5.86,7.30,0.40,0.00,1.00
2014-08-19 09:00:00,53.59,4.26,48.27,1.07,55.10,2.60,52.50,7.94,10.02,0.27,0.00,1.00
2014-08-19 10:00:00,83.56,6.30,75.59,1.67,86.44,4.22,82.22,8.65,12.18,0.45,0.00,1.00
2014-08-19 11:00:00,109.20,7.86,99.14,2.19,113.32,5.48,107.84,9.03,13.82,0.81,0.00,1.00
2014-08-19 12:00:00,224.08,8.72,210.80,4.56,235.48,6.18,229.30,9.14,15.56,1.17,0.00,1.00
2014-08-19 13:00:00,408.59,10.04,390.20,8.36,431.58,7.14,424.44,10.33,15.55,1.11,0.00,1.00
2014-08-19 14:00:00,367.64,8.34,351.77,7.52,388.52,5.88,382.64,9.03,15.90,1.17,0.00,1.00
2014-08-19 15:00:00,190.50,7.10,179.53,3.88,200.16,4.88,195.28,8.74,15.96,1.48,0.00,1.00
2014-08-19 16:00:00,122.84,5.26,115.08,2.49,128.60,3.42,125.18,8.16,14.36,1.11,0.00,1.00
2014-08-19 17:00:00,55.78,3.03,51.63,1.12,57.86,1.70,56.16,7.00,12.15,0.35,0.00,1.00
2014-08-19 18:00:00,5.87,1.10,4.67,0.10,5.32,0.24,5.08,5.71,10.47,0.35,0.00,1.00
2014-08-19 19:00:00,0.00,0.00,0.00,0.00,0.00,0.00,0.00,0.00,9.14,0.67,1.00,0.00
2014-08-19 20:00:00,0.00,0.00,0.00,0.00,0.00,0.00,0.00,0.00,8.40,0.94,1.00,0.00
2014-08-19 21:00:00,0.00,0.00,0.00,0.00,0.00,0.00,0.00,0.00,7.77,0.94,1.00,0.00
2014-08-19 22:00:00,0.00,0.00,0.00,0.00,0.00,0.00,0.00,0.00,7.60,1.08,1.00,0.00
2014-08-19 23:00:00,0.00,0.00,0.00,0.00,0.00,0.00,0.00,0.00,7.16,1.16,1.00,0.00
2014-08-20 00:00:00,0.00,0.00,0.00,0.00,0.00,0.00,0.00,0.00,7.09,1.17,1.00,0.00
2014-08-20 01:00:00,0.00,0.00,0.00,0.00,0.00,0.00,0.00,0.00,7.31,1.16,1.00,0.00
2014-08-20 02:00:00,0.00,0.00,0.00,0.00,0.00,0.00,0.00,0.00,7.57,1.11,1.00,0.00
2014-08-20 03:00:00,0.00,0.00,0.00,0.00,0.00,0.00,0.00,0.00,7.69,1.15,1.00,0.00
2014-08-20 04:00:00,0.00,0.00,0.00,0.00,0.00,0.00,0.00,0.00,8.02,1.18,1.00,0.00
2014-08-20 05:00:00,0.00,0.00,0.00,0.00,0.00,0.00,0.00,0.00,7.93,1.19,1.00,0.00
2014-08-20 06:00:00,0.00,0.00,0.00,0.00,0.00,0.00,0.00,0.00,8.01,1.10,1.00,0.00
2014-08-20 07:00:00,0.00,0.00,0.00,0.00,0.00,0.00,0.00,0.00,8.41,0.89,1.00,0.00
2014-08-20 08:00:00,27.76,1.80,25.41,0.55,28.46,0.82,27.64,5.83,11.13,0.38,0.00,1.00
2014-08-20 09:00:00,476.45,422.30,48.10,6.06,312.98,260.66,52.32,785.13,13.36,0.20,0.00,0.00
2014-08-20 10:00:00,697.15,626.73,60.95,9.47,489.04,422.74,66.30,858.22,15.28,0.58,0.00,0.00
2014-08-20 11:00:00,860.23,778.67,69.54,12.03,621.24,545.60,75.64,892.19,16.54,0.66,0.00,0.00
2014-08-20 12:00:00,395.25,9.27,377.90,8.09,417.66,6.60,411.06,9.70,17.66,0.98,0.00,1.00
2014-08-20 13:00:00,974.80,885.72,75.24,13.84,714.82,632.98,81.84,910.06,17.79,1.28,0.00,0.00
2014-08-20 14:00:00,917.54,832.20,72.41,12.94,668.32,589.56,78.76,900.27,18.02,1.06,0.00,0.00
2014-08-20 15:00:00,786.84,710.16,65.79,10.89,562.52,490.96,71.56,874.14,17.97,1.11,0.00,0.00
2014-08-20 16:00:00,593.27,530.10,55.29,7.88,407.04,346.90,60.14,822.07,16.92,1.08,0.00,0.00
2014-08-20 17:00:00,350.29,306.21,39.88,4.20,217.04,173.66,43.38,706.95,13.53,0.50,0.00,0.00
2014-08-20 18:00:00,68.02,56.48,11.05,0.49,25.16,13.14,12.02,294.19,11.67,0.52,0.00,0.00
2014-08-20 19:00:00,0.00,0.00,0.00,0.00,0.00,0.00,0.00,0.00,10.33,0.73,1.00,0.00
2014-08-20 20:00:00,0.00,0.00,0.00,0.00,0.00,0.00,0.00,0.00,9.56,0.94,1.00,0.00
2014-08-20 21:00:00,0.00,0.00,0.00,0.00,0.00,0.00,0.00,0.00,9.13,0.76,1.00,0.00
2014-08-20 22:00:00,0.00,0.00,0.00,0.00,0.00,0.00,0.00,0.00,9.24,0.97,1.00,0.00
2014-08-20 23:00:00,0.00,0.00,0.00,0.00,0.00,0.00,0.00,0.00,8.71,1.04,1.00,0.00
2014-08-21 00:00:00,0.00,0.00,0.00,0.00,0.00,0.00,0.00,0.00,8.66,1.05,1.00,0.00
2014-08-21 01:00:00,0.00,0.00,0.00,0.00,0.00,0.00,0.00,0.00,8.66,0.91,1.00,0.00
2014-08-21 02:00:00,0.00,0.00,0.00,0.00,0.00,0.00,0.00,0.00,8.54,1.03,1.00,0.00
2014-08-21 03:00:00,0.00,0.00,0.00,0.00,0.00,0.00,0.00,0.00,8.73,0.82,1.00,0.00
2014-08-21 04:00:00,0.00,0.00,0.00,0.00,0.00,0.00,0.00,0.00,8.67,0.75,1.00,0.00
2014-08-21 05:00:00,0.00,0.00,0.00,0.00,0.00,0.00,0.00,0.00,8.54,0.67,1.00,0.00
2014-08-21 06:00:00,0.00,0.00,0.00,0.00,0.00,0.00,0.00,0.00,8.33,0.58,1.00,0.00
2014-08-21 07:00:00,0.00,0.00,0.00,0.00,0.00,0.00,0.00,0.00,8.16,0.71,1.00,0.00
2014-08-21 08:00:00,21.55,1.84,19.29,0.42,21.84,0.86,20.98,5.93,11.54,0.17,0.00,1.00
2014-08-21 09:00:00,68.40,4.23,62.79,1.37,70.94,2.64,68.30,7.85,13.29,0.31,0.00,1.00
2014-08-21 10:00:00,119.12,6.30,110.41,2.41,124.38,4.28,120.10,8.61,15.15,0.66,0.00,1.00
2014-08-21 11:00:00,163.56,7.84,152.41,3.32,171.30,5.52,165.78,8.96,16.86,0.78,0.00,1.00
2014-08-21 12:00:00,960.70,872.07,74.96,13.66,705.74,624.20,81.54,911.17,18.30,1.17,0.00,0.00
2014-08-21 13:00:00,978.92,889.08,75.88,13.96,720.90,638.36,82.54,912.38,18.85,1.41,0.00,0.00
2014-08-21 14:00:00,920.43,834.42,72.98,13.04,673.40,594.02,79.38,901.82,18.56,1.52,0.00,0.00
2014-08-21 15:00:00,787.84,710.60,66.28,10.96,566.12,494.02,72.10,874.20,17.92,1.67,0.00,0.00
2014-08-21 16:00:00,593.00,529.35,55.71,7.93,409.60,349.00,60.60,820.89,16.27,1.43,0.00,0.00
2014-08-21 17:00:00,349.62,305.10,40.29,4.24,218.98,175.16,43.82,704.81,13.60,0.85,0.00,0.00
2014-08-21 18:00:00,70.15,57.88,11.75,0.52,27.04,14.26,12.78,302.72,11.32,0.62,0.00,0.00
2014-08-21 19:00:00,0.00,0.00,0.00,0.00,0.00,0.00,0.00,0.00,9.45,0.75,1.00,0.00
2014-08-21 20:00:00,0.00,0.00,0.00,0.00,0.00,0.00,0.00,0.00,8.12,0.89,1.00,0.00
2014-08-21 21:00:00,0.00,0.00,0.00,0.00,0.00,0.00,0.00,0.00,7.09,0.84,1.00,0.00
2014-08-21 22:00:00,0.00,0.00,0.00,0.00,0.00,0.00,0.00,0.00,6.48,0.86,1.00,0.00
2014-08-21 23:00:00,0.00,0.00,0.00,0.00,0.00,0.00,0.00,0.00,5.57,0.91,1.00,0.00
2014-08-22 00:00:00,0.00,0.00,0.00,0.00,0.00,0.00,0.00,0.00,4.78,0.91,1.00,0.00
2014-08-22 01:00:00,0.00,0.00,0.00,0.00,0.00,0.00,0.00,0.00,4.15,0.89,1.00,0.00
2014-08-22 02:00:00,0.00,0.00,0.00,0.00,0.00,0.00,0.00,0.00,3.67,0.95,1.00,0.00
2014-08-22 03:00:00,0.00,0.00,0.00,0.00,0.00,0.00,0.00,0.00,4.14,0.80,1.00,0.00
2014-08-22 04:00:00,0.00,0.00,0.00,0.00,0.00,0.00,0.00,0.00,4.41,0.73,1.00,0.00
2014-08-22 05:00:00,0.00,0.00,0.00,0.00,0.00,0.00,0.00,0.00,4.67,0.66,1.00,0.00
2014-08-22 06:00:00,0.00,0.00,0.00,0.00,0.00,0.00,0.00,0.00,5.14,0.53,1.00,0.00
2014-08-22 07:00:00,0.00,0.00,0.00,0.00,0.00,0.00,0.00,0.00,5.27,0.46,1.00,0.00
2014-08-22 08:00:00,31.55,1.79,29.12,0.63,32.54,0.86,31.68,5.76,8.11,0.10,0.00,1.00
2014-08-22 09:00:00,470.17,415.59,48.49,6.09,314.54,261.80,52.74,768.03,10.01,0.29,0.00,0.00
2014-08-22 10:00:00,687.87,617.26,61.15,9.46,488.52,422.00,66.52,841.46,12.53,0.58,0.00,0.00
2014-08-22 11:00:00,849.16,767.54,69.63,11.99,619.30,543.56,75.74,876.25,14.36,0.88,0.00,0.00
2014-08-22 12:00:00,347.02,8.54,331.38,7.10,366.60,6.14,360.46,8.91,15.56,1.08,0.00,1.00
2014-08-22 13:00:00,357.93,8.71,341.90,7.32,378.18,6.28,371.90,8.92,15.91,1.13,0.00,1.00
2014-08-22 14:00:00,323.17,8.16,308.40,6.61,341.30,5.84,335.46,8.81,15.92,1.16,0.00,1.00
2014-08-22 15:00:00,189.58,6.95,178.77,3.86,199.32,4.86,194.46,8.55,15.32,1.34,0.00,1.00
2014-08-22 16:00:00,122.87,5.15,115.23,2.49,128.76,3.42,125.34,7.98,14.13,1.27,0.00,1.00
2014-08-22 17:00:00,56.63,2.96,52.53,1.14,58.86,1.72,57.14,6.85,12.67,1.03,0.00,1.00
2014-08-22 18:00:00,6.62,0.92,5.57,0.12,6.30,0.24,6.06,4.84,10.89,0.97,0.00,1.00
2014-08-22 19:00:00,0.00,0.00,0.00,0.00,0.00,0.00,0.00,0.00,9.42,0.80,1.00,0.00
2014-08-22 20:00:00,0.00,0.00,0.00,0.00,0.00,0.00,0.00,0.00,9.24,0.58,1.00,0.00
2014-08-22 21:00:00,0.00,0.00,0.00,0.00,0.00,0.00,0.00,0.00,8.91,0.41,1.00,0.00
2014-08-22 22:00:00,0.00,0.00,0.00,0.00,0.00,0.00,0.00,0.00,8.72,0.40,1.00,0.00
2014-08-22 23:00:00,0.00,0.00,0.00,0.00,0.00,0.00,0.00,0.00,8.57,0.40,1.00,0.00
2014-08-23 00:00:00,0.00,0.00,0.00,0.00,0.00,0.00,0.00,0.00,8.63,0.46,1.00,0.00
2014-08-23 01:00:00,0.00,0.00,0.00,0.00,0.00,0.00,0.00,0.00,8.73,0.27,1.00,0.00
2014-08-23 02:00:00,0.00,0.00,0.00,0.00,0.00,0.00,0.00,0.00,8.88,0.42,1.00,0.00
2014-08-23 03:00:00,0.00,0.00,0.00,0.00,0.00,0.00,0.00,0.00,9.21,0.26,1.00,0.00
2014-08-23 04:00:00,0.00,0.00,0.00,0.00,0.00,0.00,0.00,0.00,9.54,0.25,1.00,0.00
2014-08-23 05:00:00,0.00,0.00,0.00,0.00,0.00,0.00,0.00,0.00,9.01,0.41,1.00,0.00
2014-08-23 06:00:00,0.00,0.00,0.00,0.00,0.00,0.00,0.00,0.00,7.61,0.51,1.00,0.00
2014-08-23 07:00:00,0.00,0.00,0.00,0.00,0.00,0.00,0.00,0.00,7.98,0.15,1.00,0.00
2014-08-23 08:00:00,28.09,1.75,25.78,0.56,28.90,0.86,28.04,5.60,8.48,0.36,0.00,1.00
2014-08-23 09:00:00,49.13,4.12,44.04,0.98,50.52,2.62,47.90,7.59,9.15,0.56,0.00,1.00
2014-08-23 10:00:00,83.00,6.13,75.20,1.67,86.02,4.22,81.80,8.34,10.20,0.50,0.00,1.00
2014-08-23 11:00:00,111.97,7.61,102.10,2.25,116.48,5.42,111.06,8.67,11.12,0.58,0.00,1.00
2014-08-23 12:00:00,55.01,8.50,45.43,1.08,55.56,6.14,49.42,8.85,11.66,0.81,0.00,1.00
2014-08-23 13:00:00,56.25,8.67,46.48,1.10,56.84,6.28,50.56,8.87,11.21,0.73,0.00,1.00
2014-08-23 14:00:00,52.65,8.15,43.47,1.03,53.14,5.86,47.28,8.79,10.79,0.66,0.00,1.00
2014-08-23 15:00:00,140.07,6.94,130.29,2.84,146.60,4.88,141.72,8.53,9.36,0.40,0.00,1.00
2014-08-23 16:00:00,92.80,5.17,85.76,1.87,96.74,3.46,93.28,8.02,8.28,0.62,0.00,1.00
2014-08-23 17:00:00,44.22,2.99,40.34,0.88,45.64,1.76,43.88,6.93,6.79,0.34,0.00,1.00
2014-08-23 18:00:00,5.54,0.87,4.56,0.10,5.20,0.24,4.96,4.62,6.70,0.51,0.00,1.00
2014-08-23 19:00:00,0.00,0.00,0.00,0.00,0.00,0.00,0.00,0.00,6.41,0.66,1.00,0.00
2014-08-23 20:00:00,0.00,0.00,0.00,0.00,0.00,0.00,0.00,0.00,6.30,0.36,1.00,0.00
2014-08-23 21:00:00,0.00,0.00,0.00,0.00,0.00,0.00,0.00,0.00,6.34,0.28,1.00,0.00
2014-08-23 22:00:00,0.00,0.00,0.00,0.00,0.00,0.00,0.00,0.00,5.87,0.23,1.00,0.00
2014-08-23 23:00:00,0.00,0.00,0.00,0.00,0.00,0.00,0.00,0.00,5.87,0.26,1.00,0.00
2014-08-24 00:00:00,0.00,0.00,0.00,0.00,0.00,0.00,0.00,0.00,6.03,0.68,1.00,0.00
2014-08-24 01:00:00,0.00,0.00,0.00,0.00,0.00,0.00,0.00,0.00,6.61,0.92,1.00,0.00
2014-08-24 02:00:00,0.00,0.00,0.00,0.00,0.00,0.00,0.00,0.00,7.12,1.29,1.00,0.00
2014-08-24 03:00:00,0.00,0.00,0.00,0.00,0.00,0.00,0.00,0.00,7.32,1.34,1.00,0.00
2014-08-24 04:00:00,0.00,0.00,0.00,0.00,0.00,0.00,0.00,0.00,7.68,1.60,1.00,0.00
2014-08-24 05:00:00,0.00,0.00,0.00,0.00,0.00,0.00,0.00,0.00,7.79,1.04,1.00,0.00
2014-08-24 06:00:00,0.00,0.00,0.00,0.00,0.00,0.00,0.00,0.00,7.32,1.19,1.00,0.00
2014-08-24 07:00:00,0.00,0.00,0.00,0.00,0.00,0.00,0.00,0.00,6.49,0.63,1.00,0.00
2014-08-24 08:00:00,10.26,1.83,8.24,0.19,9.88,0.92,8.96,5.82,6.22,0.57,0.00,1.00
2014-08-24 09:00:00,96.03,4.17,89.91,1.95,100.48,2.68,97.80,7.66,7.76,0.49,0.00,1.00
2014-08-24 10:00:00,169.70,6.21,160.04,3.45,178.38,4.30,174.08,8.42,8.46,0.40,0.00,1.00
2014-08-24 11:00:00,235.56,7.71,223.05,4.80,248.14,5.52,242.62,8.77,9.55,0.66,0.00,1.00
2014-08-24 12:00:00,59.16,8.59,49.41,1.16,59.98,6.24,53.74,8.94,10.24,0.78,0.00,1.00
2014-08-24 13:00:00,60.71,8.79,50.73,1.19,61.58,6.40,55.18,8.99,10.49,0.73,0.00,1.00
2014-08-24 14:00:00,56.14,8.25,46.79,1.10,56.86,5.96,50.90,8.89,10.98,0.73,0.00,1.00
2014-08-24 15:00:00,199.79,7.02,188.70,4.07,210.22,4.96,205.26,8.62,10.31,0.58,0.00,1.00
2014-08-24 16:00:00,129.84,5.22,121.98,2.64,136.20,3.52,132.68,8.10,9.89,0.55,0.00,1.00
2014-08-24 17:00:00,60.24,3.02,56.01,1.21,62.72,1.80,60.92,7.00,8.86,0.41,0.00,1.00
2014-08-24 18:00:00,7.39,0.83,6.42,0.14,7.22,0.24,6.98,4.41,7.72,0.68,0.00,1.00
2014-08-24 19:00:00,0.00,0.00,0.00,0.00,0.00,0.00,0.00,0.00,6.16,1.10,1.00,0.00
2014-08-24 20:00:00,0.00,0.00,0.00,0.00,0.00,0.00,0.00,0.00,5.41,0.82,1.00,0.00
2014-08-24 21:00:00,0.00,0.00,0.00,0.00,0.00,0.00,0.00,0.00,4.98,0.88,1.00,0.00
2014-08-24 22:00:00,0.00,0.00,0.00,0.00,0.00,0.00,0.00,0.00,4.37,0.74,1.00,0.00
2014-08-24 23:00:00,0.00,0.00,0.00,0.00,0.00,0.00,0.00,0.00,3.43,0.73,1.00,0.00
2014-08-25 00:00:00,0.00,0.00,0.00,0.00,0.00,0.00,0.00,0.00,2.61,0.68,1.00,0.00
2014-08-25 01:00:00,0.00,0.00,0.00,0.00,0.00,0.00,0.00,0.00,2.11,0.62,1.00,0.00
2014-08-25 02:00:00,0.00,0.00,0.00,0.00,0.00,0.00,0.00,0.00,1.34,0.60,1.00,0.00
2014-08-25 03:00:00,0.00,0.00,0.00,0.00,0.00,0.00,0.00,0.00,0.69,0.65,1.00,0.00
2014-08-25 04:00:00,0.00,0.00,0.00,0.00,0.00,0.00,0.00,0.00,1.36,0.37,1.00,0.00
2014-08-25 05:00:00,0.00,0.00,0.00,0.00,0.00,0.00,0.00,0.00,2.21,0.44,1.00,0.00
2014-08-25 06:00:00,0.00,0.00,0.00,0.00,0.00,0.00,0.00,0.00,3.35,0.20,1.00,0.00
2014-08-25 07:00:00,0.00,0.00,0.00,0.00,0.00,0.00,0.00,0.00,4.64,0.14,1.00,0.00
2014-08-25 08:00:00,41.30,1.98,38.48,0.83,42.88,1.02,41.86,6.27,6.93,0.28,0.00,1.00
2014-08-25 09:00:00,500.74,443.63,50.47,6.64,342.92,288.02,54.90,812.57,9.86,0.43,0.00,0.00
2014-08-25 10:00:00,726.34,652.88,63.31,10.15,524.28,455.42,68.86,883.99,11.81,0.68,0.00,0.00
2014-08-25 11:00:00,894.10,809.32,71.98,12.79,660.82,582.52,78.30,918.92,13.97,0.82,0.00,0.00
2014-08-25 12:00:00,987.04,896.15,76.62,14.27,737.16,653.82,83.34,930.84,15.99,1.03,0.00,0.00
2014-08-25 13:00:00,1002.92,910.96,77.43,14.53,750.52,666.30,84.22,930.51,17.20,1.09,0.00,0.00
2014-08-25 14:00:00,940.78,852.83,74.39,13.55,700.10,619.18,80.92,918.60,18.09,1.27,0.00,0.00
2014-08-25 15:00:00,805.68,726.64,67.61,11.43,590.26,516.72,73.54,892.22,17.34,1.31,0.00,0.00
2014-08-25 16:00:00,607.35,542.10,56.93,8.32,429.96,368.04,61.92,840.77,15.85,1.13,0.00,0.00
2014-08-25 17:00:00,360.60,314.59,41.46,4.54,234.62,189.52,45.10,729.87,13.95,0.95,0.00,0.00
2014-08-25 18:00:00,79.50,65.20,13.62,0.67,34.62,19.80,14.82,347.12,11.29,0.79,0.00,0.00
2014-08-25 19:00:00,0.00,0.00,0.00,0.00,0.00,0.00,0.00,0.00,9.12,1.13,1.00,0.00
2014-08-25 20:00:00,0.00,0.00,0.00,0.00,0.00,0.00,0.00,0.00,7.54,1.07,1.00,0.00
2014-08-25 21:00:00,0.00,0.00,0.00,0.00,0.00,0.00,0.00,0.00,5.97,1.06,1.00,0.00
2014-08-25 22:00:00,0.00,0.00,0.00,0.00,0.00,0.00,0.00,0.00,4.60,1.06,1.00,0.00
2014-08-25 23:00:00,0.00,0.00,0.00,0.00,0.00,0.00,0.00,0.00,3.62,1.06,1.00,0.00
2014-08-26 00:00:00,0.00,0.00,0.00,0.00,0.00,0.00,0.00,0.00,2.85,1.02,1.00,0.00
2014-08-26 01:00:00,0.00,0.00,0.00,0.00,0.00,0.00,0.00,0.00,2.29,0.87,1.00,0.00
2014-08-26 02:00:00,0.00,0.00,0.00,0.00,0.00,0.00,0.00,0.00,1.65,0.86,1.00,0.00
2014-08-26 03:00:00,0.00,0.00,0.00,0.00,0.00,0.00,0.00,0.00,1.16,0.97,1.00,0.00
2014-08-26 04:00:00,0.00,0.00,0.00,0.00,0.00,0.00,0.00,0.00,2.10,0.70,1.00,0.00
2014-08-26 05:00:00,0.00,0.00,0.00,0.00,0.00,0.00,0.00,0.00,3.13,0.82,1.00,0.00
2014-08-26 06:00:00,0.00,0.00,0.00,0.00,0.00,0.00,0.00,0.00,3.92,0.99,1.00,0.00
2014-08-26 07:00:00,0.00,0.00,0.00,0.00,0.00,0.00,0.00,0.00,5.42,0.78,1.00,0.00
2014-08-26 08:00:00,248.27,213.56,31.86,2.85,147.02,112.36,34.66,672.36,8.95,0.45,0.00,0.00
2014-08-26 09:00:00,517.72,459.64,51.17,6.91,357.00,301.34,55.66,839.34,13.15,0.25,0.00,0.00
2014-08-26 10:00:00,741.92,667.57,63.93,10.42,538.34,468.80,69.54,901.86,16.17,0.18,0.00,0.00
2014-08-26 11:00:00,906.53,821.04,72.46,13.03,672.96,594.14,78.82,930.53,19.52,0.45,0.00,0.00
2014-08-26 12:00:00,403.79,9.60,385.92,8.26,426.82,7.04,419.78,9.96,22.15,0.74,0.00,1.00
2014-08-26 13:00:00,413.48,10.12,394.89,8.46,436.98,7.44,429.54,10.33,23.67,0.93,0.00,1.00
2014-08-26 14:00:00,371.02,8.58,354.85,7.59,392.24,6.26,385.98,9.23,23.25,1.04,0.00,1.00
2014-08-26 15:00:00,805.90,726.85,67.57,11.48,593.24,519.74,73.50,892.18,22.17,1.21,0.00,0.00
2014-08-26 16:00:00,604.63,539.48,56.81,8.34,430.78,368.98,61.80,836.92,20.64,0.93,0.00,0.00
2014-08-26 17:00:00,356.98,311.07,41.37,4.54,234.70,189.70,45.00,722.59,18.03,0.98,0.00,0.00
2014-08-26 18:00:00,82.33,67.44,14.18,0.71,36.88,21.46,15.42,360.79,15.25,0.86,0.00,0.00
2014-08-26 19:00:00,0.00,0.00,0.00,0.00,0.00,0.00,0.00,0.00,13.35,0.96,1.00,0.00
2014-08-26 20:00:00,0.00,0.00,0.00,0.00,0.00,0.00,0.00,0.00,12.53,0.85,1.00,0.00
2014-08-26 21:00:00,0.00,0.00,0.00,0.00,0.00,0.00,0.00,0.00,11.74,0.67,1.00,0.00
2014-08-26 22:00:00,0.00,0.00,0.00,0.00,0.00,0.00,0.00,0.00,11.23,0.65,1.00,0.00
2014-08-26 23:00:00,0.00,0.00,0.00,0.00,0.00,0.00,0.00,0.00,10.97,0.67,1.00,0.00
2014-08-27 00:00:00,0.00,0.00,0.00,0.00,0.00,0.00,0.00,0.00,10.69,0.63,1.00,0.00
2014-08-27 01:00:00,0.00,0.00,0.00,0.00,0.00,0.00,0.00,0.00,10.25,0.67,1.00,0.00
2014-08-27 02:00:00,0.00,0.00,0.00,0.00,0.00,0.00,0.00,0.00,9.75,0.76,1.00,0.00
2014-08-27 03:00:00,0.00,0.00,0.00,0.00,0.00,0.00,0.00,0.00,9.17,0.66,1.00,0.00
2014-08-27 04:00:00,0.00,0.00,0.00,0.00,0.00,0.00,0.00,0.00,8.58,0.65,1.00,0.00
2014-08-27 05:00:00,0.00,0.00,0.00,0.00,0.00,0.00,0.00,0.00,7.94,0.54,1.00,0.00
2014-08-27 06:00:00,0.00,0.00,0.00,0.00,0.00,0.00,0.00,0.00,7.03,0.45,1.00,0.00
2014-08-27 07:00:00,0.00,0.00,0.00,0.00,0.00,0.00,0.00,0.00,6.90,0.49,1.00,0.00
2014-08-27 08:00:00,12.64,1.97,10.43,0.24,12.40,1.06,11.34,6.17,7.98,0.30,0.00,1.00
2014-08-27 09:00:00,27.44,4.35,22.56,0.53,27.42,2.88,24.54,7.92,9.07,0.37,0.00,1.00
2014-08-27 10:00:00,41.22,6.36,34.05,0.80,41.54,4.50,37.04,8.58,11.27,0.68,0.00,1.00
2014-08-27 11:00:00,51.54,7.89,42.64,1.01,52.12,5.74,46.38,8.93,12.18,0.84,0.00,1.00
2014-08-27 12:00:00,73.24,8.74,63.05,1.45,75.02,6.44,68.58,9.06,12.82,1.05,0.00,1.00
2014-08-27 13:00:00,74.92,8.91,64.52,1.49,76.76,6.58,70.18,9.08,13.02,1.32,0.00,1.00
2014-08-27 14:00:00,68.95,8.35,59.24,1.37,70.56,6.12,64.44,8.98,12.76,1.62,0.00,1.00
2014-08-27 15:00:00,222.33,7.12,210.67,4.54,234.28,5.12,229.16,8.74,12.45,1.67,0.00,1.00
2014-08-27 16:00:00,144.70,5.31,136.45,2.94,152.08,3.66,148.42,8.24,11.73,1.49,0.00,1.00
2014-08-27 17:00:00,67.74,3.08,63.29,1.37,70.74,1.90,68.84,7.16,9.54,1.30,0.00,1.00
2014-08-27 18:00:00,9.23,0.72,8.33,0.18,9.30,0.24,9.06,3.88,7.66,0.97,0.00,1.00
2014-08-27 19:00:00,0.00,0.00,0.00,0.00,0.00,0.00,0.00,0.00,6.30,0.97,1.00,0.00
2014-08-27 20:00:00,0.00,0.00,0.00,0.00,0.00,0.00,0.00,0.00,5.88,0.85,1.00,0.00
2014-08-27 21:00:00,0.00,0.00,0.00,0.00,0.00,0.00,0.00,0.00,5.49,0.66,1.00,0.00
2014-08-27 22:00:00,0.00,0.00,0.00,0.00,0.00,0.00,0.00,0.00,5.39,0.55,1.00,0.00
2014-08-27 23:00:00,0.00,0.00,0.00,0.00,0.00,0.00,0.00,0.00,5.24,0.83,1.00,0.00
2014-08-28 00:00:00,0.00,0.00,0.00,0.00,0.00,0.00,0.00,0.00,5.11,0.84,1.00,0.00
2014-08-28 01:00:00,0.00,0.00,0.00,0.00,0.00,0.00,0.00,0.00,5.37,0.80,1.00,0.00
2014-08-28 02:00:00,0.00,0.00,0.00,0.00,0.00,0.00,0.00,0.00,5.49,0.94,1.00,0.00
2014-08-28 03:00:00,0.00,0.00,0.00,0.00,0.00,0.00,0.00,0.00,5.72,0.77,1.00,0.00
2014-08-28 04:00:00,0.00,0.00,0.00,0.00,0.00,0.00,0.00,0.00,5.72,0.68,1.00,0.00
2014-08-28 05:00:00,0.00,0.00,0.00,0.00,0.00,0.00,0.00,0.00,5.80,0.55,1.00,0.00
2014-08-28 06:00:00,0.00,0.00,0.00,0.00,0.00,0.00,0.00,0.00,5.35,0.60,1.00,0.00
2014-08-28 07:00:00,0.00,0.00,0.00,0.00,0.00,0.00,0.00,0.00,6.32,0.77,1.00,0.00
2014-08-28 08:00:00,26.09,2.04,23.53,0.52,26.72,1.12,25.60,6.35,9.21,0.37,0.00,1.00
2014-08-28 09:00:00,38.04,4.40,32.89,0.75,38.72,2.94,35.78,7.98,10.67,0.43,0.00,1.00
2014-08-28 10:00:00,143.93,6.44,134.57,2.92,150.96,4.58,146.38,8.65,13.06,0.37,0.00,1.00
2014-08-28 11:00:00,228.24,7.93,215.66,4.65,240.38,5.80,234.58,8.96,16.42,0.55,0.00,1.00
2014-08-28 12:00:00,82.77,8.81,72.31,1.65,85.18,6.52,78.66,9.11,19.00,0.82,0.00,1.00
2014-08-28 13:00:00,240.36,8.98,226.49,4.90,253.02,6.66,246.36,9.14,20.77,1.14,0.00,1.00
2014-08-28 14:00:00,178.38,8.41,166.34,3.62,187.14,6.20,180.94,9.04,20.52,1.32,0.00,1.00
2014-08-28 15:00:00,137.59,7.16,127.64,2.79,144.02,5.18,138.84,8.79,19.33,1.59,0.00,1.00
2014-08-28 16:00:00,113.82,5.33,106.18,2.31,119.20,3.70,115.50,8.27,18.08,1.44,0.00,1.00
2014-08-28 17:00:00,64.80,3.07,60.42,1.31,67.64,1.92,65.72,7.16,15.78,1.11,0.00,1.00
2014-08-28 18:00:00,83.39,67.49,15.13,0.77,39.96,23.50,16.46,365.14,14.15,0.76,0.00,0.00
2014-08-28 19:00:00,0.00,0.00,0.00,0.00,0.00,0.00,0.00,0.00,12.71,0.75,1.00,0.00
2014-08-28 20:00:00,0.00,0.00,0.00,0.00,0.00,0.00,0.00,0.00,11.88,0.74,1.00,0.00
2014-08-28 21:00:00,0.00,0.00,0.00,0.00,0.00,0.00,0.00,0.00,11.20,0.60,1.00,0.00
2014-08-28 22:00:00,0.00,0.00,0.00,0.00,0.00,0.00,0.00,0.00,10.69,0.71,1.00,0.00
2014-08-28 23:00:00,0.00,0.00,0.00,0.00,0.00,0.00,0.00,0.00,10.17,0.79,1.00,0.00
2014-08-29 00:00:00,0.00,0.00,0.00,0.00,0.00,0.00,0.00,0.00,9.78,0.83,1.00,0.00
2014-08-29 01:00:00,0.00,0.00,0.00,0.00,0.00,0.00,0.00,0.00,9.39,0.80,1.00,0.00
2014-08-29 02:00:00,0.00,0.00,0.00,0.00,0.00,0.00,0.00,0.00,9.13,0.75,1.00,0.00
2014-08-29 03:00:00,0.00,0.00,0.00,0.00,0.00,0.00,0.00,0.00,8.74,0.82,1.00,0.00
2014-08-29 04:00:00,0.00,0.00,0.00,0.00,0.00,0.00,0.00,0.00,8.38,0.93,1.00,0.00
2014-08-29 05:00:00,0.00,0.00,0.00,0.00,0.00,0.00,0.00,0.00,8.11,0.72,1.00,0.00
2014-08-29 06:00:00,0.00,0.00,0.00,0.00,0.00,0.00,0.00,0.00,7.27,0.69,1.00,0.00
2014-08-29 07:00:00,0.00,0.00,0.00,0.00,0.00,0.00,0.00,0.00,6.62,0.76,1.00,0.00
2014-08-29 08:00:00,33.59,2.03,30.89,0.67,34.74,1.14,33.60,6.30,8.27,0.65,0.00,1.00
2014-08-29 09:00:00,69.65,4.41,63.84,1.40,72.42,2.98,69.44,7.99,11.37,0.36,0.00,1.00
2014-08-29 10:00:00,130.37,6.45,121.28,2.64,136.54,4.62,131.92,8.65,14.49,0.25,0.00,1.00
2014-08-29 11:00:00,358.78,7.97,343.46,7.35,379.46,5.86,373.60,8.98,17.54,0.33,0.00,1.00
2014-08-29 12:00:00,422.45,10.46,403.35,8.64,446.52,7.78,438.74,10.81,20.15,0.71,0.00,1.00
2014-08-29 13:00:00,408.04,9.69,390.00,8.35,431.44,7.22,424.22,9.85,21.66,0.78,0.00,1.00
2014-08-29 14:00:00,316.84,8.40,301.96,6.48,334.68,6.22,328.46,9.02,22.67,1.05,0.00,1.00
2014-08-29 15:00:00,142.13,7.12,132.13,2.88,148.90,5.18,143.72,8.74,22.06,1.07,0.00,1.00
2014-08-29 16:00:00,147.28,5.29,138.99,3.00,154.88,3.70,151.18,8.22,21.11,0.88,0.00,1.00
2014-08-29 17:00:00,83.07,3.07,78.31,1.69,87.12,1.94,85.18,7.16,19.10,0.73,0.00,1.00
2014-08-29 18:00:00,84.17,67.79,15.57,0.81,41.62,24.68,16.94,368.52,17.77,0.68,0.00,0.00
2014-08-29 19:00:00,0.00,0.00,0.00,0.00,0.00,0.00,0.00,0.00,16.60,0.59,1.00,0.00
2014-08-29 20:00:00,0.00,0.00,0.00,0.00,0.00,0.00,0.00,0.00,15.94,0.65,1.00,0.00
2014-08-29 21:00:00,0.00,0.00,0.00,0.00,0.00,0.00,0.00,0.00,15.59,0.61,1.00,0.00
2014-08-29 22:00:00,0.00,0.00,0.00,0.00,0.00,0.00,0.00,0.00,15.70,0.54,1.00,0.00
2014-08-29 23:00:00,0.00,0.00,0.00,0.00,0.00,0.00,0.00,0.00,15.63,0.42,1.00,0.00
2014-08-30 00:00:00,0.00,0.00,0.00,0.00,0.00,0.00,0.00,0.00,15.48,0.54,1.00,0.00
2014-08-30 01:00:00,0.00,0.00,0.00,0.00,0.00,0.00,0.00,0.00,15.29,0.27,1.00,0.00
2014-08-30 02:00:00,0.00,0.00,0.00,0.00,0.00,0.00,0.00,0.00,15.01,0.51,1.00,0.00
2014-08-30 03:00:00,0.00,0.00,0.00,0.00,0.00,0.00,0.00,0.00,14.27,0.30,1.00,0.00
2014-08-30 04:00:00,0.00,0.00,0.00,0.00,0.00,0.00,0.00,0.00,13.94,0.43,1.00,0.00
2014-08-30 05:00:00,0.00,0.00,0.00,0.00,0.00,0.00,0.00,0.00,13.59,0.26,1.00,0.00
2014-08-30 06:00:00,0.00,0.00,0.00,0.00,0.00,0.00,0.00,0.00,12.78,1.07,1.00,0.00
2014-08-30 07:00:00,0.00,0.00,0.00,0.00,0.00,0.00,0.00,0.00,12.94,1.23,1.00,0.00
2014-08-30 08:00:00,49.08,1.95,46.13,0.99,51.30,1.12,50.18,6.03,13.45,1.23,0.00,1.00
2014-08-30 09:00:00,485.60,427.80,51.08,6.72,347.22,291.66,55.56,771.58,12.80,1.51,0.00,0.00
2014-08-30 10:00:00,700.32,626.87,63.36,10.09,521.00,452.08,68.92,839.32,13.85,0.95,0.00,0.00
2014-08-30 11:00:00,859.58,775.32,71.65,12.61,651.14,573.20,77.94,872.65,15.49,0.82,0.00,0.00
2014-08-30 12:00:00,428.35,10.70,408.88,8.77,452.76,8.00,444.76,11.04,17.00,0.82,0.00,1.00
2014-08-30 13:00:00,335.82,8.79,320.17,6.87,354.84,6.58,348.26,8.93,17.76,1.06,0.00,1.00
2014-08-30 14:00:00,233.64,8.25,220.62,4.76,246.12,6.14,239.98,8.86,18.29,1.31,0.00,1.00
2014-08-30 15:00:00,132.81,7.05,123.06,2.69,139.02,5.16,133.86,8.65,18.41,1.27,0.00,1.00
2014-08-30 16:00:00,81.86,5.28,74.93,1.65,85.22,3.72,81.50,8.21,17.22,1.29,0.00,1.00
2014-08-30 17:00:00,60.98,3.07,56.69,1.23,63.62,1.96,61.66,7.16,14.88,1.13,0.00,1.00
2014-08-30 18:00:00,85.33,68.49,16.00,0.84,43.40,26.00,17.40,374.59,12.68,1.06,0.00,0.00
2014-08-30 19:00:00,0.00,0.00,0.00,0.00,0.00,0.00,0.00,0.00,10.70,1.13,1.00,0.00
2014-08-30 20:00:00,0.00,0.00,0.00,0.00,0.00,0.00,0.00,0.00,9.55,1.14,1.00,0.00
2014-08-30 21:00:00,0.00,0.00,0.00,0.00,0.00,0.00,0.00,0.00,8.47,1.17,1.00,0.00
2014-08-30 22:00:00,0.00,0.00,0.00,0.00,0.00,0.00,0.00,0.00,7.88,1.14,1.00,0.00
2014-08-30 23:00:00,0.00,0.00,0.00,0.00,0.00,0.00,0.00,0.00,8.14,1.10,1.00,0.00
2014-08-31 00:00:00,0.00,0.00,0.00,0.00,0.00,0.00,0.00,0.00,8.13,1.01,1.00,0.00
2014-08-31 01:00:00,0.00,0.00,0.00,0.00,0.00,0.00,0.00,0.00,7.85,0.79,1.00,0.00
2014-08-31 02:00:00,0.00,0.00,0.00,0.00,0.00,0.00,0.00,0.00,7.34,0.55,1.00,0.00
2014-08-31 03:00:00,0.00,0.00,0.00,0.00,0.00,0.00,0.00,0.00,7.58,0.54,1.00,0.00
2014-08-31 04:00:00,0.00,0.00,0.00,0.00,0.00,0.00,0.00,0.00,8.09,0.59,1.00,0.00
2014-08-31 05:00:00,0.00,0.00,0.00,0.00,0.00,0.00,0.00,0.00,8.50,0.52,1.00,0.00
2014-08-31 06:00:00,0.00,0.00,0.00,0.00,0.00,0.00,0.00,0.00,8.91,0.42,1.00,0.00
2014-08-31 07:00:00,0.00,0.00,0.00,0.00,0.00,0.00,0.00,0.00,8.60,0.46,1.00,0.00
2014-08-31 08:00:00,36.47,2.09,33.65,0.73,37.82,1.22,36.60,6.41,7.90,0.58,0.00,1.00
2014-08-31 09:00:00,37.61,4.42,32.45,0.74,38.34,3.04,35.30,7.94,10.15,0.26,0.00,1.00
2014-08-31 10:00:00,42.47,6.45,35.19,0.83,42.96,4.68,38.28,8.61,11.96,0.20,0.00,1.00
2014-08-31 11:00:00,69.65,7.94,60.33,1.38,71.52,5.90,65.62,8.92,14.29,0.61,0.00,1.00
2014-08-31 12:00:00,58.28,8.74,48.39,1.15,59.20,6.56,52.64,9.00,15.77,0.93,0.00,1.00
2014-08-31 13:00:00,84.68,8.85,74.14,1.69,87.30,6.66,80.64,8.99,15.66,0.98,0.00,1.00
2014-08-31 14:00:00,77.51,8.26,67.70,1.55,79.82,6.18,73.64,8.87,15.55,1.25,0.00,1.00
2014-08-31 15:00:00,120.58,7.01,111.13,2.44,126.04,5.16,120.88,8.60,15.32,1.34,0.00,1.00
2014-08-31 16:00:00,81.30,5.21,74.45,1.64,84.68,3.70,80.98,8.11,14.38,1.20,0.00,1.00
2014-08-31 17:00:00,40.56,3.00,36.76,0.81,41.92,1.94,39.98,7.02,12.87,0.92,0.00,1.00
2014-08-31 18:00:00,6.82,0.66,6.03,0.13,6.82,0.26,6.56,3.62,11.47,1.04,0.00,1.00
2014-08-31 19:00:00,0.00,0.00,0.00,0.00,0.00,0.00,0.00,0.00,10.64,0.83,1.00,0.00
2014-08-31 20:00:00,0.00,0.00,0.00,0.00,0.00,0.00,0.00,0.00,10.42,0.68,1.00,0.00
2014-08-31 21:00:00,0.00,0.00,0.00,0.00,0.00,0.00,0.00,0.00,10.19,0.42,1.00,0.00
2014-08-31 22:00:00,0.00,0.00,0.00,0.00,0.00,0.00,0.00,0.00,9.92,0.25,1.00,0.00
2014-08-31 23:00:00,0.00,0.00,0.00,0.00,0.00,0.00,0.00,0.00,9.74,0.90,1.00,0.00
2004-09-01 00:00:00,0.00,0.00,0.00,0.00,0.00,0.00,0.00,0.00,9.92,0.60,1.00,0.00
2004-09-01 01:00:00,0.00,0.00,0.00,0.00,0.00,0.00,0.00,0.00,8.76,0.41,1.00,0.00
2004-09-01 02:00:00,0.00,0.00,0.00,0.00,0.00,0.00,0.00,0.00,7.32,0.40,1.00,0.00
2004-09-01 03:00:00,0.00,0.00,0.00,0.00,0.00,0.00,0.00,0.00,6.95,0.51,1.00,0.00
2004-09-01 04:00:00,0.00,0.00,0.00,0.00,0.00,0.00,0.00,0.00,6.40,0.55,1.00,0.00
2004-09-01 05:00:00,0.00,0.00,0.00,0.00,0.00,0.00,0.00,0.00,5.74,0.56,1.00,0.00
2004-09-01 06:00:00,0.00,0.00,0.00,0.00,0.00,0.00,0.00,0.00,5.41,0.70,1.00,0.00
2004-09-01 07:00:00,0.00,0.00,0.00,0.00,0.00,0.00,0.00,0.00,6.76,0.83,1.00,0.00
2004-09-01 08:00:00,41.65,2.16,38.65,0.84,43.34,1.30,42.04,6.59,9.78,0.25,0.00,1.00
2004-09-01 09:00:00,516.14,455.58,53.28,7.27,375.76,317.80,57.96,815.70,14.29,0.14,0.00,0.00
2004-09-01 10:00:00,736.37,659.99,65.64,10.74,554.98,483.58,71.40,878.93,18.30,0.49,0.00,0.00
2004-09-01 11:00:00,899.41,812.07,74.01,13.33,688.68,608.18,80.50,910.32,20.84,0.80,0.00,0.00
2004-09-01 12:00:00,990.14,896.86,78.49,14.78,763.42,678.04,85.38,922.46,23.12,1.11,0.00,0.00
2004-09-01 13:00:00,1003.94,909.76,79.17,15.00,775.06,688.94,86.12,922.58,24.65,1.26,0.00,0.00
2004-09-01 14:00:00,940.09,850.04,76.05,14.00,722.90,640.18,82.72,911.42,24.59,1.39,0.00,0.00
2004-09-01 15:00:00,329.75,7.23,315.77,6.75,348.84,5.36,343.48,8.86,24.22,1.29,0.00,1.00
2004-09-01 16:00:00,212.22,5.38,202.49,4.34,224.12,3.86,220.26,8.38,23.36,1.31,0.00,1.00
2004-09-01 17:00:00,98.60,3.13,93.46,2.01,103.72,2.06,101.66,7.35,20.74,0.64,0.00,1.00
2004-09-01 18:00:00,15.18,0.72,14.16,0.30,15.70,0.30,15.40,3.98,18.73,0.43,0.00,1.00
2004-09-01 19:00:00,0.00,0.00,0.00,0.00,0.00,0.00,0.00,0.00,18.09,0.45,1.00,0.00
2004-09-01 20:00:00,0.00,0.00,0.00,0.00,0.00,0.00,0.00,0.00,17.31,0.54,1.00,0.00
2004-09-01 21:00:00,0.00,0.00,0.00,0.00,0.00,0.00,0.00,0.00,16.62,0.64,1.00,0.00
2004-09-01 22:00:00,0.00,0.00,0.00,0.00,0.00,0.00,0.00,0.00,15.98,0.83,1.00,0.00
2004-09-01 23:00:00,0.00,0.00,0.00,0.00,0.00,0.00,0.00,0.00,15.22,0.81,1.00,0.00
2004-09-02 00:00:00,0.00,0.00,0.00,0.00,0.00,0.00,0.00,0.00,14.71,0.70,1.00,0.00
2004-09-02 01:00:00,0.00,0.00,0.00,0.00,0.00,0.00,0.00,0.00,14.48,0.84,1.00,0.00
2004-09-02 02:00:00,0.00,0.00,0.00,0.00,0.00,0.00,0.00,0.00,14.69,0.63,1.00,0.00
2004-09-02 03:00:00,0.00,0.00,0.00,0.00,0.00,0.00,0.00,0.00,14.48,0.70,1.00,0.00
2004-09-02 04:00:00,0.00,0.00,0.00,0.00,0.00,0.00,0.00,0.00,13.60,0.98,1.00,0.00
2004-09-02 05:00:00,0.00,0.00,0.00,0.00,0.00,0.00,0.00,0.00,12.36,1.07,1.00,0.00
2004-09-02 06:00:00,0.00,0.00,0.00,0.00,0.00,0.00,0.00,0.00,11.71,0.97,1.00,0.00
2004-09-02 07:00:00,0.00,0.00,0.00,0.00,0.00,0.00,0.00,0.00,12.68,1.02,1.00,0.00
2004-09-02 08:00:00,21.45,2.22,18.81,0.42,21.82,1.36,20.46,6.73,15.12,0.97,0.00,1.00
2004-09-02 09:00:00,39.96,4.60,34.57,0.79,40.84,3.24,37.60,8.21,18.35,0.44,0.00,1.00
2004-09-02 10:00:00,62.54,6.64,54.65,1.25,64.34,4.90,59.44,8.83,21.52,0.11,0.00,1.00
2004-09-02 11:00:00,81.00,8.16,71.23,1.62,83.62,6.14,77.48,9.13,22.30,0.71,0.00,1.00
2004-09-02 12:00:00,331.36,9.03,315.55,6.78,350.10,6.86,343.24,9.28,25.41,0.93,0.00,1.00
2004-09-02 13:00:00,339.95,9.17,323.83,6.95,359.22,6.98,352.24,9.30,26.45,1.42,0.00,1.00
2004-09-02 14:00:00,307.97,8.59,293.08,6.30,325.30,6.50,318.80,9.21,25.38,1.27,0.00,1.00
2004-09-02 15:00:00,332.56,7.35,318.40,6.81,351.82,5.48,346.34,9.01,24.71,0.84,0.00,1.00
2004-09-02 16:00:00,215.26,5.48,205.38,4.40,227.36,3.96,223.40,8.54,23.82,0.32,0.00,1.00
2004-09-02 17:00:00,101.03,3.21,95.76,2.06,106.30,2.14,104.16,7.56,21.48,0.50,0.00,1.00
2004-09-02 18:00:00,16.15,0.78,15.04,0.32,16.70,0.34,16.36,4.37,19.68,0.93,0.00,1.00
2004-09-02 19:00:00,0.00,0.00,0.00,0.00,0.00,0.00,0.00,0.00,17.45,1.08,1.00,0.00
2004-09-02 20:00:00,0.00,0.00,0.00,0.00,0.00,0.00,0.00,0.00,14.99,1.09,1.00,0.00
2004-09-02 21:00:00,0.00,0.00,0.00,0.00,0.00,0.00,0.00,0.00,13.22,1.17,1.00,0.00
2004-09-02 22:00:00,0.00,0.00,0.00,0.00,0.00,0.00,0.00,0.00,11.84,1.24,1.00,0.00
2004-09-02 23:00:00,0.00,0.00,0.00,0.00,0.00,0.00,0.00,0.00,11.03,1.18,1.00,0.00
2004-09-03 00:00:00,0.00,0.00,0.00,0.00,0.00,0.00,0.00,0.00,10.58,1.04,1.00,0.00
2004-09-03 01:00:00,0.00,0.00,0.00,0.00,0.00,0.00,0.00,0.00,10.00,0.97,1.00,0.00
2004-09-03 02:00:00,0.00,0.00,0.00,0.00,0.00,0.00,0.00,0.00,9.09,0.88,1.00,0.00
2004-09-03 03:00:00,0.00,0.00,0.00,0.00,0.00,0.00,0.00,0.00,8.06,0.85,1.00,0.00
2004-09-03 04:00:00,0.00,0.00,0.00,0.00,0.00,0.00,0.00,0.00,7.69,0.89,1.00,0.00
2004-09-03 05:00:00,0.00,0.00,0.00,0.00,0.00,0.00,0.00,0.00,6.85,1.05,1.00,0.00
2004-09-03 06:00:00,0.00,0.00,0.00,0.00,0.00,0.00,0.00,0.00,6.76,0.89,1.00,0.00
2004-09-03 07:00:00,0.02,0.00,0.02,0.00,0.02,0.00,0.02,0.00,6.67,0.90,1.00,0.00
2004-09-03 08:00:00,42.64,2.18,39.60,0.86,44.44,1.36,43.08,6.57,9.17,0.29,0.00,1.00
2004-09-03 09:00:00,34.31,4.53,29.11,0.68,34.88,3.22,31.66,8.06,11.15,0.30,0.00,1.00
2004-09-03 10:00:00,52.97,6.52,45.40,1.05,54.22,4.84,49.38,8.65,13.68,0.62,0.00,1.00
2004-09-03 11:00:00,68.03,8.01,58.67,1.35,69.88,6.06,63.82,8.95,14.87,1.01,0.00,1.00
2004-09-03 12:00:00,90.42,8.83,79.78,1.81,93.52,6.74,86.78,9.06,15.78,1.26,0.00,1.00
2004-09-03 13:00:00,92.09,8.97,81.27,1.84,95.26,6.86,88.40,9.09,15.91,1.91,0.00,1.00
2004-09-03 14:00:00,84.35,8.36,74.30,1.69,87.18,6.36,80.82,8.96,15.87,1.85,0.00,1.00
2004-09-03 15:00:00,272.23,7.09,259.57,5.57,287.66,5.32,282.34,8.70,15.38,1.69,0.00,1.00
2004-09-03 16:00:00,176.30,5.25,167.45,3.60,185.96,3.82,182.14,8.18,13.50,1.60,0.00,1.00
2004-09-03 17:00:00,83.31,3.03,78.58,1.69,87.52,2.04,85.48,7.14,11.59,1.32,0.00,1.00
2004-09-03 18:00:00,14.19,0.71,13.20,0.28,14.68,0.32,14.36,3.99,10.10,1.15,0.00,1.00
2004-09-03 19:00:00,0.00,0.00,0.00,0.00,0.00,0.00,0.00,0.00,9.48,0.76,1.00,0.00
2004-09-03 20:00:00,0.00,0.00,0.00,0.00,0.00,0.00,0.00,0.00,9.00,0.62,1.00,0.00
2004-09-03 21:00:00,0.00,0.00,0.00,0.00,0.00,0.00,0.00,0.00,8.51,0.69,1.00,0.00
2004-09-03 22:00:00,0.00,0.00,0.00,0.00,0.00,0.00,0.00,0.00,8.19,0.54,1.00,0.00
2004-09-03 23:00:00,0.00,0.00,0.00,0.00,0.00,0.00,0.00,0.00,8.57,0.55,1.00,0.00
2004-09-04 00:00:00,0.00,0.00,0.00,0.00,0.00,0.00,0.00,0.00,8.84,0.57,1.00,0.00
2004-09-04 01:00:00,0.00,0.00,0.00,0.00,0.00,0.00,0.00,0.00,9.10,0.36,1.00,0.00
2004-09-04 02:00:00,0.00,0.00,0.00,0.00,0.00,0.00,0.00,0.00,9.30,0.37,1.00,0.00
2004-09-04 03:00:00,0.00,0.00,0.00,0.00,0.00,0.00,0.00,0.00,9.92,0.14,1.00,0.00
2004-09-04 04:00:00,0.00,0.00,0.00,0.00,0.00,0.00,0.00,0.00,10.17,0.16,1.00,0.00
2004-09-04 05:00:00,0.00,0.00,0.00,0.00,0.00,0.00,0.00,0.00,9.01,0.16,1.00,0.00
2004-09-04 06:00:00,0.00,0.00,0.00,0.00,0.00,0.00,0.00,0.00,8.57,0.25,1.00,0.00
2004-09-04 07:00:00,0.00,0.00,0.00,0.00,0.00,0.00,0.00,0.00,8.89,0.55,1.00,1.00
2004-09-04 08:00:00,41.59,2.14,38.61,0.84,43.36,1.36,42.00,6.42,9.35,0.55,0.00,1.00
2004-09-04 09:00:00,54.34,4.43,48.82,1.09,56.28,3.18,53.10,7.87,11.06,0.66,0.00,1.00
2004-09-04 10:00:00,86.08,6.42,77.92,1.73,89.56,4.80,84.76,8.50,11.68,0.26,0.00,1.00
2004-09-04 11:00:00,112.46,7.89,102.30,2.27,117.28,6.00,111.28,8.80,12.53,0.70,0.00,1.00
2004-09-04 12:00:00,149.98,8.71,138.23,3.04,157.04,6.68,150.36,8.93,13.43,0.97,0.00,1.00
2004-09-04 13:00:00,153.15,8.85,141.19,3.10,160.38,6.80,153.58,8.96,14.81,1.19,0.00,1.00
2004-09-04 14:00:00,139.70,8.27,128.60,2.83,146.20,6.32,139.88,8.86,14.70,1.42,0.00,1.00
2004-09-04 15:00:00,141.61,7.03,131.70,2.88,148.56,5.30,143.26,8.62,14.31,1.41,0.00,1.00
2004-09-04 16:00:00,95.52,5.24,88.35,1.93,99.94,3.84,96.10,8.17,13.79,1.38,0.00,1.00
2004-09-04 17:00:00,48.08,3.02,44.09,0.97,50.02,2.06,47.96,7.14,12.68,1.11,0.00,1.00
2004-09-04 18:00:00,8.95,0.72,8.05,0.18,9.10,0.34,8.76,4.11,11.17,1.03,0.00,1.00
2004-09-04 19:00:00,0.00,0.00,0.00,0.00,0.00,0.00,0.00,0.00,10.43,0.65,1.00,0.00
2004-09-04 20:00:00,0.00,0.00,0.00,0.00,0.00,0.00,0.00,0.00,9.70,0.63,1.00,0.00
2004-09-04 21:00:00,0.00,0.00,0.00,0.00,0.00,0.00,0.00,0.00,9.42,0.86,1.00,0.00
2004-09-04 22:00:00,0.00,0.00,0.00,0.00,0.00,0.00,0.00,0.00,9.17,0.81,1.00,0.00
2004-09-04 23:00:00,0.00,0.00,0.00,0.00,0.00,0.00,0.00,0.00,9.01,0.98,1.00,0.00
2004-09-05 00:00:00,0.00,0.00,0.00,0.00,0.00,0.00,0.00,0.00,8.33,0.91,1.00,0.00
2004-09-05 01:00:00,0.00,0.00,0.00,0.00,0.00,0.00,0.00,0.00,8.35,0.92,1.00,0.00
2004-09-05 02:00:00,0.00,0.00,0.00,0.00,0.00,0.00,0.00,0.00,8.75,0.68,1.00,0.00
2004-09-05 03:00:00,0.00,0.00,0.00,0.00,0.00,0.00,0.00,0.00,8.70,0.63,1.00,0.00
2004-09-05 04:00:00,0.00,0.00,0.00,0.00,0.00,0.00,0.00,0.00,8.91,0.54,1.00,0.00
2004-09-05 05:00:00,0.00,0.00,0.00,0.00,0.00,0.00,0.00,0.00,8.59,0.36,1.00,0.00
2004-09-05 06:00:00,0.00,0.00,0.00,0.00,0.00,0.00,0.00,0.00,8.59,0.59,1.00,0.00
2004-09-05 07:00:00,0.04,0.00,0.04,0.00,0.04,0.00,0.04,0.00,8.41,0.61,1.00,1.00
2004-09-05 08:00:00,34.82,2.25,31.86,0.70,36.12,1.46,34.66,6.73,9.60,0.39,0.00,1.00
2004-09-05 09:00:00,61.25,4.61,55.40,1.23,63.60,3.34,60.26,8.16,12.34,0.10,0.00,1.00
2004-09-05 10:00:00,96.68,6.60,88.13,1.95,100.82,4.96,95.86,8.71,15.16,0.27,0.00,1.00
2004-09-05 11:00:00,126.04,8.08,115.41,2.55,131.72,6.18,125.54,9.00,16.24,0.49,0.00,1.00
2004-09-05 12:00:00,127.24,8.90,115.76,2.57,132.78,6.86,125.92,9.11,16.87,0.74,0.00,1.00
2004-09-05 13:00:00,129.32,8.99,117.71,2.61,134.98,6.94,128.04,9.09,17.41,0.94,0.00,1.00
2004-09-05 14:00:00,117.87,8.38,107.10,2.38,122.94,6.44,116.50,8.98,16.94,1.01,0.00,1.00
2004-09-05 15:00:00,153.57,7.12,143.32,3.12,161.30,5.40,155.90,8.73,16.69,1.21,0.00,1.00
2004-09-05 16:00:00,102.96,5.28,95.59,2.09,107.88,3.90,103.98,8.25,16.31,1.47,0.00,1.00
2004-09-05 17:00:00,51.60,3.05,47.51,1.04,53.78,2.10,51.68,7.21,14.78,1.40,0.00,1.00
2004-09-05 18:00:00,9.82,0.74,8.88,0.19,10.02,0.36,9.66,4.22,13.83,1.63,0.00,1.00
2004-09-05 19:00:00,0.00,0.00,0.00,0.00,0.00,0.00,0.00,0.00,12.63,1.07,1.00,0.00
2004-09-05 20:00:00,0.00,0.00,0.00,0.00,0.00,0.00,0.00,0.00,11.35,1.06,1.00,0.00
2004-09-05 21:00:00,0.00,0.00,0.00,0.00,0.00,0.00,0.00,0.00,10.94,1.08,1.00,0.00
2004-09-05 22:00:00,0.00,0.00,0.00,0.00,0.00,0.00,0.00,0.00,10.71,1.10,1.00,0.00
2004-09-05 23:00:00,0.00,0.00,0.00,0.00,0.00,0.00,0.00,0.00,10.77,1.16,1.00,0.00
2004-09-06 00:00:00,0.00,0.00,0.00,0.00,0.00,0.00,0.00,0.00,10.63,0.95,1.00,0.00
2004-09-06 01:00:00,0.00,0.00,0.00,0.00,0.00,0.00,0.00,0.00,10.41,0.86,1.00,0.00
2004-09-06 02:00:00,0.00,0.00,0.00,0.00,0.00,0.00,0.00,0.00,9.92,0.57,1.00,0.00
2004-09-06 03:00:00,0.00,0.00,0.00,0.00,0.00,0.00,0.00,0.00,9.92,0.25,1.00,0.00
2004-09-06 04:00:00,0.00,0.00,0.00,0.00,0.00,0.00,0.00,0.00,10.75,0.20,1.00,0.00
2004-09-06 05:00:00,0.00,0.00,0.00,0.00,0.00,0.00,0.00,0.00,11.35,0.12,1.00,0.00
2004-09-06 06:00:00,0.00,0.00,0.00,0.00,0.00,0.00,0.00,0.00,11.35,0.19,1.00,0.00
2004-09-06 07:00:00,0.36,0.00,0.35,0.01,0.38,0.00,0.38,0.00,10.91,0.22,1.00,1.00
2004-09-06 08:00:00,41.32,2.19,38.30,0.83,43.10,1.44,41.66,6.50,10.03,0.30,0.00,1.00
2004-09-06 09:00:00,30.45,4.46,25.39,0.60,30.88,3.26,27.62,7.87,10.45,0.38,0.00,1.00
2004-09-06 10:00:00,44.03,6.45,36.72,0.87,44.82,4.88,39.94,8.50,10.55,0.17,0.00,1.00
2004-09-06 11:00:00,54.10,7.91,45.12,1.07,55.16,6.08,49.08,8.80,10.70,0.57,0.00,1.00
2004-09-06 12:00:00,59.90,8.76,49.96,1.18,61.12,6.78,54.34,8.96,11.05,0.66,0.00,1.00
2004-09-06 13:00:00,60.87,8.90,50.77,1.20,62.12,6.90,55.22,8.99,11.90,0.81,0.00,1.00
2004-09-06 14:00:00,56.92,8.32,47.47,1.12,58.06,6.42,51.64,8.90,12.26,0.90,0.00,1.00
2004-09-06 15:00:00,172.28,7.08,161.69,3.51,181.28,5.40,175.88,8.68,12.22,1.23,0.00,1.00
2004-09-06 16:00:00,115.44,5.27,107.82,2.35,121.20,3.92,117.28,8.23,11.49,1.30,0.00,1.00
2004-09-06 17:00:00,57.71,3.04,53.51,1.17,60.32,2.12,58.20,7.21,10.92,0.84,0.00,1.00
2004-09-06 18:00:00,11.03,0.71,10.09,0.22,11.34,0.36,10.98,4.11,10.61,0.50,0.00,1.00
2004-09-06 19:00:00,0.00,0.00,0.00,0.00,0.00,0.00,0.00,0.00,10.74,0.48,1.00,0.00
2004-09-06 20:00:00,0.00,0.00,0.00,0.00,0.00,0.00,0.00,0.00,10.58,0.51,1.00,0.00
2004-09-06 21:00:00,0.00,0.00,0.00,0.00,0.00,0.00,0.00,0.00,10.67,0.42,1.00,0.00
2004-09-06 22:00:00,0.00,0.00,0.00,0.00,0.00,0.00,0.00,0.00,10.45,0.32,1.00,0.00
2004-09-06 23:00:00,0.00,0.00,0.00,0.00,0.00,0.00,0.00,0.00,10.50,0.28,1.00,0.00
2004-09-07 00:00:00,0.00,0.00,0.00,0.00,0.00,0.00,0.00,0.00,10.29,0.22,1.00,0.00
2004-09-07 01:00:00,0.00,0.00,0.00,0.00,0.00,0.00,0.00,0.00,9.89,0.17,1.00,0.00
2004-09-07 02:00:00,0.00,0.00,0.00,0.00,0.00,0.00,0.00,0.00,9.99,0.23,1.00,0.00
2004-09-07 03:00:00,0.00,0.00,0.00,0.00,0.00,0.00,0.00,0.00,9.86,0.18,1.00,0.00
2004-09-07 04:00:00,0.00,0.00,0.00,0.00,0.00,0.00,0.00,0.00,9.54,0.14,1.00,0.00
2004-09-07 05:00:00,0.00,0.00,0.00,0.00,0.00,0.00,0.00,0.00,8.82,0.18,1.00,0.00
2004-09-07 06:00:00,0.00,0.00,0.00,0.00,0.00,0.00,0.00,0.00,8.41,0.12,1.00,0.00
2004-09-07 07:00:00,0.30,0.00,0.29,0.01,0.32,0.00,0.32,0.00,6.69,0.27,1.00,1.00
2004-09-07 08:00:00,36.35,2.30,33.32,0.73,37.78,1.54,36.24,6.79,7.96,0.27,0.00,1.00
2004-09-07 09:00:00,62.67,4.61,56.80,1.26,65.18,3.40,61.78,8.12,8.64,0.55,0.00,1.00
2004-09-07 10:00:00,102.24,6.62,93.55,2.07,106.80,5.04,101.76,8.70,10.15,0.82,0.00,1.00
2004-09-07 11:00:00,133.43,8.12,122.60,2.70,139.64,6.28,133.36,9.02,10.94,0.99,0.00,1.00
2004-09-07 12:00:00,108.87,8.97,97.71,2.19,113.26,6.98,106.28,9.17,11.95,1.24,0.00,1.00
2004-09-07 13:00:00,110.89,9.09,99.56,2.23,115.38,7.08,108.30,9.18,11.99,1.47,0.00,1.00
2004-09-07 14:00:00,101.58,8.48,91.05,2.04,105.62,6.58,99.04,9.08,11.96,1.64,0.00,1.00
2004-09-07 15:00:00,312.76,7.22,299.13,6.41,330.92,5.54,325.38,8.86,11.47,1.59,0.00,1.00
2004-09-07 16:00:00,203.86,5.37,194.33,4.17,215.40,4.02,211.38,8.39,11.43,1.61,0.00,1.00
2004-09-07 17:00:00,97.65,3.12,92.54,1.99,102.86,2.20,100.66,7.42,10.36,1.21,0.00,1.00
2004-09-07 18:00:00,17.73,0.77,16.60,0.36,18.46,0.40,18.06,4.44,9.17,0.71,0.00,1.00
2004-09-07 19:00:00,0.00,0.00,0.00,0.00,0.00,0.00,0.00,0.00,8.21,0.47,1.00,0.00
2004-09-07 20:00:00,0.00,0.00,0.00,0.00,0.00,0.00,0.00,0.00,7.49,0.28,1.00,0.00
2004-09-07 21:00:00,0.00,0.00,0.00,0.00,0.00,0.00,0.00,0.00,7.28,0.26,1.00,0.00
2004-09-07 22:00:00,0.00,0.00,0.00,0.00,0.00,0.00,0.00,0.00,6.93,0.27,1.00,0.00
2004-09-07 23:00:00,0.00,0.00,0.00,0.00,0.00,0.00,0.00,0.00,6.76,0.32,1.00,0.00
2004-09-08 00:00:00,0.00,0.00,0.00,0.00,0.00,0.00,0.00,0.00,6.66,0.26,1.00,0.00
2004-09-08 01:00:00,0.00,0.00,0.00,0.00,0.00,0.00,0.00,0.00,6.58,0.10,1.00,0.00
2004-09-08 02:00:00,0.00,0.00,0.00,0.00,0.00,0.00,0.00,0.00,6.61,0.16,1.00,0.00
2004-09-08 03:00:00,0.00,0.00,0.00,0.00,0.00,0.00,0.00,0.00,6.72,0.23,1.00,0.00
2004-09-08 04:00:00,0.00,0.00,0.00,0.00,0.00,0.00,0.00,0.00,6.45,0.27,1.00,0.00
2004-09-08 05:00:00,0.00,0.00,0.00,0.00,0.00,0.00,0.00,0.00,5.64,0.42,1.00,0.00
2004-09-08 06:00:00,0.00,0.00,0.00,0.00,0.00,0.00,0.00,0.00,5.50,0.41,1.00,0.00
2004-09-08 07:00:00,4.84,0.00,4.74,0.10,5.16,0.00,5.16,0.00,5.44,0.37,1.00,0.00
2004-09-08 08:00:00,277.70,235.13,38.65,3.92,202.32,160.28,42.04,692.12,7.99,0.17,0.00,0.00
2004-09-08 09:00:00,538.32,474.29,56.02,8.00,413.48,352.54,60.94,831.69,8.81,0.54,0.00,0.00
2004-09-08 10:00:00,277.79,6.84,265.26,5.69,293.78,5.24,288.54,8.97,10.96,0.74,0.00,1.00
2004-09-08 11:00:00,339.19,8.42,323.83,6.95,358.78,6.54,352.24,9.34,12.38,1.01,0.00,1.00
2004-09-08 12:00:00,315.66,9.26,299.94,6.46,333.50,7.24,326.26,9.45,13.58,1.29,0.00,1.00
2004-09-08 13:00:00,418.73,9.94,400.21,8.58,443.10,7.78,435.32,10.04,14.27,1.52,0.00,1.00
2004-09-08 14:00:00,313.60,8.75,298.43,6.42,331.44,6.82,324.62,9.36,14.68,1.72,0.00,1.00
2004-09-08 15:00:00,349.38,7.44,334.79,7.16,369.90,5.74,364.16,9.13,14.18,1.65,0.00,1.00
2004-09-08 16:00:00,626.59,556.22,60.95,9.41,486.12,419.82,66.30,870.89,14.09,1.52,0.00,0.00
2004-09-08 17:00:00,376.69,325.52,45.71,5.46,282.08,232.36,49.72,776.15,12.11,1.02,0.00,0.00
2004-09-08 18:00:00,102.67,80.70,20.69,1.28,66.14,43.64,22.50,470.67,10.04,0.57,0.00,0.00
2004-09-08 19:00:00,0.00,0.00,0.00,0.00,0.00,0.00,0.00,0.00,8.27,0.45,1.00,0.00
2004-09-08 20:00:00,0.00,0.00,0.00,0.00,0.00,0.00,0.00,0.00,6.91,0.60,1.00,0.00
2004-09-08 21:00:00,0.00,0.00,0.00,0.00,0.00,0.00,0.00,0.00,5.90,0.72,1.00,0.00
2004-09-08 22:00:00,0.00,0.00,0.00,0.00,0.00,0.00,0.00,0.00,5.36,0.76,1.00,0.00
2004-09-08 23:00:00,0.00,0.00,0.00,0.00,0.00,0.00,0.00,0.00,4.57,0.90,1.00,0.00
2004-09-09 00:00:00,0.00,0.00,0.00,0.00,0.00,0.00,0.00,0.00,4.11,0.72,1.00,0.00
2004-09-09 01:00:00,0.00,0.00,0.00,0.00,0.00,0.00,0.00,0.00,3.70,0.65,1.00,0.00
2004-09-09 02:00:00,0.00,0.00,0.00,0.00,0.00,0.00,0.00,0.00,3.19,0.58,1.00,0.00
2004-09-09 03:00:00,0.00,0.00,0.00,0.00,0.00,0.00,0.00,0.00,2.72,0.61,1.00,0.00
2004-09-09 04:00:00,0.00,0.00,0.00,0.00,0.00,0.00,0.00,0.00,2.40,0.59,1.00,0.00
2004-09-09 05:00:00,0.00,0.00,0.00,0.00,0.00,0.00,0.00,0.00,1.91,0.67,1.00,0.00
2004-09-09 06:00:00,0.00,0.00,0.00,0.00,0.00,0.00,0.00,0.00,2.19,0.60,1.00,0.00
2004-09-09 07:00:00,6.42,0.00,6.29,0.13,6.84,0.00,6.84,0.00,3.60,0.60,1.00,0.00
2004-09-09 08:00:00,309.13,264.32,40.41,4.40,227.08,183.12,43.96,774.30,5.79,0.12,0.00,0.00
2004-09-09 09:00:00,574.41,507.99,57.83,8.59,443.88,380.98,62.90,888.20,9.33,0.24,0.00,0.00
2004-09-09 10:00:00,796.54,714.42,69.98,12.14,627.10,550.98,76.12,935.81,12.54,0.56,0.00,0.00
2004-09-09 11:00:00,957.84,864.99,78.13,14.72,760.60,675.62,84.98,958.15,14.74,0.85,0.00,0.00
2004-09-09 12:00:00,1043.90,945.38,82.41,16.11,832.08,742.44,89.64,964.12,16.51,1.06,0.00,0.00
2004-09-09 13:00:00,1051.36,952.31,82.81,16.24,838.66,748.58,90.08,960.53,17.61,1.44,0.00,0.00
2004-09-09 14:00:00,979.93,885.44,79.39,15.10,779.98,693.62,86.36,947.33,17.89,1.58,0.00,0.00
2004-09-09 15:00:00,835.13,750.12,72.22,12.79,660.64,582.08,78.56,921.36,16.98,1.67,0.00,0.00
2004-09-09 16:00:00,627.98,557.24,61.25,9.49,490.24,423.62,66.62,873.51,15.90,1.66,0.00,0.00
2004-09-09 17:00:00,375.80,324.39,45.91,5.50,284.16,234.22,49.94,775.47,13.01,1.07,0.00,0.00
2004-09-09 18:00:00,105.91,83.28,21.27,1.35,69.72,46.58,23.14,489.54,10.67,0.67,0.00,0.00
2004-09-09 19:00:00,0.00,0.00,0.00,0.00,0.00,0.00,0.00,0.00,9.14,0.48,1.00,0.00
2004-09-09 20:00:00,0.00,0.00,0.00,0.00,0.00,0.00,0.00,0.00,8.11,0.37,1.00,0.00
2004-09-09 21:00:00,0.00,0.00,0.00,0.00,0.00,0.00,0.00,0.00,6.95,0.42,1.00,0.00
2004-09-09 22:00:00,0.00,0.00,0.00,0.00,0.00,0.00,0.00,0.00,6.26,0.40,1.00,0.00
2004-09-09 23:00:00,0.00,0.00,0.00,0.00,0.00,0.00,0.00,0.00,5.50,0.52,1.00,0.00
2004-09-10 00:00:00,0.00,0.00,0.00,0.00,0.00,0.00,0.00,0.00,4.85,0.57,1.00,0.00
2004-09-10 01:00:00,0.00,0.00,0.00,0.00,0.00,0.00,0.00,0.00,4.22,0.52,1.00,0.00
2004-09-10 02:00:00,0.00,0.00,0.00,0.00,0.00,0.00,0.00,0.00,3.78,0.47,1.00,0.00
2004-09-10 03:00:00,0.00,0.00,0.00,0.00,0.00,0.00,0.00,0.00,3.35,0.50,1.00,0.00
2004-09-10 04:00:00,0.00,0.00,0.00,0.00,0.00,0.00,0.00,0.00,3.01,0.48,1.00,0.00
2004-09-10 05:00:00,0.00,0.00,0.00,0.00,0.00,0.00,0.00,0.00,2.67,0.48,1.00,0.00
2004-09-10 06:00:00,0.00,0.00,0.00,0.00,0.00,0.00,0.00,0.00,2.99,0.41,1.00,0.00
2004-09-10 07:00:00,7.60,0.00,7.45,0.16,8.10,0.00,8.10,0.00,4.81,0.24,1.00,0.00
2004-09-10 08:00:00,297.41,252.74,40.38,4.30,221.86,177.94,43.92,736.56,6.91,0.27,0.00,0.00
2004-09-10 09:00:00,561.02,494.94,57.62,8.46,437.04,374.36,62.68,862.95,9.66,0.59,0.00,0.00
2004-09-10 10:00:00,784.78,702.92,69.83,12.03,621.44,545.48,75.96,919.00,12.18,0.92,0.00,0.00
2004-09-10 11:00:00,949.56,856.75,78.14,14.67,757.60,672.60,85.00,947.73,14.30,1.09,0.00,0.00
2004-09-10 12:00:00,1038.30,939.69,82.52,16.09,831.22,741.46,89.76,957.47,15.82,1.44,0.00,0.00
2004-09-10 13:00:00,1048.33,949.04,83.03,16.26,839.82,749.50,90.32,956.77,17.15,1.79,0.00,0.00
2004-09-10 14:00:00,978.88,884.04,79.69,15.15,782.54,695.86,86.68,945.79,17.74,1.97,0.00,0.00
2004-09-10 15:00:00,834.78,749.38,72.55,12.85,663.72,584.80,78.92,920.94,16.75,1.89,0.00,0.00
2004-09-10 16:00:00,628.02,556.85,61.61,9.55,493.44,426.42,67.02,873.79,15.54,1.71,0.00,0.00
2004-09-10 17:00:00,376.10,324.19,46.35,5.56,287.18,236.76,50.42,777.03,12.67,1.07,0.00,0.00
2004-09-10 18:00:00,106.33,83.11,21.83,1.39,71.82,48.08,23.74,492.71,10.46,0.55,0.00,0.00
2004-09-10 19:00:00,0.00,0.00,0.00,0.00,0.00,0.00,0.00,0.00,8.58,0.60,1.00,0.00
2004-09-10 20:00:00,0.00,0.00,0.00,0.00,0.00,0.00,0.00,0.00,7.33,0.80,1.00,0.00
2004-09-10 21:00:00,0.00,0.00,0.00,0.00,0.00,0.00,0.00,0.00,5.95,0.81,1.00,0.00
2004-09-10 22:00:00,0.00,0.00,0.00,0.00,0.00,0.00,0.00,0.00,4.76,0.98,1.00,0.00
2004-09-10 23:00:00,0.00,0.00,0.00,0.00,0.00,0.00,0.00,0.00,3.81,0.87,1.00,0.00
2004-09-11 00:00:00,0.00,0.00,0.00,0.00,0.00,0.00,0.00,0.00,3.15,0.91,1.00,0.00
2004-09-11 01:00:00,0.00,0.00,0.00,0.00,0.00,0.00,0.00,0.00,2.98,0.81,1.00,0.00
2004-09-11 02:00:00,0.00,0.00,0.00,0.00,0.00,0.00,0.00,0.00,2.42,0.65,1.00,0.00
2004-09-11 03:00:00,0.00,0.00,0.00,0.00,0.00,0.00,0.00,0.00,2.82,0.70,1.00,0.00
2004-09-11 04:00:00,0.00,0.00,0.00,0.00,0.00,0.00,0.00,0.00,3.34,0.96,1.00,0.00
2004-09-11 05:00:00,0.00,0.00,0.00,0.00,0.00,0.00,0.00,0.00,4.28,0.48,1.00,0.00
2004-09-11 06:00:00,0.00,0.00,0.00,0.00,0.00,0.00,0.00,0.00,5.45,0.62,1.00,0.00
2004-09-11 07:00:00,9.09,0.00,8.90,0.19,9.68,0.00,9.68,0.00,7.16,0.53,1.00,0.00
2004-09-11 08:00:00,300.17,254.75,41.02,4.39,226.76,182.14,44.62,738.93,11.09,0.40,0.00,0.00
2004-09-11 09:00:00,560.57,494.02,58.03,8.52,440.04,376.92,63.12,858.90,15.71,0.33,0.00,0.00
2004-09-11 10:00:00,781.01,698.88,70.09,12.04,621.92,545.68,76.24,912.01,18.64,0.64,0.00,0.00
2004-09-11 11:00:00,942.64,849.78,78.24,14.63,755.66,670.56,85.10,938.86,20.89,0.97,0.00,0.00
2004-09-11 12:00:00,1030.68,932.12,82.52,16.04,828.70,738.94,89.76,948.96,23.23,1.21,0.00,0.00
2004-09-11 13:00:00,1040.30,941.14,82.96,16.20,836.88,746.64,90.24,948.41,23.96,1.15,0.00,0.00
2004-09-11 14:00:00,970.99,876.32,79.58,15.10,779.76,693.20,86.56,937.52,23.38,1.16,0.00,0.00
2004-09-11 15:00:00,827.88,742.59,72.48,12.81,661.64,582.80,78.84,912.96,22.42,1.18,0.00,0.00
2004-09-11 16:00:00,622.97,551.78,61.65,9.54,492.66,425.60,67.06,866.97,21.28,1.06,0.00,0.00
2004-09-11 17:00:00,373.17,321.14,46.46,5.57,287.74,237.20,50.54,771.74,17.32,0.77,0.00,0.00
2004-09-11 18:00:00,106.78,82.99,22.36,1.43,73.92,49.60,24.32,495.93,13.45,1.33,0.00,0.00
2004-09-11 19:00:00,0.00,0.00,0.00,0.00,0.00,0.00,0.00,0.00,12.86,1.65,1.00,0.00
2004-09-11 20:00:00,0.00,0.00,0.00,0.00,0.00,0.00,0.00,0.00,11.58,1.79,1.00,0.00
2004-09-11 21:00:00,0.00,0.00,0.00,0.00,0.00,0.00,0.00,0.00,10.37,1.64,1.00,0.00
2004-09-11 22:00:00,0.00,0.00,0.00,0.00,0.00,0.00,0.00,0.00,8.79,1.65,1.00,0.00
2004-09-11 23:00:00,0.00,0.00,0.00,0.00,0.00,0.00,0.00,0.00,7.58,1.76,1.00,0.00
2004-09-12 00:00:00,0.00,0.00,0.00,0.00,0.00,0.00,0.00,0.00,7.03,1.53,1.00,0.00
2004-09-12 01:00:00,0.00,0.00,0.00,0.00,0.00,0.00,0.00,0.00,7.20,1.50,1.00,0.00
2004-09-12 02:00:00,0.00,0.00,0.00,0.00,0.00,0.00,0.00,0.00,6.12,1.32,1.00,0.00
2004-09-12 03:00:00,0.00,0.00,0.00,0.00,0.00,0.00,0.00,0.00,5.76,0.94,1.00,0.00
2004-09-12 04:00:00,0.00,0.00,0.00,0.00,0.00,0.00,0.00,0.00,4.79,1.08,1.00,0.00
2004-09-12 05:00:00,0.00,0.00,0.00,0.00,0.00,0.00,0.00,0.00,4.00,1.22,1.00,0.00
2004-09-12 06:00:00,0.00,0.00,0.00,0.00,0.00,0.00,0.00,0.00,5.00,0.97,1.00,0.00
2004-09-12 07:00:00,10.49,0.00,10.28,0.22,11.18,0.00,11.18,0.00,6.64,0.87,1.00,0.00
2004-09-12 08:00:00,313.33,266.88,41.81,4.63,239.28,193.80,45.48,770.38,12.88,0.36,0.00,0.00
2004-09-12 09:00:00,576.06,508.49,58.76,8.81,455.14,391.22,63.92,881.73,17.18,0.11,0.00,0.00
2004-09-12 10:00:00,796.04,713.01,70.70,12.33,637.04,560.14,76.90,928.82,21.24,0.47,0.00,0.00
2004-09-12 11:00:00,956.15,862.49,78.75,14.90,769.78,684.12,85.66,951.68,24.40,0.89,0.00,0.00
2004-09-12 12:00:00,1039.15,940.11,82.80,16.24,838.90,748.84,90.06,956.32,27.59,1.08,0.00,0.00
2004-09-12 13:00:00,1044.34,944.94,83.07,16.33,843.50,753.14,90.36,951.87,29.09,1.40,0.00,0.00
2004-09-12 14:00:00,970.86,876.18,79.52,15.16,783.00,696.50,86.50,937.38,28.39,1.37,0.00,0.00
2004-09-12 15:00:00,825.39,740.24,72.31,12.83,662.92,584.26,78.66,910.65,27.78,1.39,0.00,0.00
2004-09-12 16:00:00,619.12,548.15,61.43,9.54,492.78,425.96,66.82,862.37,26.82,1.31,0.00,0.00
2004-09-12 17:00:00,369.92,318.01,46.33,5.58,288.00,237.60,50.40,766.42,22.95,0.76,0.00,0.00
2004-09-12 18:00:00,107.09,82.95,22.67,1.47,75.88,51.22,24.66,499.97,19.70,1.04,0.00,0.00
2004-09-12 19:00:00,0.00,0.00,0.00,0.00,0.00,0.00,0.00,0.00,17.33,1.37,1.00,0.00
2004-09-12 20:00:00,0.00,0.00,0.00,0.00,0.00,0.00,0.00,0.00,15.21,1.33,1.00,0.00
2004-09-12 21:00:00,0.00,0.00,0.00,0.00,0.00,0.00,0.00,0.00,13.46,1.25,1.00,0.00
2004-09-12 22:00:00,0.00,0.00,0.00,0.00,0.00,0.00,0.00,0.00,11.66,1.22,1.00,0.00
2004-09-12 23:00:00,0.00,0.00,0.00,0.00,0.00,0.00,0.00,0.00,10.55,1.10,1.00,0.00
2004-09-13 00:00:00,0.00,0.00,0.00,0.00,0.00,0.00,0.00,0.00,9.62,0.94,1.00,0.00
2004-09-13 01:00:00,0.00,0.00,0.00,0.00,0.00,0.00,0.00,0.00,8.72,0.87,1.00,0.00
2004-09-13 02:00:00,0.00,0.00,0.00,0.00,0.00,0.00,0.00,0.00,7.97,0.74,1.00,0.00
2004-09-13 03:00:00,0.00,0.00,0.00,0.00,0.00,0.00,0.00,0.00,7.22,0.73,1.00,0.00
2004-09-13 04:00:00,0.00,0.00,0.00,0.00,0.00,0.00,0.00,0.00,6.99,0.80,1.00,0.00
2004-09-13 05:00:00,0.00,0.00,0.00,0.00,0.00,0.00,0.00,0.00,6.05,0.78,1.00,0.00
2004-09-13 06:00:00,0.00,0.00,0.00,0.00,0.00,0.00,0.00,0.00,6.44,0.89,1.00,0.00
2004-09-13 07:00:00,11.41,0.00,11.18,0.24,12.16,0.00,12.16,0.00,7.41,0.97,1.00,0.00
2004-09-13 08:00:00,299.29,253.32,41.48,4.49,231.78,186.66,45.12,727.84,12.01,0.29,0.00,0.00
2004-09-13 09:00:00,555.01,488.35,58.10,8.56,442.10,378.90,63.20,844.45,15.47,0.38,0.00,0.00
2004-09-13 10:00:00,771.32,689.39,69.91,12.02,620.98,544.94,76.04,896.39,18.43,0.56,0.00,0.00
2004-09-13 11:00:00,930.14,837.63,77.94,14.57,752.54,667.76,84.78,923.18,20.35,1.05,0.00,0.00
2004-09-13 12:00:00,1014.34,916.35,82.06,15.92,822.56,733.30,89.26,931.46,22.12,1.27,0.00,0.00
2004-09-13 13:00:00,1021.43,922.98,82.41,16.04,828.68,739.04,89.64,929.43,23.13,1.69,0.00,0.00
2004-09-13 14:00:00,950.80,856.88,79.01,14.91,770.38,684.44,85.94,916.84,22.77,1.71,0.00,0.00
2004-09-13 15:00:00,810.22,725.55,72.00,12.66,654.18,575.86,78.32,893.10,22.30,1.72,0.00,0.00
2004-09-13 16:00:00,608.76,537.98,61.34,9.44,487.78,421.06,66.72,847.51,21.02,1.48,0.00,0.00
2004-09-13 17:00:00,363.95,312.00,46.41,5.54,286.26,235.78,50.48,754.09,17.82,0.72,0.00,0.00
2004-09-13 18:00:00,104.36,80.04,22.85,1.47,75.94,51.08,24.86,486.25,15.60,0.30,0.00,0.00
2004-09-13 19:00:00,0.00,0.00,0.00,0.00,0.00,0.00,0.00,0.00,14.23,0.24,1.00,0.00
2004-09-13 20:00:00,0.00,0.00,0.00,0.00,0.00,0.00,0.00,0.00,13.15,0.38,1.00,0.00
2004-09-13 21:00:00,0.00,0.00,0.00,0.00,0.00,0.00,0.00,0.00,11.60,0.46,1.00,0.00
2004-09-13 22:00:00,0.00,0.00,0.00,0.00,0.00,0.00,0.00,0.00,10.32,0.69,1.00,0.00
2004-09-13 23:00:00,0.00,0.00,0.00,0.00,0.00,0.00,0.00,0.00,9.59,0.72,1.00,0.00
2004-09-14 00:00:00,0.00,0.00,0.00,0.00,0.00,0.00,0.00,0.00,9.49,0.71,1.00,0.00
2004-09-14 01:00:00,0.00,0.00,0.00,0.00,0.00,0.00,0.00,0.00,9.40,0.56,1.00,0.00
2004-09-14 02:00:00,0.00,0.00,0.00,0.00,0.00,0.00,0.00,0.00,9.57,0.49,1.00,0.00
2004-09-14 03:00:00,0.00,0.00,0.00,0.00,0.00,0.00,0.00,0.00,8.89,0.50,1.00,0.00
2004-09-14 04:00:00,0.00,0.00,0.00,0.00,0.00,0.00,0.00,0.00,8.04,0.52,1.00,0.00
2004-09-14 05:00:00,0.00,0.00,0.00,0.00,0.00,0.00,0.00,0.00,7.11,0.53,1.00,0.00
2004-09-14 06:00:00,0.00,0.00,0.00,0.00,0.00,0.00,0.00,0.00,6.49,0.54,1.00,0.00
2004-09-14 07:00:00,4.71,0.00,4.62,0.10,5.02,0.00,5.02,0.00,7.65,0.50,1.00,1.00
2004-09-14 08:00:00,47.85,2.57,44.31,0.97,50.12,1.92,48.20,7.34,11.15,0.08,0.00,1.00
2004-09-14 09:00:00,558.97,491.71,58.58,8.68,448.34,384.62,63.72,848.07,14.96,0.47,0.00,0.00
2004-09-14 10:00:00,776.29,693.74,70.38,12.16,628.24,551.68,76.56,900.51,17.77,0.91,0.00,0.00
2004-09-14 11:00:00,936.03,842.90,78.40,14.73,760.66,675.38,85.28,927.86,19.84,1.31,0.00,0.00
2004-09-14 12:00:00,1023.34,924.56,82.65,16.13,833.18,743.28,89.90,939.15,21.94,1.60,0.00,0.00
2004-09-14 13:00:00,1032.64,933.27,83.09,16.28,841.10,750.72,90.38,939.51,23.23,1.82,0.00,0.00
2004-09-14 14:00:00,963.44,868.54,79.72,15.18,783.90,697.18,86.72,929.44,22.96,1.90,0.00,0.00
2004-09-14 15:00:00,821.37,735.80,72.66,12.90,666.32,587.28,79.04,906.31,22.32,1.91,0.00,0.00
2004-09-14 16:00:00,617.75,546.20,61.91,9.64,497.94,430.60,67.34,861.72,20.92,1.68,0.00,0.00
2004-09-14 17:00:00,370.31,317.71,46.90,5.69,293.86,242.84,51.02,770.14,17.89,0.94,0.00,0.00
2004-09-14 18:00:00,106.19,81.37,23.30,1.53,78.94,53.60,25.34,498.70,15.27,0.41,0.00,0.00
2004-09-14 19:00:00,0.00,0.00,0.00,0.00,0.00,0.00,0.00,0.00,13.95,0.52,1.00,0.00
2004-09-14 20:00:00,0.00,0.00,0.00,0.00,0.00,0.00,0.00,0.00,12.66,0.73,1.00,0.00
2004-09-14 21:00:00,0.00,0.00,0.00,0.00,0.00,0.00,0.00,0.00,11.69,0.84,1.00,0.00
2004-09-14 22:00:00,0.00,0.00,0.00,0.00,0.00,0.00,0.00,0.00,10.97,1.00,1.00,0.00
2004-09-14 23:00:00,0.00,0.00,0.00,0.00,0.00,0.00,0.00,0.00,10.36,0.98,1.00,0.00
2004-09-15 00:00:00,0.00,0.00,0.00,0.00,0.00,0.00,0.00,0.00,9.92,0.86,1.00,0.00
2004-09-15 01:00:00,0.00,0.00,0.00,0.00,0.00,0.00,0.00,0.00,9.47,0.77,1.00,0.00
2004-09-15 02:00:00,0.00,0.00,0.00,0.00,0.00,0.00,0.00,0.00,9.03,0.66,1.00,0.00
2004-09-15 03:00:00,0.00,0.00,0.00,0.00,0.00,0.00,0.00,0.00,8.21,0.74,1.00,0.00
2004-09-15 04:00:00,0.00,0.00,0.00,0.00,0.00,0.00,0.00,0.00,7.33,0.95,1.00,0.00
2004-09-15 05:00:00,0.00,0.00,0.00,0.00,0.00,0.00,0.00,0.00,6.56,0.99,1.00,0.00
2004-09-15 06:00:00,0.00,0.00,0.00,0.00,0.00,0.00,0.00,0.00,6.48,0.88,1.00,0.00
2004-09-15 07:00:00,13.86,0.00,13.57,0.29,14.76,0.00,14.76,0.00,8.09,0.80,1.00,0.00
2004-09-15 08:00:00,314.92,267.25,42.84,4.83,249.36,202.76,46.60,760.64,12.90,0.10,0.00,0.00
2004-09-15 09:00:00,571.78,503.54,59.30,8.94,461.60,397.10,64.50,866.10,15.80,0.36,0.00,0.00
2004-09-15 10:00:00,787.03,703.69,70.95,12.39,640.16,562.98,77.18,911.79,19.55,0.79,0.00,0.00
2004-09-15 11:00:00,942.86,849.16,78.81,14.90,769.60,683.88,85.72,933.72,21.85,1.15,0.00,0.00
2004-09-15 12:00:00,1026.90,927.74,82.91,16.25,839.52,749.34,90.18,941.75,24.42,1.42,0.00,0.00
2004-09-15 13:00:00,1033.03,933.46,83.22,16.36,844.84,754.32,90.52,939.47,26.16,1.72,0.00,0.00
2004-09-15 14:00:00,961.34,866.37,79.76,15.21,785.54,698.78,86.76,927.30,25.76,1.76,0.00,0.00
2004-09-15 15:00:00,818.22,732.68,72.63,12.91,667.06,588.06,79.00,903.08,25.17,1.70,0.00,0.00
2004-09-15 16:00:00,614.31,542.81,61.85,9.65,498.30,431.02,67.28,857.64,23.84,1.53,0.00,0.00
2004-09-15 17:00:00,367.26,314.69,46.87,5.70,294.24,243.26,50.98,765.05,20.74,0.78,0.00,0.00
2004-09-15 18:00:00,106.80,81.66,23.57,1.57,81.14,55.50,25.64,504.97,17.92,0.48,0.00,0.00
2004-09-15 19:00:00,0.00,0.00,0.00,0.00,0.00,0.00,0.00,0.00,16.34,0.75,1.00,0.00
2004-09-15 20:00:00,0.00,0.00,0.00,0.00,0.00,0.00,0.00,0.00,15.02,0.90,1.00,0.00
2004-09-15 21:00:00,0.00,0.00,0.00,0.00,0.00,0.00,0.00,0.00,13.68,1.02,1.00,0.00
2004-09-15 22:00:00,0.00,0.00,0.00,0.00,0.00,0.00,0.00,0.00,12.54,1.19,1.00,0.00
2004-09-15 23:00:00,0.00,0.00,0.00,0.00,0.00,0.00,0.00,0.00,11.59,1.05,1.00,0.00
2004-09-16 00:00:00,0.00,0.00,0.00,0.00,0.00,0.00,0.00,0.00,11.04,0.97,1.00,0.00
2004-09-16 01:00:00,0.00,0.00,0.00,0.00,0.00,0.00,0.00,0.00,10.83,0.86,1.00,0.00
2004-09-16 02:00:00,0.00,0.00,0.00,0.00,0.00,0.00,0.00,0.00,10.23,0.67,1.00,0.00
2004-09-16 03:00:00,0.00,0.00,0.00,0.00,0.00,0.00,0.00,0.00,9.10,0.63,1.00,0.00
2004-09-16 04:00:00,0.00,0.00,0.00,0.00,0.00,0.00,0.00,0.00,7.68,0.67,1.00,0.00
2004-09-16 05:00:00,0.00,0.00,0.00,0.00,0.00,0.00,0.00,0.00,6.93,0.87,1.00,0.00
2004-09-16 06:00:00,0.00,0.00,0.00,0.00,0.00,0.00,0.00,0.00,7.95,0.67,1.00,0.00
2004-09-16 07:00:00,14.91,0.00,14.60,0.31,15.88,0.00,15.88,0.00,9.94,0.55,1.00,0.00
2004-09-16 08:00:00,315.01,266.90,43.23,4.89,252.38,205.36,47.02,756.09,14.57,0.05,0.00,0.00
2004-09-16 09:00:00,572.27,503.67,59.59,9.01,465.28,400.46,64.82,864.08,17.43,0.28,0.00,0.00
2004-09-16 10:00:00,789.96,706.13,71.32,12.50,645.88,568.30,77.58,913.51,20.88,0.69,0.00,0.00
2004-09-16 11:00:00,948.14,853.84,79.25,15.05,777.32,691.12,86.20,937.84,23.60,1.13,0.00,0.00
2004-09-16 12:00:00,553.23,19.42,522.49,11.31,584.10,15.76,568.34,19.71,26.38,1.40,0.00,1.00
2004-09-16 13:00:00,558.26,19.91,526.94,11.41,589.34,16.16,573.18,20.03,28.04,1.83,0.00,1.00
2004-09-16 14:00:00,497.11,14.51,472.43,10.18,525.64,11.76,513.88,15.53,27.31,1.89,0.00,1.00
2004-09-16 15:00:00,818.82,732.93,72.90,12.99,670.88,591.58,79.30,904.08,26.46,2.03,0.00,0.00
2004-09-16 16:00:00,613.15,541.40,62.06,9.69,500.50,433.00,67.50,856.69,25.15,1.96,0.00,0.00
2004-09-16 17:00:00,365.46,312.67,47.07,5.72,295.62,244.42,51.20,762.35,22.29,1.31,0.00,0.00
2004-09-16 18:00:00,106.57,81.00,23.96,1.60,82.84,56.78,26.06,505.45,18.87,0.59,0.00,0.00
2004-09-16 19:00:00,0.00,0.00,0.00,0.00,0.00,0.00,0.00,0.00,16.78,0.62,1.00,0.00
2004-09-16 20:00:00,0.00,0.00,0.00,0.00,0.00,0.00,0.00,0.00,15.53,0.81,1.00,0.00
2004-09-16 21:00:00,0.00,0.00,0.00,0.00,0.00,0.00,0.00,0.00,14.69,1.01,1.00,0.00
2004-09-16 22:00:00,0.00,0.00,0.00,0.00,0.00,0.00,0.00,0.00,14.29,1.02,1.00,0.00
2004-09-16 23:00:00,0.00,0.00,0.00,0.00,0.00,0.00,0.00,0.00,13.74,0.83,1.00,0.00
2004-09-17 00:00:00,0.00,0.00,0.00,0.00,0.00,0.00,0.00,0.00,12.88,0.83,1.00,0.00
2004-09-17 01:00:00,0.00,0.00,0.00,0.00,0.00,0.00,0.00,0.00,12.54,0.71,1.00,0.00
2004-09-17 02:00:00,0.00,0.00,0.00,0.00,0.00,0.00,0.00,0.00,12.14,0.61,1.00,0.00
2004-09-17 03:00:00,0.00,0.00,0.00,0.00,0.00,0.00,0.00,0.00,11.47,0.57,1.00,0.00
2004-09-17 04:00:00,0.00,0.00,0.00,0.00,0.00,0.00,0.00,0.00,11.09,0.63,1.00,0.00
2004-09-17 05:00:00,0.00,0.00,0.00,0.00,0.00,0.00,0.00,0.00,10.52,0.58,1.00,0.00
2004-09-17 06:00:00,0.00,0.00,0.00,0.00,0.00,0.00,0.00,0.00,10.33,0.68,1.00,0.00
2004-09-17 07:00:00,4.98,0.00,4.87,0.10,5.30,0.00,5.30,0.00,11.79,0.37,1.00,1.00
2004-09-17 08:00:00,37.00,2.59,33.67,0.75,38.64,2.02,36.62,7.30,13.02,0.12,0.00,1.00
2004-09-17 09:00:00,70.93,4.92,64.57,1.44,74.18,3.94,70.24,8.41,15.31,0.41,0.00,1.00
2004-09-17 10:00:00,132.68,6.92,123.06,2.70,139.46,5.60,133.86,8.93,17.55,0.70,0.00,1.00
2004-09-17 11:00:00,220.15,8.36,207.29,4.50,232.28,6.80,225.48,9.17,18.65,1.04,0.00,1.00
2004-09-17 12:00:00,530.12,17.17,502.10,10.84,560.16,14.00,546.16,17.41,19.40,1.33,0.00,1.00
2004-09-17 13:00:00,1018.02,918.55,83.22,16.25,839.58,749.06,90.52,924.13,19.28,1.81,0.00,0.00
2004-09-17 14:00:00,946.39,851.54,79.74,15.11,780.26,693.52,86.74,911.90,18.80,1.93,0.00,0.00
2004-09-17 15:00:00,805.04,719.51,72.70,12.84,663.08,584.00,79.08,888.20,18.19,2.05,0.00,0.00
2004-09-17 16:00:00,603.79,532.15,62.04,9.61,496.18,428.70,67.48,843.42,17.42,1.91,0.00,0.00
2004-09-17 17:00:00,360.53,307.63,47.20,5.70,294.52,243.18,51.34,752.28,16.01,1.53,0.00,0.00
2004-09-17 18:00:00,105.09,79.14,24.33,1.62,83.72,57.26,26.46,498.19,14.58,1.37,0.00,0.00
2004-09-17 19:00:00,0.00,0.00,0.00,0.00,0.00,0.00,0.00,0.00,13.86,0.92,1.00,0.00
2004-09-17 20:00:00,0.00,0.00,0.00,0.00,0.00,0.00,0.00,0.00,13.18,0.86,1.00,0.00
2004-09-17 21:00:00,0.00,0.00,0.00,0.00,0.00,0.00,0.00,0.00,12.44,0.81,1.00,0.00
2004-09-17 22:00:00,0.00,0.00,0.00,0.00,0.00,0.00,0.00,0.00,11.98,0.74,1.00,0.00
2004-09-17 23:00:00,0.00,0.00,0.00,0.00,0.00,0.00,0.00,0.00,11.84,0.50,1.00,0.00
2004-09-18 00:00:00,0.00,0.00,0.00,0.00,0.00,0.00,0.00,0.00,11.89,0.56,1.00,0.00
2004-09-18 01:00:00,0.00,0.00,0.00,0.00,0.00,0.00,0.00,0.00,11.96,0.35,1.00,0.00
2004-09-18 02:00:00,0.00,0.00,0.00,0.00,0.00,0.00,0.00,0.00,12.28,0.33,1.00,0.00
2004-09-18 03:00:00,0.00,0.00,0.00,0.00,0.00,0.00,0.00,0.00,12.46,0.38,1.00,0.00
2004-09-18 04:00:00,0.00,0.00,0.00,0.00,0.00,0.00,0.00,0.00,12.06,0.30,1.00,0.00
2004-09-18 05:00:00,0.00,0.00,0.00,0.00,0.00,0.00,0.00,0.00,11.49,0.22,1.00,0.00
2004-09-18 06:00:00,0.00,0.00,0.00,0.00,0.00,0.00,0.00,0.00,10.71,0.35,1.00,0.00
2004-09-18 07:00:00,6.06,0.00,5.94,0.13,6.46,0.00,6.46,0.00,10.29,0.49,1.00,1.00
2004-09-18 08:00:00,65.96,2.58,62.04,1.35,69.52,2.04,67.48,7.25,11.99,0.30,0.00,1.00
2004-09-18 09:00:00,125.96,4.90,118.48,2.57,132.84,3.96,128.88,8.37,13.92,0.53,0.00,1.00
2004-09-18 10:00:00,311.22,6.88,297.96,6.38,329.70,5.60,324.10,8.87,15.68,0.73,0.00,1.00
2004-09-18 11:00:00,446.78,10.96,426.66,9.16,473.06,8.96,464.10,12.02,16.85,1.03,0.00,1.00
2004-09-18 12:00:00,469.79,12.58,447.59,9.62,497.16,10.30,486.86,12.75,17.44,1.28,0.00,1.00
2004-09-18 13:00:00,414.83,9.35,396.97,8.51,439.46,7.66,431.80,9.41,17.22,1.71,0.00,1.00
2004-09-18 14:00:00,277.00,8.53,262.80,5.67,292.84,6.98,285.86,9.14,16.68,1.83,0.00,1.00
2004-09-18 15:00:00,170.69,7.20,160.00,3.48,179.92,5.88,174.04,8.90,15.73,1.63,0.00,1.00
2004-09-18 16:00:00,154.64,5.32,146.16,3.16,163.30,4.32,158.98,8.45,14.53,1.54,0.00,1.00
2004-09-18 17:00:00,70.35,3.08,65.84,1.43,74.08,2.46,71.62,7.55,13.60,1.18,0.00,1.00
2004-09-18 18:00:00,105.00,78.83,24.51,1.65,85.44,58.78,26.66,500.83,13.14,0.78,0.00,0.00
2004-09-18 19:00:00,0.00,0.00,0.00,0.00,0.00,0.00,0.00,0.00,12.93,0.78,1.00,0.00
2004-09-18 20:00:00,0.00,0.00,0.00,0.00,0.00,0.00,0.00,0.00,12.73,0.73,1.00,0.00
2004-09-18 21:00:00,0.00,0.00,0.00,0.00,0.00,0.00,0.00,0.00,12.63,0.39,1.00,0.00
2004-09-18 22:00:00,0.00,0.00,0.00,0.00,0.00,0.00,0.00,0.00,12.45,0.13,1.00,0.00
2004-09-18 23:00:00,0.00,0.00,0.00,0.00,0.00,0.00,0.00,0.00,12.95,0.06,1.00,0.00
2004-09-19 00:00:00,0.00,0.00,0.00,0.00,0.00,0.00,0.00,0.00,12.67,0.12,1.00,0.00
2004-09-19 01:00:00,0.00,0.00,0.00,0.00,0.00,0.00,0.00,0.00,12.41,0.03,1.00,0.00
2004-09-19 02:00:00,0.00,0.00,0.00,0.00,0.00,0.00,0.00,0.00,13.24,0.17,1.00,0.00
2004-09-19 03:00:00,0.00,0.00,0.00,0.00,0.00,0.00,0.00,0.00,13.21,0.19,1.00,0.00
2004-09-19 04:00:00,0.00,0.00,0.00,0.00,0.00,0.00,0.00,0.00,11.89,0.18,1.00,0.00
2004-09-19 05:00:00,0.00,0.00,0.00,0.00,0.00,0.00,0.00,0.00,10.74,0.29,1.00,0.00
2004-09-19 06:00:00,0.00,0.00,0.00,0.00,0.00,0.00,0.00,0.00,9.97,0.30,1.00,0.00
2004-09-19 07:00:00,9.27,0.00,9.08,0.19,9.88,0.00,9.88,0.00,10.29,0.32,1.00,1.00
2004-09-19 08:00:00,84.45,2.67,80.06,1.73,89.22,2.14,87.08,7.47,12.15,0.23,0.00,1.00
2004-09-19 09:00:00,225.20,5.04,215.55,4.62,238.56,4.10,234.46,8.58,13.91,0.54,0.00,1.00
2004-09-19 10:00:00,356.13,7.10,341.72,7.31,377.52,5.82,371.70,9.15,16.08,0.88,0.00,1.00
2004-09-19 11:00:00,383.27,8.67,366.74,7.86,406.04,7.12,398.92,9.49,17.65,1.21,0.00,1.00
2004-09-19 12:00:00,446.50,11.16,426.19,9.15,472.76,9.18,463.58,11.30,18.76,1.52,0.00,1.00
2004-09-19 13:00:00,538.08,17.91,509.16,11.01,568.58,14.74,553.84,18.02,19.52,1.77,0.00,1.00
2004-09-19 14:00:00,982.05,884.52,81.73,15.80,816.26,727.36,88.90,947.84,19.14,1.98,0.00,0.00
2004-09-19 15:00:00,381.97,7.48,366.65,7.84,404.96,6.14,398.82,9.25,18.17,2.03,0.00,1.00
2004-09-19 16:00:00,625.58,552.07,63.43,10.07,520.16,451.16,69.00,877.76,17.08,1.91,0.00,0.00
2004-09-19 17:00:00,105.05,3.19,99.71,2.15,111.04,2.58,108.46,7.86,15.06,1.27,0.00,1.00
2004-09-19 18:00:00,109.02,82.17,25.10,1.75,90.42,63.12,27.30,526.92,12.75,0.78,0.00,0.00
2004-09-19 19:00:00,0.00,0.00,0.00,0.00,0.00,0.00,0.00,0.00,11.48,0.49,1.00,0.00
2004-09-19 20:00:00,0.00,0.00,0.00,0.00,0.00,0.00,0.00,0.00,10.65,0.35,1.00,0.00
2004-09-19 21:00:00,0.00,0.00,0.00,0.00,0.00,0.00,0.00,0.00,9.99,0.24,1.00,0.00
2004-09-19 22:00:00,0.00,0.00,0.00,0.00,0.00,0.00,0.00,0.00,9.40,0.35,1.00,0.00
2004-09-19 23:00:00,0.00,0.00,0.00,0.00,0.00,0.00,0.00,0.00,8.69,0.40,1.00,0.00
2004-09-20 00:00:00,0.00,0.00,0.00,0.00,0.00,0.00,0.00,0.00,8.18,0.41,1.00,0.00
2004-09-20 01:00:00,0.00,0.00,0.00,0.00,0.00,0.00,0.00,0.00,7.70,0.41,1.00,0.00
2004-09-20 02:00:00,0.00,0.00,0.00,0.00,0.00,0.00,0.00,0.00,7.62,0.38,1.00,0.00
2004-09-20 03:00:00,0.00,0.00,0.00,0.00,0.00,0.00,0.00,0.00,7.07,0.48,1.00,0.00
2004-09-20 04:00:00,0.00,0.00,0.00,0.00,0.00,0.00,0.00,0.00,6.44,0.44,1.00,0.00
2004-09-20 05:00:00,0.00,0.00,0.00,0.00,0.00,0.00,0.00,0.00,5.47,0.66,1.00,0.00
2004-09-20 06:00:00,0.00,0.00,0.00,0.00,0.00,0.00,0.00,0.00,5.02,0.62,1.00,0.00
2004-09-20 07:00:00,19.09,0.00,18.70,0.39,20.34,0.00,20.34,0.00,7.23,0.39,1.00,0.00
2004-09-20 08:00:00,327.83,277.40,45.12,5.31,274.16,225.08,49.08,772.05,10.17,0.10,0.00,0.00
2004-09-20 09:00:00,581.99,511.49,61.08,9.41,486.12,419.68,66.44,868.94,13.70,0.49,0.00,0.00
2004-09-20 10:00:00,795.41,710.04,72.52,12.85,663.90,585.02,78.88,912.98,16.89,0.87,0.00,0.00
2004-09-20 11:00:00,949.41,853.83,80.24,15.34,792.20,704.92,87.28,934.31,18.98,1.24,0.00,0.00
2004-09-20 12:00:00,1029.76,928.97,84.16,16.63,859.18,767.64,91.54,940.58,20.97,1.47,0.00,0.00
2004-09-20 13:00:00,1032.53,931.55,84.30,16.68,861.72,770.02,91.70,937.05,22.07,1.96,0.00,0.00
2004-09-20 14:00:00,957.70,861.54,80.68,15.48,799.62,711.86,87.76,923.61,21.30,2.04,0.00,0.00
2004-09-20 15:00:00,813.67,726.96,73.55,13.16,679.94,599.94,80.00,899.92,20.05,2.01,0.00,0.00
2004-09-20 16:00:00,609.45,536.80,62.77,9.87,510.06,441.78,68.28,855.03,18.46,1.87,0.00,0.00
2004-09-20 17:00:00,363.66,309.81,47.93,5.91,305.36,253.22,52.14,765.00,16.54,1.61,0.00,0.00
2004-09-20 18:00:00,108.50,81.27,25.45,1.78,92.04,64.36,27.68,525.86,14.31,1.09,0.00,0.00
2004-09-20 19:00:00,0.00,0.00,0.00,0.00,0.00,0.00,0.00,0.00,12.63,0.74,1.00,0.00
2004-09-20 20:00:00,0.00,0.00,0.00,0.00,0.00,0.00,0.00,0.00,11.61,0.55,1.00,0.00
2004-09-20 21:00:00,0.00,0.00,0.00,0.00,0.00,0.00,0.00,0.00,10.81,0.46,1.00,0.00
2004-09-20 22:00:00,0.00,0.00,0.00,0.00,0.00,0.00,0.00,0.00,10.31,0.42,1.00,0.00
2004-09-20 23:00:00,0.00,0.00,0.00,0.00,0.00,0.00,0.00,0.00,9.79,0.40,1.00,0.00
2004-09-21 00:00:00,0.00,0.00,0.00,0.00,0.00,0.00,0.00,0.00,9.21,0.42,1.00,0.00
2004-09-21 01:00:00,0.00,0.00,0.00,0.00,0.00,0.00,0.00,0.00,8.73,0.36,1.00,0.00
2004-09-21 02:00:00,0.00,0.00,0.00,0.00,0.00,0.00,0.00,0.00,8.25,0.37,1.00,0.00
2004-09-21 03:00:00,0.00,0.00,0.00,0.00,0.00,0.00,0.00,0.00,8.11,0.37,1.00,0.00
2004-09-21 04:00:00,0.00,0.00,0.00,0.00,0.00,0.00,0.00,0.00,7.59,0.28,1.00,0.00
2004-09-21 05:00:00,0.00,0.00,0.00,0.00,0.00,0.00,0.00,0.00,7.05,0.47,1.00,0.00
2004-09-21 06:00:00,0.00,0.00,0.00,0.00,0.00,0.00,0.00,0.00,7.12,0.23,1.00,0.00
2004-09-21 07:00:00,11.66,0.00,11.42,0.24,12.42,0.00,12.42,0.00,8.04,0.14,1.00,1.00
2004-09-21 08:00:00,51.69,2.70,47.93,1.05,54.36,2.22,52.14,7.49,9.43,0.22,0.00,1.00
2004-09-21 09:00:00,105.09,5.06,97.89,2.14,110.66,4.18,106.48,8.57,11.33,0.63,0.00,1.00
2004-09-21 10:00:00,164.50,7.05,154.10,3.36,173.46,5.84,167.62,9.05,12.91,0.98,0.00,1.00
2004-09-21 11:00:00,490.47,13.69,466.73,10.05,519.04,11.36,507.68,14.97,14.38,1.38,0.00,1.00
2004-09-21 12:00:00,166.53,9.30,153.84,3.39,175.06,7.72,167.34,9.41,15.52,1.72,0.00,1.00
2004-09-21 13:00:00,404.74,9.35,387.10,8.30,428.82,7.76,421.06,9.40,16.04,2.08,0.00,1.00
2004-09-21 14:00:00,964.46,867.32,81.49,15.66,808.70,720.06,88.64,930.24,16.36,2.32,0.00,0.00
2004-09-21 15:00:00,820.74,733.03,74.37,13.34,689.22,608.32,80.90,908.24,15.71,2.14,0.00,0.00
2004-09-21 16:00:00,616.44,542.81,63.58,10.05,519.14,449.98,69.16,866.15,14.88,1.96,0.00,0.00
2004-09-21 17:00:00,369.35,314.63,48.67,6.06,312.98,260.04,52.94,779.40,13.29,1.55,0.00,0.00
2004-09-21 18:00:00,109.54,81.81,25.89,1.84,94.86,66.70,28.16,534.40,11.04,0.83,0.00,0.00
2004-09-21 19:00:00,0.00,0.00,0.00,0.00,0.00,0.00,0.00,0.00,9.56,0.28,1.00,0.00
2004-09-21 20:00:00,0.00,0.00,0.00,0.00,0.00,0.00,0.00,0.00,8.84,0.21,1.00,0.00
2004-09-21 21:00:00,0.00,0.00,0.00,0.00,0.00,0.00,0.00,0.00,8.05,0.27,1.00,0.00
2004-09-21 22:00:00,0.00,0.00,0.00,0.00,0.00,0.00,0.00,0.00,7.44,0.50,1.00,0.00
2004-09-21 23:00:00,0.00,0.00,0.00,0.00,0.00,0.00,0.00,0.00,6.87,0.34,1.00,0.00
2004-09-22 00:00:00,0.00,0.00,0.00,0.00,0.00,0.00,0.00,0.00,6.28,0.45,1.00,0.00
2004-09-22 01:00:00,0.00,0.00,0.00,0.00,0.00,0.00,0.00,0.00,5.71,0.42,1.00,0.00
2004-09-22 02:00:00,0.00,0.00,0.00,0.00,0.00,0.00,0.00,0.00,5.60,0.40,1.00,0.00
2004-09-22 03:00:00,0.00,0.00,0.00,0.00,0.00,0.00,0.00,0.00,5.01,0.47,1.00,0.00
2004-09-22 04:00:00,0.00,0.00,0.00,0.00,0.00,0.00,0.00,0.00,4.00,0.63,1.00,0.00
2004-09-22 05:00:00,0.00,0.00,0.00,0.00,0.00,0.00,0.00,0.00,3.22,0.57,1.00,0.00
2004-09-22 06:00:00,0.00,0.00,0.00,0.00,0.00,0.00,0.00,0.00,2.92,0.58,1.00,0.00
2004-09-22 07:00:00,21.36,0.00,20.92,0.44,22.76,0.00,22.76,0.00,4.97,0.42,1.00,0.00
2004-09-22 08:00:00,343.26,290.72,46.87,5.67,292.90,241.92,50.98,802.29,8.27,0.12,0.00,0.00
2004-09-22 09:00:00,604.49,531.58,63.01,9.90,511.38,442.84,68.54,899.03,11.80,0.46,0.00,0.00
2004-09-22 10:00:00,824.82,736.66,74.71,13.46,695.24,613.98,81.26,944.62,15.22,0.90,0.00,0.00
2004-09-22 11:00:00,984.81,886.12,82.65,16.04,828.68,738.78,89.90,968.11,17.79,1.25,0.00,0.00
2004-09-22 12:00:00,1066.07,962.13,86.58,17.35,896.44,802.26,94.18,973.47,20.20,1.59,0.00,0.00
2004-09-22 13:00:00,1068.02,963.95,86.67,17.39,898.26,803.98,94.28,969.78,21.70,1.82,0.00,0.00
2004-09-22 14:00:00,990.80,891.69,82.96,16.15,834.08,743.84,90.24,956.87,22.38,2.09,0.00,0.00
2004-09-22 15:00:00,839.96,750.69,75.55,13.72,708.60,626.42,82.18,931.13,21.74,2.23,0.00,0.00
2004-09-22 16:00:00,628.80,554.00,64.48,10.31,532.62,462.48,70.14,885.64,20.10,1.96,0.00,0.00
2004-09-22 17:00:00,376.20,320.61,49.37,6.23,321.64,267.94,53.70,796.79,16.83,1.10,0.00,0.00
2004-09-22 18:00:00,112.66,84.13,26.61,1.93,99.58,70.64,28.94,555.18,13.65,0.26,0.00,0.00
2004-09-22 19:00:00,0.00,0.00,0.00,0.00,0.00,0.00,0.00,0.00,12.18,0.51,1.00,0.00
2004-09-22 20:00:00,0.00,0.00,0.00,0.00,0.00,0.00,0.00,0.00,10.84,0.86,1.00,0.00
2004-09-22 21:00:00,0.00,0.00,0.00,0.00,0.00,0.00,0.00,0.00,9.82,0.98,1.00,0.00
2004-09-22 22:00:00,0.00,0.00,0.00,0.00,0.00,0.00,0.00,0.00,9.04,1.13,1.00,0.00
2004-09-22 23:00:00,0.00,0.00,0.00,0.00,0.00,0.00,0.00,0.00,8.10,1.04,1.00,0.00
2004-09-23 00:00:00,0.00,0.00,0.00,0.00,0.00,0.00,0.00,0.00,7.28,0.98,1.00,0.00
2004-09-23 01:00:00,0.00,0.00,0.00,0.00,0.00,0.00,0.00,0.00,6.43,0.83,1.00,0.00
2004-09-23 02:00:00,0.00,0.00,0.00,0.00,0.00,0.00,0.00,0.00,5.85,0.74,1.00,0.00
2004-09-23 03:00:00,0.00,0.00,0.00,0.00,0.00,0.00,0.00,0.00,4.94,0.74,1.00,0.00
2004-09-23 04:00:00,0.00,0.00,0.00,0.00,0.00,0.00,0.00,0.00,4.06,0.81,1.00,0.00
2004-09-23 05:00:00,0.00,0.00,0.00,0.00,0.00,0.00,0.00,0.00,3.48,0.70,1.00,0.00
2004-09-23 06:00:00,0.00,0.00,0.00,0.00,0.00,0.00,0.00,0.00,4.08,0.68,1.00,0.00
2004-09-23 07:00:00,22.45,0.00,21.99,0.46,23.92,0.00,23.92,0.00,6.11,0.68,1.00,0.00
2004-09-23 08:00:00,349.21,295.91,47.47,5.82,300.86,249.22,51.64,813.49,10.06,0.07,0.00,0.00
2004-09-23 09:00:00,609.19,535.70,63.45,10.04,518.60,449.58,69.02,904.08,13.67,0.42,0.00,0.00
2004-09-23 10:00:00,827.34,738.74,75.04,13.57,700.82,619.20,81.62,946.10,17.31,0.82,0.00,0.00
2004-09-23 11:00:00,984.09,885.14,82.85,16.10,831.68,741.56,90.12,966.34,19.56,1.25,0.00,0.00
2004-09-23 12:00:00,1066.05,961.84,86.79,17.42,900.04,805.64,94.40,972.92,21.47,1.56,0.00,0.00
2004-09-23 13:00:00,1068.67,964.27,86.93,17.47,902.40,807.84,94.56,970.23,23.69,1.91,0.00,0.00
2004-09-23 14:00:00,991.79,892.32,83.24,16.23,838.46,747.92,90.54,958.08,24.52,2.04,0.00,0.00
2004-09-23 15:00:00,843.94,754.15,75.94,13.85,715.36,632.76,82.60,936.42,23.56,1.90,0.00,0.00
2004-09-23 16:00:00,634.09,558.71,64.92,10.46,540.34,469.72,70.62,894.66,21.77,1.78,0.00,0.00
2004-09-23 17:00:00,381.16,324.97,49.83,6.36,328.76,274.56,54.20,810.54,18.12,1.02,0.00,0.00
2004-09-23 18:00:00,115.71,86.48,27.21,2.02,104.34,74.74,29.60,575.66,14.32,0.26,0.00,0.00
2004-09-23 19:00:00,0.00,0.00,0.00,0.00,0.00,0.00,0.00,0.00,12.48,0.43,1.00,0.00
2004-09-23 20:00:00,0.00,0.00,0.00,0.00,0.00,0.00,0.00,0.00,11.09,0.78,1.00,0.00
2004-09-23 21:00:00,0.00,0.00,0.00,0.00,0.00,0.00,0.00,0.00,9.83,0.87,1.00,0.00
2004-09-23 22:00:00,0.00,0.00,0.00,0.00,0.00,0.00,0.00,0.00,8.66,1.03,1.00,0.00
2004-09-23 23:00:00,0.00,0.00,0.00,0.00,0.00,0.00,0.00,0.00,7.55,1.14,1.00,0.00
2004-09-24 00:00:00,0.00,0.00,0.00,0.00,0.00,0.00,0.00,0.00,6.79,1.02,1.00,0.00
2004-09-24 01:00:00,0.00,0.00,0.00,0.00,0.00,0.00,0.00,0.00,6.12,0.86,1.00,0.00
2004-09-24 02:00:00,0.00,0.00,0.00,0.00,0.00,0.00,0.00,0.00,5.53,0.70,1.00,0.00
2004-09-24 03:00:00,0.00,0.00,0.00,0.00,0.00,0.00,0.00,0.00,4.67,0.71,1.00,0.00
2004-09-24 04:00:00,0.00,0.00,0.00,0.00,0.00,0.00,0.00,0.00,4.03,0.76,1.00,0.00
2004-09-24 05:00:00,0.00,0.00,0.00,0.00,0.00,0.00,0.00,0.00,3.44,0.68,1.00,0.00
2004-09-24 06:00:00,0.00,0.00,0.00,0.00,0.00,0.00,0.00,0.00,4.78,0.51,1.00,0.00
2004-09-24 07:00:00,23.11,0.00,22.63,0.48,24.62,0.00,24.62,0.00,7.29,0.38,1.00,0.00
2004-09-24 08:00:00,344.71,291.43,47.47,5.81,300.04,248.40,51.64,797.84,11.71,0.15,0.00,0.00
2004-09-24 09:00:00,600.13,527.00,63.18,9.96,514.34,445.62,68.72,887.49,15.94,0.46,0.00,0.00
2004-09-24 10:00:00,814.82,726.81,74.58,13.43,693.80,612.68,81.12,929.59,19.88,0.98,0.00,0.00
2004-09-24 11:00:00,969.38,871.19,82.26,15.93,822.80,733.32,89.48,950.50,22.61,1.31,0.00,0.00
2004-09-24 12:00:00,1050.98,947.55,86.18,17.25,890.96,797.22,93.74,958.25,25.28,1.59,0.00,0.00
2004-09-24 13:00:00,1053.85,950.23,86.33,17.30,893.52,799.62,93.90,956.27,27.48,1.83,0.00,0.00
2004-09-24 14:00:00,978.12,879.38,82.67,16.08,830.52,740.60,89.92,944.75,26.83,1.95,0.00,0.00
2004-09-24 15:00:00,830.64,741.56,75.39,13.70,707.60,625.60,82.00,921.80,26.03,1.92,0.00,0.00
2004-09-24 16:00:00,622.69,547.83,64.52,10.34,534.02,463.84,70.18,878.99,24.73,1.66,0.00,0.00
2004-09-24 17:00:00,373.03,317.13,49.61,6.29,324.86,270.90,53.96,793.58,22.06,1.05,0.00,0.00
2004-09-24 18:00:00,113.94,84.49,27.41,2.03,104.98,75.16,29.82,568.29,18.70,0.46,0.00,0.00
2004-09-24 19:00:00,0.00,0.00,0.00,0.00,0.00,0.00,0.00,0.00,16.45,0.51,1.00,0.00
2004-09-24 20:00:00,0.00,0.00,0.00,0.00,0.00,0.00,0.00,0.00,14.85,0.67,1.00,0.00
2004-09-24 21:00:00,0.00,0.00,0.00,0.00,0.00,0.00,0.00,0.00,13.12,0.70,1.00,0.00
2004-09-24 22:00:00,0.00,0.00,0.00,0.00,0.00,0.00,0.00,0.00,11.83,0.93,1.00,0.00
2004-09-24 23:00:00,0.00,0.00,0.00,0.00,0.00,0.00,0.00,0.00,10.67,0.83,1.00,0.00
2004-09-25 00:00:00,0.00,0.00,0.00,0.00,0.00,0.00,0.00,0.00,9.76,0.80,1.00,0.00
2004-09-25 01:00:00,0.00,0.00,0.00,0.00,0.00,0.00,0.00,0.00,8.95,0.70,1.00,0.00
2004-09-25 02:00:00,0.00,0.00,0.00,0.00,0.00,0.00,0.00,0.00,8.30,0.69,1.00,0.00
2004-09-25 03:00:00,0.00,0.00,0.00,0.00,0.00,0.00,0.00,0.00,7.45,0.59,1.00,0.00
2004-09-25 04:00:00,0.00,0.00,0.00,0.00,0.00,0.00,0.00,0.00,6.81,0.56,1.00,0.00
2004-09-25 05:00:00,0.00,0.00,0.00,0.00,0.00,0.00,0.00,0.00,5.86,0.58,1.00,0.00
2004-09-25 06:00:00,0.00,0.00,0.00,0.00,0.00,0.00,0.00,0.00,6.46,0.47,1.00,0.00
2004-09-25 07:00:00,24.01,0.00,23.52,0.50,25.58,0.00,25.58,0.00,8.54,0.24,1.00,0.00
2004-09-25 08:00:00,345.62,291.82,47.92,5.88,303.74,251.62,52.12,795.90,11.54,0.27,0.00,0.00
2004-09-25 09:00:00,600.23,526.68,63.53,10.02,517.72,448.62,69.10,885.23,14.76,0.62,0.00,0.00
2004-09-25 10:00:00,814.61,726.22,74.89,13.50,697.08,615.62,81.46,927.79,17.77,1.03,0.00,0.00
2004-09-25 11:00:00,968.84,870.28,82.57,15.99,825.92,736.10,89.82,948.93,20.11,1.42,0.00,0.00
2004-09-25 12:00:00,1047.98,944.31,86.40,17.27,892.02,798.04,93.98,954.81,22.37,1.75,0.00,0.00
2004-09-25 13:00:00,1048.91,945.17,86.45,17.29,892.94,798.90,94.04,951.39,23.67,2.18,0.00,0.00
2004-09-25 14:00:00,971.77,872.98,82.74,16.04,828.64,738.64,90.00,938.50,23.36,2.31,0.00,0.00
2004-09-25 15:00:00,824.23,735.11,75.46,13.66,705.66,623.58,82.08,914.86,22.83,2.28,0.00,0.00
2004-09-25 16:00:00,617.12,542.24,64.57,10.31,532.58,462.34,70.24,871.74,21.63,2.07,0.00,0.00
2004-09-25 17:00:00,368.81,312.87,49.66,6.28,324.22,270.20,54.02,785.49,19.53,1.37,0.00,0.00
2004-09-25 18:00:00,112.12,82.43,27.65,2.04,105.56,75.48,30.08,559.73,16.50,0.56,0.00,0.00
2004-09-25 19:00:00,0.00,0.00,0.00,0.00,0.00,0.00,0.00,0.00,14.82,0.36,1.00,0.00
2004-09-25 20:00:00,0.00,0.00,0.00,0.00,0.00,0.00,0.00,0.00,13.63,0.44,1.00,0.00
2004-09-25 21:00:00,0.00,0.00,0.00,0.00,0.00,0.00,0.00,0.00,12.62,0.53,1.00,0.00
2004-09-25 22:00:00,0.00,0.00,0.00,0.00,0.00,0.00,0.00,0.00,11.89,0.66,1.00,0.00
2004-09-25 23:00:00,0.00,0.00,0.00,0.00,0.00,0.00,0.00,0.00,11.36,0.64,1.00,0.00
2004-09-26 00:00:00,0.00,0.00,0.00,0.00,0.00,0.00,0.00,0.00,10.80,0.66,1.00,0.00
2004-09-26 01:00:00,0.00,0.00,0.00,0.00,0.00,0.00,0.00,0.00,9.95,0.63,1.00,0.00
2004-09-26 02:00:00,0.00,0.00,0.00,0.00,0.00,0.00,0.00,0.00,8.92,0.54,1.00,0.00
2004-09-26 03:00:00,0.00,0.00,0.00,0.00,0.00,0.00,0.00,0.00,7.93,0.68,1.00,0.00
2004-09-26 04:00:00,0.00,0.00,0.00,0.00,0.00,0.00,0.00,0.00,7.24,0.80,1.00,0.00
2004-09-26 05:00:00,0.00,0.00,0.00,0.00,0.00,0.00,0.00,0.00,6.83,0.78,1.00,0.00
2004-09-26 06:00:00,0.00,0.00,0.00,0.00,0.00,0.00,0.00,0.00,7.64,0.80,1.00,0.00
2004-09-26 07:00:00,24.82,0.00,24.31,0.51,26.44,0.00,26.44,0.00,9.11,0.61,1.00,0.00
2004-09-26 08:00:00,350.76,296.29,48.45,6.02,311.18,258.48,52.70,804.96,13.09,0.08,0.00,0.00
2004-09-26 09:00:00,202.94,5.31,193.46,4.16,215.00,4.56,210.44,8.92,16.13,0.51,0.00,1.00
2004-09-26 10:00:00,308.55,7.27,294.94,6.33,327.02,6.20,320.82,9.28,19.19,0.91,0.00,1.00
2004-09-26 11:00:00,395.37,8.71,378.55,8.11,419.16,7.40,411.76,9.49,21.61,1.31,0.00,1.00
2004-09-26 12:00:00,308.76,9.42,293.01,6.33,326.72,8.00,318.72,9.53,23.11,1.30,0.00,1.00
2004-09-26 13:00:00,308.65,9.42,292.90,6.32,326.60,8.00,318.60,9.49,22.79,1.72,0.00,1.00
2004-09-26 14:00:00,276.69,8.70,262.32,5.67,292.74,7.40,285.34,9.36,22.68,1.70,0.00,1.00
2004-09-26 15:00:00,823.10,733.84,75.55,13.71,708.04,625.86,82.18,914.44,22.81,1.32,0.00,0.00
2004-09-26 16:00:00,616.79,541.77,64.65,10.37,535.56,465.24,70.32,872.59,22.37,1.70,0.00,0.00
2004-09-26 17:00:00,369.15,313.01,49.81,6.34,327.42,273.24,54.18,788.70,20.11,1.46,0.00,0.00
2004-09-26 18:00:00,112.12,82.15,27.89,2.08,107.68,77.34,30.34,563.41,17.62,0.98,0.00,0.00
2004-09-26 19:00:00,0.00,0.00,0.00,0.00,0.00,0.00,0.00,0.00,15.57,0.63,1.00,0.00
2004-09-26 20:00:00,0.00,0.00,0.00,0.00,0.00,0.00,0.00,0.00,14.55,0.51,1.00,0.00
2004-09-26 21:00:00,0.00,0.00,0.00,0.00,0.00,0.00,0.00,0.00,13.64,0.36,1.00,0.00
2004-09-26 22:00:00,0.00,0.00,0.00,0.00,0.00,0.00,0.00,0.00,12.92,0.27,1.00,0.00
2004-09-26 23:00:00,0.00,0.00,0.00,0.00,0.00,0.00,0.00,0.00,12.43,0.19,1.00,0.00
2004-09-27 00:00:00,0.00,0.00,0.00,0.00,0.00,0.00,0.00,0.00,12.08,0.23,1.00,0.00
2004-09-27 01:00:00,0.00,0.00,0.00,0.00,0.00,0.00,0.00,0.00,11.82,0.13,1.00,0.00
2004-09-27 02:00:00,0.00,0.00,0.00,0.00,0.00,0.00,0.00,0.00,11.50,0.10,1.00,0.00
2004-09-27 03:00:00,0.00,0.00,0.00,0.00,0.00,0.00,0.00,0.00,11.14,0.23,1.00,0.00
2004-09-27 04:00:00,0.00,0.00,0.00,0.00,0.00,0.00,0.00,0.00,10.40,0.14,1.00,0.00
2004-09-27 05:00:00,0.00,0.00,0.00,0.00,0.00,0.00,0.00,0.00,9.62,0.13,1.00,0.00
2004-09-27 06:00:00,0.00,0.00,0.00,0.00,0.00,0.00,0.00,0.00,8.97,0.22,1.00,0.00
2004-09-27 07:00:00,12.92,0.00,12.65,0.27,13.76,0.00,13.76,0.00,9.92,0.16,1.00,1.00
2004-09-27 08:00:00,56.28,2.97,52.16,1.15,59.36,2.62,56.74,8.04,11.63,0.18,0.00,1.00
2004-09-27 09:00:00,608.05,533.47,64.30,10.28,530.90,460.96,69.94,893.19,15.04,0.52,0.00,0.00
2004-09-27 10:00:00,824.24,734.76,75.70,13.78,712.04,629.70,82.34,936.72,18.10,0.94,0.00,0.00
2004-09-27 11:00:00,980.00,880.29,83.40,16.31,842.34,751.62,90.72,958.81,20.13,1.21,0.00,0.00
2004-09-27 12:00:00,544.05,17.97,514.94,11.14,575.44,15.32,560.12,18.16,21.00,1.54,0.00,1.00
2004-09-27 13:00:00,543.66,17.92,514.61,11.13,575.04,15.28,559.76,18.05,21.61,1.72,0.00,1.00
2004-09-27 14:00:00,483.25,13.00,460.35,9.91,511.84,11.10,500.74,13.99,21.91,1.95,0.00,1.00
2004-09-27 15:00:00,355.38,7.42,340.67,7.30,376.92,6.36,370.56,9.25,21.60,1.84,0.00,1.00
2004-09-27 16:00:00,236.60,5.46,226.29,4.86,250.86,4.72,246.14,8.81,20.43,1.81,0.00,1.00
2004-09-27 17:00:00,121.16,3.15,115.52,2.49,128.44,2.78,125.66,7.96,18.36,1.18,0.00,1.00
2004-09-27 18:00:00,31.56,0.83,30.08,0.65,33.52,0.80,32.72,5.72,16.13,0.53,0.00,1.00
2004-09-27 19:00:00,0.00,0.00,0.00,0.00,0.00,0.00,0.00,0.00,14.72,0.14,1.00,0.00
2004-09-27 20:00:00,0.00,0.00,0.00,0.00,0.00,0.00,0.00,0.00,13.62,0.08,1.00,0.00
2004-09-27 21:00:00,0.00,0.00,0.00,0.00,0.00,0.00,0.00,0.00,12.85,0.29,1.00,0.00
2004-09-27 22:00:00,0.00,0.00,0.00,0.00,0.00,0.00,0.00,0.00,11.99,0.50,1.00,0.00
2004-09-27 23:00:00,0.00,0.00,0.00,0.00,0.00,0.00,0.00,0.00,11.12,0.53,1.00,0.00
2004-09-28 00:00:00,0.00,0.00,0.00,0.00,0.00,0.00,0.00,0.00,10.35,0.52,1.00,0.00
2004-09-28 01:00:00,0.00,0.00,0.00,0.00,0.00,0.00,0.00,0.00,9.63,0.49,1.00,0.00
2004-09-28 02:00:00,0.00,0.00,0.00,0.00,0.00,0.00,0.00,0.00,9.26,0.35,1.00,0.00
2004-09-28 03:00:00,0.00,0.00,0.00,0.00,0.00,0.00,0.00,0.00,8.20,0.50,1.00,0.00
2004-09-28 04:00:00,0.00,0.00,0.00,0.00,0.00,0.00,0.00,0.00,6.72,0.64,1.00,0.00
2004-09-28 05:00:00,0.00,0.00,0.00,0.00,0.00,0.00,0.00,0.00,5.49,0.65,1.00,0.00
2004-09-28 06:00:00,0.00,0.00,0.00,0.00,0.00,0.00,0.00,0.00,6.05,0.74,1.00,0.00
2004-09-28 07:00:00,26.25,0.00,25.70,0.54,27.96,0.00,27.96,0.00,8.50,0.45,1.00,0.00
2004-09-28 08:00:00,360.22,304.50,49.42,6.30,325.36,271.60,53.76,821.34,12.09,0.11,0.00,0.00
2004-09-28 09:00:00,618.44,542.91,65.02,10.51,543.14,472.42,70.72,907.26,15.63,0.27,0.00,0.00
2004-09-28 10:00:00,835.31,744.86,76.42,14.04,725.00,641.88,83.12,948.66,18.77,0.69,0.00,0.00
2004-09-28 11:00:00,991.76,891.03,84.16,16.57,855.88,764.34,91.54,970.09,21.28,1.21,0.00,0.00
2004-09-28 12:00:00,1073.21,967.27,88.05,17.89,924.02,828.24,95.78,977.82,23.91,1.55,0.00,0.00
2004-09-28 13:00:00,1075.31,969.26,88.13,17.93,925.94,830.08,95.86,976.58,25.29,1.75,0.00,0.00
2004-09-28 14:00:00,998.03,896.96,84.40,16.68,861.46,769.66,91.80,966.39,26.06,2.01,0.00,0.00
2004-09-28 15:00:00,847.30,756.09,76.97,14.24,735.62,651.90,83.72,944.44,25.40,1.94,0.00,0.00
2004-09-28 16:00:00,281.80,5.58,270.43,5.79,299.02,4.86,294.16,9.03,23.80,1.78,0.00,1.00
2004-09-28 17:00:00,112.44,3.23,106.90,2.31,119.16,2.88,116.28,8.19,20.73,1.26,0.00,1.00
2004-09-28 18:00:00,116.34,85.39,28.70,2.25,116.22,85.00,31.22,597.40,18.10,0.38,0.00,0.00
2004-09-28 19:00:00,0.00,0.00,0.00,0.00,0.00,0.00,0.00,0.00,16.72,0.27,1.00,0.00
2004-09-28 20:00:00,0.00,0.00,0.00,0.00,0.00,0.00,0.00,0.00,15.13,0.44,1.00,0.00
2004-09-28 21:00:00,0.00,0.00,0.00,0.00,0.00,0.00,0.00,0.00,13.98,0.65,1.00,0.00
2004-09-28 22:00:00,0.00,0.00,0.00,0.00,0.00,0.00,0.00,0.00,13.07,0.88,1.00,0.00
2004-09-28 23:00:00,0.00,0.00,0.00,0.00,0.00,0.00,0.00,0.00,12.41,0.81,1.00,0.00
2004-09-29 00:00:00,0.00,0.00,0.00,0.00,0.00,0.00,0.00,0.00,12.08,0.83,1.00,0.00
2004-09-29 01:00:00,0.00,0.00,0.00,0.00,0.00,0.00,0.00,0.00,11.73,0.69,1.00,0.00
2004-09-29 02:00:00,0.00,0.00,0.00,0.00,0.00,0.00,0.00,0.00,11.69,0.53,1.00,0.00
2004-09-29 03:00:00,0.00,0.00,0.00,0.00,0.00,0.00,0.00,0.00,11.19,0.56,1.00,0.00
2004-09-29 04:00:00,0.00,0.00,0.00,0.00,0.00,0.00,0.00,0.00,10.52,0.58,1.00,0.00
2004-09-29 05:00:00,0.00,0.00,0.00,0.00,0.00,0.00,0.00,0.00,9.79,0.55,1.00,0.00
2004-09-29 06:00:00,0.00,0.00,0.00,0.00,0.00,0.00,0.00,0.00,9.22,0.57,1.00,0.00
2004-09-29 07:00:00,24.39,0.00,23.88,0.50,25.98,0.00,25.98,0.00,10.06,0.42,1.00,1.00
2004-09-29 08:00:00,353.28,297.86,49.18,6.24,322.08,268.58,53.50,800.65,12.09,0.16,0.00,0.00
2004-09-29 09:00:00,604.63,529.85,64.43,10.34,534.36,464.28,70.08,884.05,14.41,0.48,0.00,0.00
2004-09-29 10:00:00,412.33,8.47,395.39,8.47,437.42,7.34,430.08,10.78,16.25,0.84,0.00,1.00
2004-09-29 11:00:00,338.19,8.68,322.58,6.94,358.36,7.48,350.88,9.44,17.92,1.27,0.00,1.00
2004-09-29 12:00:00,221.08,9.42,207.14,4.52,233.42,8.10,225.32,9.52,19.59,1.65,0.00,1.00
2004-09-29 13:00:00,169.90,9.42,157.02,3.46,178.90,8.10,170.80,9.49,20.18,2.02,0.00,1.00
2004-09-29 14:00:00,147.66,8.70,135.95,3.01,155.38,7.50,147.88,9.38,20.42,2.30,0.00,1.00
2004-09-29 15:00:00,119.46,7.31,109.71,2.43,125.68,6.34,119.34,9.15,19.92,2.22,0.00,1.00
2004-09-29 16:00:00,118.06,5.38,110.27,2.41,124.66,4.72,119.94,8.72,18.80,2.22,0.00,1.00
2004-09-29 17:00:00,49.79,3.10,45.67,1.02,52.48,2.80,49.68,7.91,17.37,1.65,0.00,1.00
2004-09-29 18:00:00,113.18,82.14,28.81,2.23,115.36,84.02,31.34,579.95,14.95,0.88,0.00,0.00
2004-09-29 19:00:00,0.00,0.00,0.00,0.00,0.00,0.00,0.00,0.00,13.33,0.29,1.00,0.00
2004-09-29 20:00:00,0.00,0.00,0.00,0.00,0.00,0.00,0.00,0.00,12.36,0.17,1.00,0.00
2004-09-29 21:00:00,0.00,0.00,0.00,0.00,0.00,0.00,0.00,0.00,11.47,0.22,1.00,0.00
2004-09-29 22:00:00,0.00,0.00,0.00,0.00,0.00,0.00,0.00,0.00,10.87,0.40,1.00,0.00
2004-09-29 23:00:00,0.00,0.00,0.00,0.00,0.00,0.00,0.00,0.00,10.29,0.29,1.00,0.00
2004-09-30 00:00:00,0.00,0.00,0.00,0.00,0.00,0.00,0.00,0.00,9.80,0.33,1.00,0.00
2004-09-30 01:00:00,0.00,0.00,0.00,0.00,0.00,0.00,0.00,0.00,9.38,0.27,1.00,0.00
2004-09-30 02:00:00,0.00,0.00,0.00,0.00,0.00,0.00,0.00,0.00,9.12,0.28,1.00,0.00
2004-09-30 03:00:00,0.00,0.00,0.00,0.00,0.00,0.00,0.00,0.00,8.22,0.36,1.00,0.00
2004-09-30 04:00:00,0.00,0.00,0.00,0.00,0.00,0.00,0.00,0.00,7.27,0.51,1.00,0.00
2004-09-30 05:00:00,0.00,0.00,0.00,0.00,0.00,0.00,0.00,0.00,6.40,0.45,1.00,0.00
2004-09-30 06:00:00,0.00,0.00,0.00,0.00,0.00,0.00,0.00,0.00,7.37,0.44,1.00,0.00
2004-09-30 07:00:00,27.73,0.00,27.16,0.57,29.54,0.00,29.54,0.00,9.56,0.20,1.00,0.00
2004-09-30 08:00:00,361.76,305.16,50.16,6.44,332.68,278.12,54.56,817.48,13.25,0.26,0.00,0.00
2004-09-30 09:00:00,616.75,540.68,65.46,10.61,548.28,477.08,71.20,900.54,16.39,0.57,0.00,0.00
2004-09-30 10:00:00,830.94,740.13,76.71,14.10,728.18,644.74,83.44,940.97,19.29,0.97,0.00,0.00
2004-09-30 11:00:00,984.87,883.99,84.28,16.59,857.12,765.44,91.68,961.73,21.61,1.28,0.00,0.00
2004-09-30 12:00:00,1063.87,957.92,88.07,17.87,923.24,827.44,95.80,968.48,24.22,1.57,0.00,0.00
2004-09-30 13:00:00,1064.10,958.17,88.05,17.88,923.50,827.72,95.78,966.25,25.61,1.72,0.00,0.00
2004-09-30 14:00:00,985.86,884.98,84.27,16.61,858.14,766.48,91.66,955.11,25.27,1.87,0.00,0.00
2004-09-30 15:00:00,836.71,745.58,76.93,14.20,733.42,649.74,83.68,933.82,24.96,1.68,0.00,0.00
2004-09-30 16:00:00,627.16,550.40,65.97,10.80,557.70,485.94,71.76,893.67,23.78,1.57,0.00,0.00
2004-09-30 17:00:00,376.12,318.34,51.10,6.69,345.70,290.12,55.58,813.63,21.50,1.01,0.00,0.00
2004-09-30 18:00:00,114.42,82.87,29.25,2.30,118.90,87.08,31.82,591.21,18.46,0.43,0.00,0.00
2004-09-30 19:00:00,0.00,0.00,0.00,0.00,0.00,0.00,0.00,0.00,16.67,0.47,1.00,0.00
2004-09-30 20:00:00,0.00,0.00,0.00,0.00,0.00,0.00,0.00,0.00,14.84,0.79,1.00,0.00
2004-09-30 21:00:00,0.00,0.00,0.00,0.00,0.00,0.00,0.00,0.00,13.33,0.92,1.00,0.00
2004-09-30 22:00:00,0.00,0.00,0.00,0.00,0.00,0.00,0.00,0.00,12.10,1.14,1.00,0.00
2004-09-30 23:00:00,0.00,0.00,0.00,0.00,0.00,0.00,0.00,0.00,11.06,1.07,1.00,0.00
2016-10-01 00:00:00,0.00,0.00,0.00,0.00,0.00,0.00,0.00,0.00,11.73,0.53,1.00,0.00
2016-10-01 01:00:00,0.00,0.00,0.00,0.00,0.00,0.00,0.00,0.00,11.03,0.60,1.00,0.00
2016-10-01 02:00:00,0.00,0.00,0.00,0.00,0.00,0.00,0.00,0.00,10.40,0.60,1.00,0.00
2016-10-01 03:00:00,0.00,0.00,0.00,0.00,0.00,0.00,0.00,0.00,9.46,0.61,1.00,0.00
2016-10-01 04:00:00,0.00,0.00,0.00,0.00,0.00,0.00,0.00,0.00,8.77,0.66,1.00,0.00
2016-10-01 05:00:00,0.00,0.00,0.00,0.00,0.00,0.00,0.00,0.00,7.72,0.84,1.00,0.00
2016-10-01 06:00:00,0.00,0.00,0.00,0.00,0.00,0.00,0.00,0.00,8.73,0.69,1.00,0.00
2016-10-01 07:00:00,28.18,0.00,27.60,0.58,30.02,0.00,30.02,0.00,11.24,0.29,1.00,0.00
2016-10-01 08:00:00,361.20,304.52,50.20,6.49,335.32,280.72,54.60,812.98,14.69,0.16,0.00,0.00
2016-10-01 09:00:00,613.84,537.84,65.36,10.63,549.22,478.12,71.10,894.27,17.38,0.63,0.00,0.00
2016-10-01 10:00:00,362.26,7.35,347.47,7.44,384.40,6.44,377.96,9.34,20.27,0.97,0.00,1.00
2016-10-01 11:00:00,463.41,11.54,442.37,9.51,491.22,10.04,481.18,12.55,22.62,1.27,0.00,1.00
2016-10-01 12:00:00,518.57,15.60,492.34,10.63,549.08,13.54,535.54,15.78,23.81,1.67,0.00,1.00
2016-10-01 13:00:00,517.23,15.48,491.15,10.60,547.68,13.44,534.24,15.62,24.49,2.04,0.00,1.00
2016-10-01 14:00:00,459.87,11.30,439.13,9.44,487.50,9.84,477.66,12.21,23.77,2.31,0.00,1.00
2016-10-01 15:00:00,359.70,7.30,345.01,7.39,381.68,6.40,375.28,9.16,22.74,2.41,0.00,1.00
2016-10-01 16:00:00,612.15,536.19,65.35,10.61,548.02,476.94,71.08,872.65,21.83,2.28,0.00,0.00
2016-10-01 17:00:00,364.23,307.12,50.56,6.55,338.12,283.12,55.00,787.88,20.34,1.68,0.00,0.00
2016-10-01 18:00:00,112.63,81.02,29.29,2.31,119.56,87.70,31.86,584.46,18.01,1.01,0.00,0.00
2016-10-01 19:00:00,0.00,0.00,0.00,0.00,0.00,0.00,0.00,0.00,16.03,0.50,1.00,0.00
2016-10-01 20:00:00,0.00,0.00,0.00,0.00,0.00,0.00,0.00,0.00,14.71,0.25,1.00,0.00
2016-10-01 21:00:00,0.00,0.00,0.00,0.00,0.00,0.00,0.00,0.00,13.75,0.23,1.00,0.00
2016-10-01 22:00:00,0.00,0.00,0.00,0.00,0.00,0.00,0.00,0.00,12.69,0.38,1.00,0.00
2016-10-01 23:00:00,0.00,0.00,0.00,0.00,0.00,0.00,0.00,0.00,11.88,0.43,1.00,0.00
2016-10-02 00:00:00,0.00,0.00,0.00,0.00,0.00,0.00,0.00,0.00,11.02,0.45,1.00,0.00
2016-10-02 01:00:00,0.00,0.00,0.00,0.00,0.00,0.00,0.00,0.00,10.24,0.53,1.00,0.00
2016-10-02 02:00:00,0.00,0.00,0.00,0.00,0.00,0.00,0.00,0.00,9.54,0.55,1.00,0.00
2016-10-02 03:00:00,0.00,0.00,0.00,0.00,0.00,0.00,0.00,0.00,8.45,0.52,1.00,0.00
2016-10-02 04:00:00,0.00,0.00,0.00,0.00,0.00,0.00,0.00,0.00,7.72,0.62,1.00,0.00
2016-10-02 05:00:00,0.00,0.00,0.00,0.00,0.00,0.00,0.00,0.00,7.06,0.61,1.00,0.00
2016-10-02 06:00:00,0.00,0.00,0.00,0.00,0.00,0.00,0.00,0.00,8.83,0.53,1.00,0.00
2016-10-02 07:00:00,104.15,73.54,28.41,2.21,113.92,83.02,30.90,594.31,11.59,0.40,0.00,0.00
2016-10-02 08:00:00,365.38,307.94,50.82,6.62,342.08,286.80,55.28,819.33,16.03,0.35,0.00,0.00
2016-10-02 09:00:00,621.26,544.36,66.08,10.82,559.04,487.16,71.88,903.71,19.09,0.67,0.00,0.00
2016-10-02 10:00:00,837.60,745.88,77.37,14.35,741.14,656.98,84.16,946.79,21.86,0.91,0.00,0.00
2016-10-02 11:00:00,994.37,892.40,85.08,16.90,872.70,780.16,92.54,970.40,24.65,1.30,0.00,0.00
2016-10-02 12:00:00,1072.57,965.58,88.83,18.16,938.22,841.60,96.62,976.55,26.59,1.66,0.00,0.00
2016-10-02 13:00:00,1071.90,964.94,88.81,18.15,937.68,841.08,96.60,974.15,27.74,2.04,0.00,0.00
2016-10-02 14:00:00,992.14,890.30,84.98,16.86,870.98,778.54,92.44,962.69,28.59,2.38,0.00,0.00
2016-10-02 15:00:00,837.69,745.92,77.41,14.36,741.52,657.32,84.20,936.98,28.03,2.41,0.00,0.00
2016-10-02 16:00:00,624.50,547.32,66.30,10.89,562.30,490.18,72.12,892.59,26.86,2.27,0.00,0.00
2016-10-02 17:00:00,372.41,314.29,51.37,6.75,348.70,292.82,55.88,809.01,24.72,1.63,0.00,0.00
2016-10-02 18:00:00,114.26,82.03,29.84,2.39,123.64,91.18,32.46,597.35,21.46,0.72,0.00,0.00
2016-10-02 19:00:00,0.00,0.00,0.00,0.00,0.00,0.00,0.00,0.00,18.86,0.28,1.00,0.00
2016-10-02 20:00:00,0.00,0.00,0.00,0.00,0.00,0.00,0.00,0.00,17.23,0.31,1.00,0.00
2016-10-02 21:00:00,0.00,0.00,0.00,0.00,0.00,0.00,0.00,0.00,16.14,0.38,1.00,0.00
2016-10-02 22:00:00,0.00,0.00,0.00,0.00,0.00,0.00,0.00,0.00,14.91,0.54,1.00,0.00
2016-10-02 23:00:00,0.00,0.00,0.00,0.00,0.00,0.00,0.00,0.00,14.14,0.38,1.00,0.00
2016-10-03 00:00:00,0.00,0.00,0.00,0.00,0.00,0.00,0.00,0.00,13.28,0.50,1.00,0.00
2016-10-03 01:00:00,0.00,0.00,0.00,0.00,0.00,0.00,0.00,0.00,12.50,0.62,1.00,0.00
2016-10-03 02:00:00,0.00,0.00,0.00,0.00,0.00,0.00,0.00,0.00,11.63,0.65,1.00,0.00
2016-10-03 03:00:00,0.00,0.00,0.00,0.00,0.00,0.00,0.00,0.00,10.53,0.64,1.00,0.00
2016-10-03 04:00:00,0.00,0.00,0.00,0.00,0.00,0.00,0.00,0.00,9.54,0.76,1.00,0.00
2016-10-03 05:00:00,0.00,0.00,0.00,0.00,0.00,0.00,0.00,0.00,8.97,0.67,1.00,0.00
2016-10-03 06:00:00,0.00,0.00,0.00,0.00,0.00,0.00,0.00,0.00,10.44,0.65,1.00,0.00
2016-10-03 07:00:00,106.55,75.24,29.01,2.29,118.44,86.88,31.56,601.84,13.41,0.37,0.00,0.00
2016-10-03 08:00:00,365.65,307.89,51.08,6.68,345.18,289.62,55.56,816.71,16.43,0.27,0.00,0.00
2016-10-03 09:00:00,617.14,540.26,66.06,10.81,558.62,486.76,71.86,895.66,19.33,0.66,0.00,0.00
2016-10-03 10:00:00,827.87,736.51,77.11,14.25,735.98,652.10,83.88,934.35,21.87,0.88,0.00,0.00
2016-10-03 11:00:00,978.65,877.40,84.54,16.70,862.54,770.58,91.96,953.94,24.02,1.30,0.00,0.00
2016-10-03 12:00:00,1054.92,948.74,88.24,17.93,926.40,830.42,95.98,959.76,25.30,1.70,0.00,0.00
2016-10-03 13:00:00,1053.37,947.24,88.22,17.91,925.12,829.16,95.96,956.85,26.02,2.04,0.00,0.00
2016-10-03 14:00:00,973.79,872.76,84.41,16.62,858.54,766.72,91.82,944.61,25.28,2.39,0.00,0.00
2016-10-03 15:00:00,270.46,7.31,257.60,5.55,286.68,6.48,280.20,9.20,23.86,2.40,0.00,1.00
2016-10-03 16:00:00,183.29,5.37,174.16,3.76,194.28,4.84,189.44,8.77,21.75,2.17,0.00,1.00
2016-10-03 17:00:00,97.38,3.08,92.30,2.00,103.30,2.90,100.40,7.96,19.94,1.91,0.00,1.00
2016-10-03 18:00:00,28.78,0.81,27.38,0.59,30.70,0.92,29.78,5.93,18.17,1.17,0.00,1.00
2016-10-03 19:00:00,0.00,0.00,0.00,0.00,0.00,0.00,0.00,0.00,17.08,0.82,1.00,0.00
2016-10-03 20:00:00,0.00,0.00,0.00,0.00,0.00,0.00,0.00,0.00,16.34,0.49,1.00,0.00
2016-10-03 21:00:00,0.00,0.00,0.00,0.00,0.00,0.00,0.00,0.00,16.08,0.50,1.00,0.00
2016-10-03 22:00:00,0.00,0.00,0.00,0.00,0.00,0.00,0.00,0.00,15.92,0.35,1.00,0.00
2016-10-03 23:00:00,0.00,0.00,0.00,0.00,0.00,0.00,0.00,0.00,15.94,0.34,1.00,0.00
2016-10-04 00:00:00,0.00,0.00,0.00,0.00,0.00,0.00,0.00,0.00,15.67,0.17,1.00,0.00
2016-10-04 01:00:00,0.00,0.00,0.00,0.00,0.00,0.00,0.00,0.00,15.14,0.35,1.00,0.00
2016-10-04 02:00:00,0.00,0.00,0.00,0.00,0.00,0.00,0.00,0.00,14.44,0.38,1.00,0.00
2016-10-04 03:00:00,0.00,0.00,0.00,0.00,0.00,0.00,0.00,0.00,13.13,0.27,1.00,0.00
2016-10-04 04:00:00,0.00,0.00,0.00,0.00,0.00,0.00,0.00,0.00,11.59,0.32,1.00,0.00
2016-10-04 05:00:00,0.00,0.00,0.00,0.00,0.00,0.00,0.00,0.00,10.55,0.29,1.00,0.00
2016-10-04 06:00:00,0.00,0.00,0.00,0.00,0.00,0.00,0.00,0.00,11.58,0.20,1.00,0.00
2016-10-04 07:00:00,104.20,72.73,29.20,2.28,117.64,85.88,31.76,575.64,14.04,0.36,0.00,0.00
2016-10-04 08:00:00,356.21,298.80,50.84,6.57,339.20,283.90,55.30,790.41,16.70,0.76,0.00,0.00
2016-10-04 09:00:00,604.68,528.29,65.73,10.66,550.60,479.10,71.50,874.73,19.03,1.10,0.00,0.00
2016-10-04 10:00:00,815.12,724.22,76.80,14.10,728.12,644.58,83.54,918.17,20.43,1.46,0.00,0.00
2016-10-04 11:00:00,967.87,866.93,84.36,16.58,856.54,764.78,91.76,942.46,22.12,1.67,0.00,0.00
2016-10-04 12:00:00,1046.73,940.70,88.16,17.86,922.74,826.84,95.90,951.89,23.18,2.23,0.00,0.00
2016-10-04 13:00:00,1048.02,941.91,88.22,17.89,923.96,828.00,95.96,952.09,23.70,2.32,0.00,0.00
2016-10-04 14:00:00,971.66,870.47,84.54,16.65,860.14,768.18,91.96,943.11,24.34,2.60,0.00,0.00
2016-10-04 15:00:00,825.14,733.53,77.33,14.28,737.44,653.32,84.12,924.10,23.67,2.38,0.00,0.00
2016-10-04 16:00:00,618.83,541.36,66.56,10.92,563.90,491.50,72.40,886.76,22.57,2.23,0.00,0.00
2016-10-04 17:00:00,371.58,312.82,51.91,6.85,354.08,297.62,56.46,810.98,21.12,1.50,0.00,0.00
2016-10-04 18:00:00,114.18,81.15,30.54,2.48,128.30,95.08,33.22,602.48,19.07,0.64,0.00,0.00
2016-10-04 19:00:00,0.00,0.00,0.00,0.00,0.00,0.00,0.00,0.00,17.22,0.40,1.00,0.00
2016-10-04 20:00:00,0.00,0.00,0.00,0.00,0.00,0.00,0.00,0.00,15.74,0.20,1.00,0.00
2016-10-04 21:00:00,0.00,0.00,0.00,0.00,0.00,0.00,0.00,0.00,14.65,0.27,1.00,0.00
2016-10-04 22:00:00,0.00,0.00,0.00,0.00,0.00,0.00,0.00,0.00,13.44,0.72,1.00,0.00
2016-10-04 23:00:00,0.00,0.00,0.00,0.00,0.00,0.00,0.00,0.00,12.60,0.71,1.00,0.00
2016-10-05 00:00:00,0.00,0.00,0.00,0.00,0.00,0.00,0.00,0.00,11.81,0.68,1.00,0.00
2016-10-05 01:00:00,0.00,0.00,0.00,0.00,0.00,0.00,0.00,0.00,10.69,0.68,1.00,0.00
2016-10-05 02:00:00,0.00,0.00,0.00,0.00,0.00,0.00,0.00,0.00,10.09,0.61,1.00,0.00
2016-10-05 03:00:00,0.00,0.00,0.00,0.00,0.00,0.00,0.00,0.00,9.53,0.63,1.00,0.00
2016-10-05 04:00:00,0.00,0.00,0.00,0.00,0.00,0.00,0.00,0.00,8.35,0.84,1.00,0.00
2016-10-05 05:00:00,0.00,0.00,0.00,0.00,0.00,0.00,0.00,0.00,7.88,0.67,1.00,0.00
2016-10-05 06:00:00,0.00,0.00,0.00,0.00,0.00,0.00,0.00,0.00,9.89,0.56,1.00,0.00
2016-10-05 07:00:00,108.85,76.32,30.12,2.42,124.76,92.00,32.76,597.99,12.35,0.35,0.00,0.00
2016-10-05 08:00:00,362.76,304.42,51.59,6.74,348.22,292.10,56.12,803.05,16.00,0.22,0.00,0.00
2016-10-05 09:00:00,610.66,533.48,66.36,10.83,559.18,487.00,72.18,882.11,19.19,0.65,0.00,0.00
2016-10-05 10:00:00,819.16,727.66,77.28,14.23,735.00,650.94,84.06,922.02,22.23,0.82,0.00,0.00
2016-10-05 11:00:00,968.23,866.95,84.63,16.65,860.28,768.22,92.06,942.45,24.10,1.10,0.00,0.00
2016-10-05 12:00:00,1046.07,939.81,88.35,17.92,925.62,829.52,96.10,951.30,24.89,1.49,0.00,0.00
2016-10-05 13:00:00,1046.12,939.85,88.35,17.92,925.78,829.68,96.10,950.65,25.89,1.55,0.00,0.00
2016-10-05 14:00:00,968.52,867.28,84.58,16.67,860.82,768.82,92.00,940.63,26.96,1.91,0.00,0.00
2016-10-05 15:00:00,820.13,728.61,77.26,14.26,736.34,652.30,84.04,919.29,27.56,2.17,0.00,0.00
2016-10-05 16:00:00,612.83,535.56,66.39,10.88,561.76,489.54,72.22,879.08,26.37,2.16,0.00,0.00
2016-10-05 17:00:00,366.25,307.70,51.74,6.82,352.08,295.80,56.28,800.71,24.02,1.52,0.00,0.00
2016-10-05 18:00:00,113.94,80.62,30.80,2.53,130.44,96.94,33.50,605.02,20.34,0.67,0.00,0.00
2016-10-05 19:00:00,0.00,0.00,0.00,0.00,0.00,0.00,0.00,0.00,17.89,0.54,1.00,0.00
2016-10-05 20:00:00,0.00,0.00,0.00,0.00,0.00,0.00,0.00,0.00,16.36,0.64,1.00,0.00
2016-10-05 21:00:00,0.00,0.00,0.00,0.00,0.00,0.00,0.00,0.00,15.21,0.66,1.00,0.00
2016-10-05 22:00:00,0.00,0.00,0.00,0.00,0.00,0.00,0.00,0.00,13.88,0.91,1.00,0.00
2016-10-05 23:00:00,0.00,0.00,0.00,0.00,0.00,0.00,0.00,0.00,12.93,0.93,1.00,0.00
2016-10-06 00:00:00,0.00,0.00,0.00,0.00,0.00,0.00,0.00,0.00,12.09,0.95,1.00,0.00
2016-10-06 01:00:00,0.00,0.00,0.00,0.00,0.00,0.00,0.00,0.00,11.46,0.90,1.00,0.00
2016-10-06 02:00:00,0.00,0.00,0.00,0.00,0.00,0.00,0.00,0.00,10.64,0.85,1.00,0.00
2016-10-06 03:00:00,0.00,0.00,0.00,0.00,0.00,0.00,0.00,0.00,9.68,0.65,1.00,0.00
2016-10-06 04:00:00,0.00,0.00,0.00,0.00,0.00,0.00,0.00,0.00,9.08,0.68,1.00,0.00
2016-10-06 05:00:00,0.00,0.00,0.00,0.00,0.00,0.00,0.00,0.00,9.65,0.60,1.00,0.00
2016-10-06 06:00:00,0.00,0.00,0.00,0.00,0.00,0.00,0.00,0.00,10.41,0.49,1.00,0.00
2016-10-06 07:00:00,38.57,0.76,37.01,0.80,41.20,0.94,40.26,5.93,12.76,0.29,0.00,1.00
2016-10-06 08:00:00,134.26,2.99,128.50,2.76,142.68,2.90,139.78,7.88,15.10,0.19,0.00,1.00
2016-10-06 09:00:00,132.16,5.25,124.20,2.71,139.92,4.82,135.10,8.66,17.93,0.63,0.00,1.00
2016-10-06 10:00:00,191.00,7.14,179.95,3.91,202.16,6.42,195.74,9.04,21.47,1.06,0.00,1.00
2016-10-06 11:00:00,237.96,8.49,224.59,4.88,251.86,7.56,244.30,9.23,23.00,1.43,0.00,1.00
2016-10-06 12:00:00,512.09,14.78,486.81,10.50,542.62,13.10,529.52,14.97,23.81,1.96,0.00,1.00
2016-10-06 13:00:00,511.77,14.75,486.51,10.50,542.28,13.08,529.20,14.93,24.77,2.37,0.00,1.00
2016-10-06 14:00:00,456.26,10.85,436.04,9.37,483.96,9.66,474.30,11.78,23.91,2.63,0.00,1.00
2016-10-06 15:00:00,431.25,9.09,413.30,8.86,457.74,8.18,449.56,11.48,22.76,2.68,0.00,1.00
2016-10-06 16:00:00,287.09,5.22,275.97,5.90,304.98,4.80,300.18,8.58,21.51,2.43,0.00,1.00
2016-10-06 17:00:00,148.75,2.99,142.70,3.06,158.12,2.90,155.22,7.80,20.17,2.02,0.00,1.00
2016-10-06 18:00:00,43.36,0.78,41.68,0.90,46.30,0.96,45.34,5.90,18.49,1.27,0.00,1.00
2016-10-06 19:00:00,0.00,0.00,0.00,0.00,0.00,0.00,0.00,0.00,17.21,0.97,1.00,0.00
2016-10-06 20:00:00,0.00,0.00,0.00,0.00,0.00,0.00,0.00,0.00,16.03,0.62,1.00,0.00
2016-10-06 21:00:00,0.00,0.00,0.00,0.00,0.00,0.00,0.00,0.00,15.75,0.43,1.00,0.00
2016-10-06 22:00:00,0.00,0.00,0.00,0.00,0.00,0.00,0.00,0.00,14.49,0.39,1.00,0.00
2016-10-06 23:00:00,0.00,0.00,0.00,0.00,0.00,0.00,0.00,0.00,13.85,0.37,1.00,0.00
2016-10-07 00:00:00,0.00,0.00,0.00,0.00,0.00,0.00,0.00,0.00,13.15,0.30,1.00,0.00
2016-10-07 01:00:00,0.00,0.00,0.00,0.00,0.00,0.00,0.00,0.00,12.53,0.23,1.00,0.00
2016-10-07 02:00:00,0.00,0.00,0.00,0.00,0.00,0.00,0.00,0.00,11.96,0.29,1.00,0.00
2016-10-07 03:00:00,0.00,0.00,0.00,0.00,0.00,0.00,0.00,0.00,11.30,0.35,1.00,0.00
2016-10-07 04:00:00,0.00,0.00,0.00,0.00,0.00,0.00,0.00,0.00,10.19,0.19,1.00,0.00
2016-10-07 05:00:00,0.00,0.00,0.00,0.00,0.00,0.00,0.00,0.00,9.39,0.34,1.00,0.00
2016-10-07 06:00:00,0.00,0.00,0.00,0.00,0.00,0.00,0.00,0.00,10.60,0.21,1.00,0.00
2016-10-07 07:00:00,113.06,79.20,31.28,2.58,133.36,99.34,34.02,608.87,12.09,0.13,0.00,0.00
2016-10-07 08:00:00,367.32,308.13,52.26,6.93,358.12,301.28,56.84,808.45,14.61,0.33,0.00,0.00
2016-10-07 09:00:00,618.24,540.11,67.06,11.08,572.32,499.38,72.94,891.19,17.22,0.65,0.00,0.00
2016-10-07 10:00:00,831.40,738.69,78.14,14.57,752.56,667.56,85.00,935.30,19.44,0.95,0.00,0.00
2016-10-07 11:00:00,986.93,884.06,85.76,17.11,883.68,790.40,93.28,961.16,21.87,1.44,0.00,0.00
2016-10-07 12:00:00,1063.52,955.77,89.40,18.35,947.92,850.68,97.24,968.26,23.77,1.95,0.00,0.00
2016-10-07 13:00:00,1061.41,953.80,89.29,18.32,946.24,849.12,97.12,966.21,25.10,2.15,0.00,0.00
2016-10-07 14:00:00,981.21,878.79,85.41,17.02,878.96,786.06,92.90,955.19,24.85,2.56,0.00,0.00
2016-10-07 15:00:00,829.74,737.21,77.98,14.55,751.74,666.92,84.82,932.97,24.27,2.61,0.00,0.00
2016-10-07 16:00:00,619.50,541.36,67.02,11.12,574.36,501.46,72.90,892.60,22.86,2.44,0.00,0.00
2016-10-07 17:00:00,370.11,310.76,52.35,7.01,361.86,304.92,56.94,814.33,21.35,1.96,0.00,0.00
2016-10-07 18:00:00,113.34,79.42,31.31,2.60,134.46,100.40,34.06,607.04,18.64,1.19,0.00,0.00
2016-10-07 19:00:00,0.00,0.00,0.00,0.00,0.00,0.00,0.00,0.00,17.22,0.63,1.00,0.00
2016-10-07 20:00:00,0.00,0.00,0.00,0.00,0.00,0.00,0.00,0.00,15.64,0.29,1.00,0.00
2016-10-07 21:00:00,0.00,0.00,0.00,0.00,0.00,0.00,0.00,0.00,14.70,0.37,1.00,0.00
2016-10-07 22:00:00,0.00,0.00,0.00,0.00,0.00,0.00,0.00,0.00,13.75,0.67,1.00,0.00
2016-10-07 23:00:00,0.00,0.00,0.00,0.00,0.00,0.00,0.00,0.00,13.00,0.49,1.00,0.00
2016-10-08 00:00:00,0.00,0.00,0.00,0.00,0.00,0.00,0.00,0.00,12.21,0.64,1.00,0.00
2016-10-08 01:00:00,0.00,0.00,0.00,0.00,0.00,0.00,0.00,0.00,11.68,0.52,1.00,0.00
2016-10-08 02:00:00,0.00,0.00,0.00,0.00,0.00,0.00,0.00,0.00,11.26,0.53,1.00,0.00
2016-10-08 03:00:00,0.00,0.00,0.00,0.00,0.00,0.00,0.00,0.00,10.38,0.42,1.00,0.00
2016-10-08 04:00:00,0.00,0.00,0.00,0.00,0.00,0.00,0.00,0.00,9.98,0.38,1.00,0.00
2016-10-08 05:00:00,0.00,0.00,0.00,0.00,0.00,0.00,0.00,0.00,9.25,0.53,1.00,0.00
2016-10-08 06:00:00,0.00,0.00,0.00,0.00,0.00,0.00,0.00,0.00,10.56,0.48,1.00,0.00
2016-10-08 07:00:00,33.63,0.85,32.08,0.70,35.98,1.08,34.90,6.44,11.88,0.14,0.00,1.00
2016-10-08 08:00:00,107.51,3.20,102.10,2.21,114.22,3.16,111.06,8.38,14.81,0.17,0.00,1.00
2016-10-08 09:00:00,175.63,5.57,166.45,3.61,186.24,5.18,181.06,9.18,17.69,0.49,0.00,1.00
2016-10-08 10:00:00,256.21,7.55,243.40,5.26,271.62,6.86,264.76,9.56,20.43,0.84,0.00,1.00
2016-10-08 11:00:00,321.88,9.02,306.25,6.61,341.22,8.10,333.12,9.81,22.88,1.21,0.00,1.00
2016-10-08 12:00:00,713.18,38.00,660.62,14.57,752.54,33.96,718.58,38.51,24.55,1.62,0.00,1.00
2016-10-08 13:00:00,711.09,37.66,658.91,14.53,750.38,33.66,716.72,38.18,25.56,1.96,0.00,1.00
2016-10-08 14:00:00,631.31,25.87,592.51,12.93,667.74,23.24,644.50,28.15,25.21,2.44,0.00,1.00
2016-10-08 15:00:00,844.92,750.85,79.19,14.89,768.88,682.74,86.14,951.69,24.24,2.64,0.00,0.00
2016-10-08 16:00:00,630.76,551.31,68.07,11.39,588.14,514.10,74.04,910.89,22.52,2.45,0.00,0.00
2016-10-08 17:00:00,377.44,317.05,53.19,7.20,372.08,314.22,57.86,833.76,20.60,1.86,0.00,0.00
2016-10-08 18:00:00,117.66,82.76,32.14,2.75,142.28,107.32,34.96,638.91,17.26,0.99,0.00,0.00
2016-10-08 19:00:00,0.00,0.00,0.00,0.00,0.00,0.00,0.00,0.00,15.45,0.39,1.00,0.00
2016-10-08 20:00:00,0.00,0.00,0.00,0.00,0.00,0.00,0.00,0.00,14.25,0.25,1.00,0.00
2016-10-08 21:00:00,0.00,0.00,0.00,0.00,0.00,0.00,0.00,0.00,13.77,0.33,1.00,0.00
2016-10-08 22:00:00,0.00,0.00,0.00,0.00,0.00,0.00,0.00,0.00,12.71,0.56,1.00,0.00
2016-10-08 23:00:00,0.00,0.00,0.00,0.00,0.00,0.00,0.00,0.00,11.61,0.67,1.00,0.00
2016-10-09 00:00:00,0.00,0.00,0.00,0.00,0.00,0.00,0.00,0.00,10.48,0.79,1.00,0.00
2016-10-09 01:00:00,0.00,0.00,0.00,0.00,0.00,0.00,0.00,0.00,9.70,0.81,1.00,0.00
2016-10-09 02:00:00,0.00,0.00,0.00,0.00,0.00,0.00,0.00,0.00,9.03,0.79,1.00,0.00
2016-10-09 03:00:00,0.00,0.00,0.00,0.00,0.00,0.00,0.00,0.00,8.26,0.70,1.00,0.00
2016-10-09 04:00:00,0.00,0.00,0.00,0.00,0.00,0.00,0.00,0.00,7.96,0.65,1.00,0.00
2016-10-09 05:00:00,0.00,0.00,0.00,0.00,0.00,0.00,0.00,0.00,7.51,0.67,1.00,0.00
2016-10-09 06:00:00,0.00,0.00,0.00,0.00,0.00,0.00,0.00,0.00,9.51,0.56,1.00,0.00
2016-10-09 07:00:00,120.75,85.26,32.65,2.84,146.46,110.94,35.52,643.98,12.63,0.25,0.00,0.00
2016-10-09 08:00:00,377.48,316.91,53.34,7.23,373.60,315.58,58.02,827.79,16.89,0.29,0.00,0.00
2016-10-09 09:00:00,625.70,546.48,67.88,11.34,585.52,511.68,73.84,899.95,20.37,0.68,0.00,0.00
2016-10-09 10:00:00,833.43,740.02,78.68,14.73,761.04,675.46,85.58,936.48,23.09,0.96,0.00,0.00
2016-10-09 11:00:00,981.35,878.27,85.94,17.14,885.54,792.06,93.48,955.17,25.36,1.35,0.00,0.00
2016-10-09 12:00:00,1058.96,950.88,89.67,18.41,950.84,853.30,97.54,964.28,26.79,1.66,0.00,0.00
2016-10-09 13:00:00,1058.55,950.45,89.69,18.40,950.64,853.08,97.56,964.39,27.72,1.90,0.00,0.00
2016-10-09 14:00:00,979.92,876.87,85.92,17.13,884.82,791.36,93.46,955.34,26.97,2.18,0.00,0.00
2016-10-09 15:00:00,828.27,735.12,78.49,14.66,757.28,671.90,85.38,933.26,26.14,2.23,0.00,0.00
2016-10-09 16:00:00,618.16,539.39,67.55,11.22,579.72,506.24,73.48,893.10,24.87,2.05,0.00,0.00
2016-10-09 17:00:00,369.32,309.30,52.92,7.11,367.20,309.64,57.56,816.01,22.81,1.63,0.00,0.00
2016-10-09 18:00:00,116.25,81.16,32.32,2.77,143.02,107.86,35.16,632.41,19.99,0.91,0.00,0.00
2016-10-09 19:00:00,0.00,0.00,0.00,0.00,0.00,0.00,0.00,0.00,17.40,0.46,1.00,0.00
2016-10-09 20:00:00,0.00,0.00,0.00,0.00,0.00,0.00,0.00,0.00,15.61,0.31,1.00,0.00
2016-10-09 21:00:00,0.00,0.00,0.00,0.00,0.00,0.00,0.00,0.00,14.74,0.27,1.00,0.00
2016-10-09 22:00:00,0.00,0.00,0.00,0.00,0.00,0.00,0.00,0.00,13.91,0.43,1.00,0.00
2016-10-09 23:00:00,0.00,0.00,0.00,0.00,0.00,0.00,0.00,0.00,13.11,0.46,1.00,0.00
2016-10-10 00:00:00,0.00,0.00,0.00,0.00,0.00,0.00,0.00,0.00,12.17,0.41,1.00,0.00
2016-10-10 01:00:00,0.00,0.00,0.00,0.00,0.00,0.00,0.00,0.00,11.19,0.43,1.00,0.00
2016-10-10 02:00:00,0.00,0.00,0.00,0.00,0.00,0.00,0.00,0.00,10.22,0.43,1.00,0.00
2016-10-10 03:00:00,0.00,0.00,0.00,0.00,0.00,0.00,0.00,0.00,9.17,0.39,1.00,0.00
2016-10-10 04:00:00,0.00,0.00,0.00,0.00,0.00,0.00,0.00,0.00,8.33,0.40,1.00,0.00
2016-10-10 05:00:00,0.00,0.00,0.00,0.00,0.00,0.00,0.00,0.00,7.74,0.42,1.00,0.00
2016-10-10 06:00:00,0.00,0.00,0.00,0.00,0.00,0.00,0.00,0.00,9.61,0.31,1.00,0.00
2016-10-10 07:00:00,39.94,0.85,38.26,0.83,42.74,1.12,41.62,6.34,12.10,0.36,0.00,1.00
2016-10-10 08:00:00,125.35,3.14,119.62,2.58,133.28,3.16,130.12,8.20,14.67,0.49,0.00,1.00
2016-10-10 09:00:00,622.77,543.32,68.10,11.34,585.94,511.86,74.08,893.96,17.55,0.85,0.00,0.00
2016-10-10 10:00:00,829.66,736.09,78.84,14.73,760.94,675.18,85.76,931.26,20.74,1.18,0.00,0.00
2016-10-10 11:00:00,977.23,873.99,86.10,17.14,885.28,791.62,93.66,950.74,22.92,1.51,0.00,0.00
2016-10-10 12:00:00,1053.05,944.91,89.76,18.37,949.10,851.46,97.64,958.79,24.88,1.93,0.00,0.00
2016-10-10 13:00:00,1051.12,943.08,89.69,18.34,947.58,850.02,97.56,957.78,26.24,2.23,0.00,0.00
2016-10-10 14:00:00,971.71,868.77,85.88,17.05,880.90,787.48,93.42,947.65,27.20,2.61,0.00,0.00
2016-10-10 15:00:00,822.38,729.21,78.55,14.62,755.32,669.88,85.44,927.19,26.51,2.49,0.00,0.00
2016-10-10 16:00:00,614.56,535.61,67.74,11.22,579.68,506.00,73.68,888.84,24.79,2.23,0.00,0.00
2016-10-10 17:00:00,367.76,307.45,53.17,7.14,368.70,310.86,57.84,814.03,22.94,1.83,0.00,0.00
2016-10-10 18:00:00,115.43,80.00,32.64,2.79,144.36,108.86,35.50,628.77,20.21,1.11,0.00,0.00
2016-10-10 19:00:00,0.00,0.00,0.00,0.00,0.00,0.00,0.00,0.00,18.49,0.48,1.00,0.00
2016-10-10 20:00:00,0.00,0.00,0.00,0.00,0.00,0.00,0.00,0.00,17.01,0.06,1.00,0.00
2016-10-10 21:00:00,0.00,0.00,0.00,0.00,0.00,0.00,0.00,0.00,16.39,0.27,1.00,0.00
2016-10-10 22:00:00,0.00,0.00,0.00,0.00,0.00,0.00,0.00,0.00,15.42,0.47,1.00,0.00
2016-10-10 23:00:00,0.00,0.00,0.00,0.00,0.00,0.00,0.00,0.00,14.70,0.53,1.00,0.00
2016-10-11 00:00:00,0.00,0.00,0.00,0.00,0.00,0.00,0.00,0.00,13.92,0.43,1.00,0.00
2016-10-11 01:00:00,0.00,0.00,0.00,0.00,0.00,0.00,0.00,0.00,13.12,0.50,1.00,0.00
2016-10-11 02:00:00,0.00,0.00,0.00,0.00,0.00,0.00,0.00,0.00,12.63,0.49,1.00,0.00
2016-10-11 03:00:00,0.00,0.00,0.00,0.00,0.00,0.00,0.00,0.00,11.76,0.45,1.00,0.00
2016-10-11 04:00:00,0.00,0.00,0.00,0.00,0.00,0.00,0.00,0.00,12.46,0.47,1.00,0.00
2016-10-11 05:00:00,0.00,0.00,0.00,0.00,0.00,0.00,0.00,0.00,12.99,0.41,1.00,0.00
2016-10-11 06:00:00,0.00,0.00,0.00,0.00,0.00,0.00,0.00,0.00,14.18,0.35,1.00,0.00
2016-10-11 07:00:00,13.23,0.88,12.08,0.28,14.32,1.18,13.14,6.51,14.83,0.27,0.00,1.00
2016-10-11 08:00:00,36.62,3.18,32.69,0.75,38.78,3.22,35.56,8.26,16.29,0.21,0.00,1.00
2016-10-11 09:00:00,190.21,5.46,180.83,3.91,201.88,5.18,196.70,8.99,18.77,0.66,0.00,1.00
2016-10-11 10:00:00,275.17,7.40,262.12,5.65,291.94,6.82,285.12,9.36,21.25,0.97,0.00,1.00
2016-10-11 11:00:00,343.56,8.79,327.71,7.06,364.46,8.00,356.46,9.57,22.92,1.26,0.00,1.00
2016-10-11 12:00:00,712.37,37.36,660.45,14.56,752.20,33.80,718.40,37.93,24.04,1.74,0.00,1.00
2016-10-11 13:00:00,710.18,36.99,658.67,14.52,749.94,33.48,716.46,37.61,25.08,1.98,0.00,1.00
2016-10-11 14:00:00,630.42,25.37,592.13,12.92,667.18,23.10,644.08,27.71,24.70,2.38,0.00,1.00
2016-10-11 15:00:00,307.31,7.30,293.69,6.32,326.20,6.74,319.46,9.30,23.90,2.60,0.00,1.00
2016-10-11 16:00:00,209.59,5.34,199.94,4.31,222.56,5.08,217.48,8.89,22.74,2.31,0.00,1.00
2016-10-11 17:00:00,113.45,3.06,108.06,2.34,120.66,3.12,117.54,8.12,21.69,1.93,0.00,1.00
2016-10-11 18:00:00,36.37,0.79,34.82,0.75,38.98,1.10,37.88,6.26,20.09,1.19,0.00,1.00
2016-10-11 19:00:00,0.00,0.00,0.00,0.00,0.00,0.00,0.00,0.00,18.67,0.63,1.00,0.00
2016-10-11 20:00:00,0.00,0.00,0.00,0.00,0.00,0.00,0.00,0.00,17.58,0.34,1.00,0.00
2016-10-11 21:00:00,0.00,0.00,0.00,0.00,0.00,0.00,0.00,0.00,17.07,0.15,1.00,0.00
2016-10-11 22:00:00,0.00,0.00,0.00,0.00,0.00,0.00,0.00,0.00,16.75,0.11,1.00,0.00
2016-10-11 23:00:00,0.00,0.00,0.00,0.00,0.00,0.00,0.00,0.00,16.13,0.21,1.00,0.00
2016-10-12 00:00:00,0.00,0.00,0.00,0.00,0.00,0.00,0.00,0.00,15.39,0.34,1.00,0.00
2016-10-12 01:00:00,0.00,0.00,0.00,0.00,0.00,0.00,0.00,0.00,14.83,0.48,1.00,0.00
2016-10-12 02:00:00,0.00,0.00,0.00,0.00,0.00,0.00,0.00,0.00,14.22,0.51,1.00,0.00
2016-10-12 03:00:00,0.00,0.00,0.00,0.00,0.00,0.00,0.00,0.00,13.64,0.42,1.00,0.00
2016-10-12 04:00:00,0.00,0.00,0.00,0.00,0.00,0.00,0.00,0.00,13.00,0.38,1.00,0.00
2016-10-12 05:00:00,0.00,0.00,0.00,0.00,0.00,0.00,0.00,0.00,12.08,0.50,1.00,0.00
2016-10-12 06:00:00,0.00,0.00,0.00,0.00,0.00,0.00,0.00,0.00,13.43,0.39,1.00,0.00
2016-10-12 07:00:00,11.58,0.88,10.46,0.24,12.58,1.20,11.38,6.46,14.34,0.15,0.00,1.00
2016-10-12 08:00:00,29.59,3.15,25.83,0.61,31.32,3.22,28.10,8.18,15.03,0.09,0.00,1.00
2016-10-12 09:00:00,131.58,5.41,123.47,2.70,139.46,5.16,134.30,8.89,15.41,0.32,0.00,1.00
2016-10-12 10:00:00,186.55,7.32,175.41,3.83,197.58,6.78,190.80,9.26,17.85,0.66,0.00,1.00
2016-10-12 11:00:00,303.91,8.67,289.00,6.24,322.28,7.92,314.36,9.44,19.85,1.00,0.00,1.00
2016-10-12 12:00:00,245.21,9.38,230.81,5.03,259.58,8.52,251.06,9.53,20.52,1.45,0.00,1.00
2016-10-12 13:00:00,138.03,9.38,125.84,2.81,145.40,8.52,136.88,9.54,20.92,1.73,0.00,1.00
2016-10-12 14:00:00,251.85,8.62,238.07,5.17,266.84,7.88,258.96,9.42,20.12,1.98,0.00,1.00
2016-10-12 15:00:00,246.86,7.20,234.60,5.07,261.86,6.68,255.18,9.18,19.04,2.02,0.00,1.00
2016-10-12 16:00:00,135.35,5.27,127.31,2.78,143.52,5.04,138.48,8.78,18.56,1.79,0.00,1.00
2016-10-12 17:00:00,84.00,2.99,79.28,1.73,89.32,3.08,86.24,7.96,17.84,1.14,0.00,1.00
2016-10-12 18:00:00,113.09,77.33,32.93,2.83,146.18,110.36,35.82,619.00,16.49,0.91,0.00,0.00
2016-10-12 19:00:00,0.00,0.00,0.00,0.00,0.00,0.00,0.00,0.00,15.56,0.56,1.00,0.00
2016-10-12 20:00:00,0.00,0.00,0.00,0.00,0.00,0.00,0.00,0.00,14.46,0.56,1.00,0.00
2016-10-12 21:00:00,0.00,0.00,0.00,0.00,0.00,0.00,0.00,0.00,13.75,0.60,1.00,0.00
2016-10-12 22:00:00,0.00,0.00,0.00,0.00,0.00,0.00,0.00,0.00,12.89,0.78,1.00,0.00
2016-10-12 23:00:00,0.00,0.00,0.00,0.00,0.00,0.00,0.00,0.00,11.78,0.74,1.00,0.00
2016-10-13 00:00:00,0.00,0.00,0.00,0.00,0.00,0.00,0.00,0.00,10.98,0.70,1.00,0.00
2016-10-13 01:00:00,0.00,0.00,0.00,0.00,0.00,0.00,0.00,0.00,10.38,0.68,1.00,0.00
2016-10-13 02:00:00,0.00,0.00,0.00,0.00,0.00,0.00,0.00,0.00,9.27,0.58,1.00,0.00
2016-10-13 03:00:00,0.00,0.00,0.00,0.00,0.00,0.00,0.00,0.00,8.82,0.50,1.00,0.00
2016-10-13 04:00:00,0.00,0.00,0.00,0.00,0.00,0.00,0.00,0.00,9.88,0.55,1.00,0.00
2016-10-13 05:00:00,0.00,0.00,0.00,0.00,0.00,0.00,0.00,0.00,10.50,0.43,1.00,0.00
2016-10-13 06:00:00,0.00,0.00,0.00,0.00,0.00,0.00,0.00,0.00,11.31,0.43,1.00,0.00
2016-10-13 07:00:00,126.70,88.93,34.64,3.12,161.40,123.72,37.68,651.32,12.98,0.15,0.00,0.00
2016-10-13 08:00:00,379.41,317.35,54.57,7.49,386.70,327.34,59.36,822.57,15.88,0.35,0.00,0.00
2016-10-13 09:00:00,624.42,543.97,68.89,11.55,596.76,521.82,74.94,893.36,18.31,0.75,0.00,0.00
2016-10-13 10:00:00,829.70,735.22,79.56,14.92,770.78,684.24,86.54,930.15,20.49,0.90,0.00,0.00
2016-10-13 11:00:00,975.65,871.60,86.75,17.31,893.90,799.54,94.36,949.17,22.86,1.23,0.00,0.00
2016-10-13 12:00:00,696.86,34.67,647.93,14.26,736.40,31.62,704.78,35.25,23.99,1.66,0.00,1.00
2016-10-13 13:00:00,693.19,34.09,644.91,14.18,732.60,31.10,701.50,34.72,25.08,1.75,0.00,1.00
2016-10-13 14:00:00,615.10,23.44,579.05,12.61,651.38,21.52,629.86,25.66,24.34,2.22,0.00,1.00
2016-10-13 15:00:00,359.02,7.18,344.46,7.38,381.38,6.70,374.68,9.18,23.27,2.44,0.00,1.00
2016-10-13 16:00:00,242.65,5.25,232.41,4.99,257.86,5.06,252.80,8.78,21.66,2.30,0.00,1.00
2016-10-13 17:00:00,130.02,2.98,124.37,2.68,138.38,3.10,135.28,7.96,20.13,1.87,0.00,1.00
2016-10-13 18:00:00,41.81,0.77,40.17,0.87,44.82,1.12,43.70,6.19,18.15,1.23,0.00,1.00
2016-10-13 19:00:00,0.00,0.00,0.00,0.00,0.00,0.00,0.00,0.00,16.53,0.76,1.00,0.00
2016-10-13 20:00:00,0.00,0.00,0.00,0.00,0.00,0.00,0.00,0.00,14.97,0.44,1.00,0.00
2016-10-13 21:00:00,0.00,0.00,0.00,0.00,0.00,0.00,0.00,0.00,13.53,0.15,1.00,0.00
2016-10-13 22:00:00,0.00,0.00,0.00,0.00,0.00,0.00,0.00,0.00,12.50,0.19,1.00,0.00
2016-10-13 23:00:00,0.00,0.00,0.00,0.00,0.00,0.00,0.00,0.00,11.65,0.33,1.00,0.00
2016-10-14 00:00:00,0.00,0.00,0.00,0.00,0.00,0.00,0.00,0.00,10.75,0.29,1.00,0.00
2016-10-14 01:00:00,0.00,0.00,0.00,0.00,0.00,0.00,0.00,0.00,11.50,0.26,1.00,0.00
2016-10-14 02:00:00,0.00,0.00,0.00,0.00,0.00,0.00,0.00,0.00,12.22,0.27,1.00,0.00
2016-10-14 03:00:00,0.00,0.00,0.00,0.00,0.00,0.00,0.00,0.00,12.77,0.22,1.00,0.00
2016-10-14 04:00:00,0.00,0.00,0.00,0.00,0.00,0.00,0.00,0.00,13.38,0.15,1.00,0.00
2016-10-14 05:00:00,0.00,0.00,0.00,0.00,0.00,0.00,0.00,0.00,13.18,0.24,1.00,0.00
2016-10-14 06:00:00,0.00,0.00,0.00,0.00,0.00,0.00,0.00,0.00,13.60,0.13,1.00,0.00
2016-10-14 07:00:00,28.85,0.89,27.36,0.60,31.02,1.26,29.76,6.49,14.46,0.03,0.00,1.00
2016-10-14 08:00:00,114.60,3.15,109.09,2.36,121.94,3.28,118.66,8.16,15.67,0.22,0.00,1.00
2016-10-14 09:00:00,181.59,5.39,172.47,3.73,192.80,5.20,187.60,8.85,16.20,0.57,0.00,1.00
2016-10-14 10:00:00,187.67,7.29,176.53,3.85,198.84,6.82,192.02,9.23,18.47,0.99,0.00,1.00
2016-10-14 11:00:00,341.58,8.64,325.92,7.02,362.48,7.96,354.52,9.41,20.69,1.42,0.00,1.00
2016-10-14 12:00:00,408.81,9.33,391.09,8.40,433.94,8.54,425.40,9.49,21.48,1.83,0.00,1.00
2016-10-14 13:00:00,219.39,9.28,205.62,4.49,232.16,8.50,223.66,9.46,22.23,2.35,0.00,1.00
2016-10-14 14:00:00,197.62,8.52,185.04,4.05,209.14,7.86,201.28,9.34,22.74,2.42,0.00,1.00
2016-10-14 15:00:00,159.51,7.13,149.12,3.27,168.88,6.68,162.20,9.12,22.54,2.32,0.00,1.00
2016-10-14 16:00:00,156.88,5.20,148.45,3.22,166.52,5.04,161.48,8.70,22.20,2.05,0.00,1.00
2016-10-14 17:00:00,180.05,2.97,173.37,3.71,191.70,3.12,188.58,7.96,21.32,1.53,0.00,1.00
2016-10-14 18:00:00,112.15,75.86,33.39,2.90,149.66,113.34,36.32,617.29,19.50,1.13,0.00,0.00
2016-10-14 19:00:00,0.00,0.00,0.00,0.00,0.00,0.00,0.00,0.00,18.01,0.69,1.00,0.00
2016-10-14 20:00:00,0.00,0.00,0.00,0.00,0.00,0.00,0.00,0.00,16.85,0.67,1.00,0.00
2016-10-14 21:00:00,0.00,0.00,0.00,0.00,0.00,0.00,0.00,0.00,16.25,0.60,1.00,0.00
2016-10-14 22:00:00,0.00,0.00,0.00,0.00,0.00,0.00,0.00,0.00,15.69,0.65,1.00,0.00
2016-10-14 23:00:00,0.00,0.00,0.00,0.00,0.00,0.00,0.00,0.00,15.29,0.54,1.00,0.00
2016-10-15 00:00:00,0.00,0.00,0.00,0.00,0.00,0.00,0.00,0.00,15.12,0.50,1.00,0.00
2016-10-15 01:00:00,0.00,0.00,0.00,0.00,0.00,0.00,0.00,0.00,15.17,0.64,1.00,0.00
2016-10-15 02:00:00,0.00,0.00,0.00,0.00,0.00,0.00,0.00,0.00,14.70,0.46,1.00,0.00
2016-10-15 03:00:00,0.00,0.00,0.00,0.00,0.00,0.00,0.00,0.00,14.89,0.33,1.00,0.00
2016-10-15 04:00:00,0.00,0.00,0.00,0.00,0.00,0.00,0.00,0.00,15.62,0.18,1.00,0.00
2016-10-15 05:00:00,0.00,0.00,0.00,0.00,0.00,0.00,0.00,0.00,15.72,0.02,1.00,0.00
2016-10-15 06:00:00,0.00,0.00,0.00,0.00,0.00,0.00,0.00,0.00,15.78,0.12,1.00,0.00
2016-10-15 07:00:00,17.54,0.88,16.29,0.37,18.98,1.26,17.72,6.35,15.16,0.16,0.00,1.00
2016-10-15 08:00:00,157.02,3.09,150.70,3.24,167.16,3.24,163.92,7.98,16.27,0.55,0.00,1.00
2016-10-15 09:00:00,103.45,5.32,96.02,2.12,109.60,5.16,104.44,8.72,17.30,0.86,0.00,1.00
2016-10-15 10:00:00,93.61,7.20,84.51,1.91,98.68,6.76,91.92,9.11,17.77,1.11,0.00,1.00
2016-10-15 11:00:00,355.39,8.52,339.57,7.30,377.24,7.88,369.36,9.29,18.39,1.46,0.00,1.00
2016-10-15 12:00:00,540.27,16.58,512.60,11.09,572.82,15.24,557.58,16.88,18.44,1.72,0.00,1.00
2016-10-15 13:00:00,285.39,9.18,270.36,5.86,302.52,8.44,294.08,9.37,18.57,1.93,0.00,1.00
2016-10-15 14:00:00,142.34,8.44,130.99,2.91,150.30,7.82,142.48,9.27,17.93,1.78,0.00,1.00
2016-10-15 15:00:00,78.41,7.07,69.74,1.60,82.52,6.66,75.86,9.07,17.47,1.87,0.00,1.00
2016-10-15 16:00:00,72.59,5.17,65.93,1.49,76.76,5.04,71.72,8.67,16.81,1.77,0.00,1.00
2016-10-15 17:00:00,42.35,2.94,38.54,0.87,45.04,3.12,41.92,7.91,15.88,1.42,0.00,1.00
2016-10-15 18:00:00,111.49,75.05,33.52,2.93,151.18,114.72,36.46,616.17,15.20,1.15,0.00,0.00
2016-10-15 19:00:00,0.00,0.00,0.00,0.00,0.00,0.00,0.00,0.00,14.20,0.85,1.00,0.00
2016-10-15 20:00:00,0.00,0.00,0.00,0.00,0.00,0.00,0.00,0.00,12.90,0.88,1.00,0.00
2016-10-15 21:00:00,0.00,0.00,0.00,0.00,0.00,0.00,0.00,0.00,12.08,0.91,1.00,0.00
2016-10-15 22:00:00,0.00,0.00,0.00,0.00,0.00,0.00,0.00,0.00,11.81,0.82,1.00,0.00
2016-10-15 23:00:00,0.00,0.00,0.00,0.00,0.00,0.00,0.00,0.00,11.17,0.68,1.00,0.00
2016-10-16 00:00:00,0.00,0.00,0.00,0.00,0.00,0.00,0.00,0.00,11.58,0.49,1.00,0.00
2016-10-16 01:00:00,0.00,0.00,0.00,0.00,0.00,0.00,0.00,0.00,11.81,0.43,1.00,0.00
2016-10-16 02:00:00,0.00,0.00,0.00,0.00,0.00,0.00,0.00,0.00,10.45,0.30,1.00,0.00
2016-10-16 03:00:00,0.00,0.00,0.00,0.00,0.00,0.00,0.00,0.00,11.02,0.15,1.00,0.00
2016-10-16 04:00:00,0.00,0.00,0.00,0.00,0.00,0.00,0.00,0.00,10.77,0.32,1.00,0.00
2016-10-16 05:00:00,0.00,0.00,0.00,0.00,0.00,0.00,0.00,0.00,10.23,0.12,1.00,0.00
2016-10-16 06:00:00,0.00,0.00,0.00,0.00,0.00,0.00,0.00,0.00,9.93,0.26,1.00,0.00
2016-10-16 07:00:00,29.37,0.91,27.86,0.61,31.62,1.32,30.30,6.52,9.76,0.31,0.00,1.00
2016-10-16 08:00:00,86.84,3.14,81.91,1.79,92.42,3.32,89.10,8.10,9.73,0.68,0.00,1.00
2016-10-16 09:00:00,198.77,5.39,189.29,4.09,211.16,5.26,205.90,8.84,10.84,0.98,0.00,1.00
2016-10-16 10:00:00,105.55,7.29,96.11,2.16,111.42,6.88,104.54,9.23,12.51,1.31,0.00,1.00
2016-10-16 11:00:00,160.65,8.66,148.71,3.29,169.80,8.04,161.76,9.44,13.66,1.52,0.00,1.00
2016-10-16 12:00:00,191.69,9.36,178.41,3.92,202.70,8.64,194.06,9.54,14.21,1.85,0.00,1.00
2016-10-16 13:00:00,73.52,9.34,62.70,1.49,76.82,8.62,68.20,9.54,14.34,2.33,0.00,1.00
2016-10-16 14:00:00,68.38,8.60,58.40,1.38,71.52,8.00,63.52,9.46,14.32,2.49,0.00,1.00
2016-10-16 15:00:00,80.86,7.21,72.00,1.65,85.14,6.82,78.32,9.25,13.80,2.40,0.00,1.00
2016-10-16 16:00:00,78.73,5.30,71.82,1.61,83.32,5.20,78.12,8.91,13.10,2.33,0.00,1.00
2016-10-16 17:00:00,84.30,3.02,79.54,1.74,89.76,3.24,86.52,8.16,12.37,2.04,0.00,1.00
2016-10-16 18:00:00,113.81,76.68,34.09,3.04,156.86,119.78,37.08,634.01,11.35,1.56,0.00,0.00
2016-10-16 19:00:00,0.00,0.00,0.00,0.00,0.00,0.00,0.00,0.00,10.40,0.84,1.00,0.00
2016-10-16 20:00:00,0.00,0.00,0.00,0.00,0.00,0.00,0.00,0.00,9.76,0.53,1.00,0.00
2016-10-16 21:00:00,0.00,0.00,0.00,0.00,0.00,0.00,0.00,0.00,9.52,0.36,1.00,0.00
2016-10-16 22:00:00,0.00,0.00,0.00,0.00,0.00,0.00,0.00,0.00,9.55,0.21,1.00,0.00
2016-10-16 23:00:00,0.00,0.00,0.00,0.00,0.00,0.00,0.00,0.00,9.18,0.19,1.00,0.00
2016-10-17 00:00:00,0.00,0.00,0.00,0.00,0.00,0.00,0.00,0.00,8.61,0.23,1.00,0.00
2016-10-17 01:00:00,0.00,0.00,0.00,0.00,0.00,0.00,0.00,0.00,8.07,0.16,1.00,0.00
2016-10-17 02:00:00,0.00,0.00,0.00,0.00,0.00,0.00,0.00,0.00,8.38,0.21,1.00,0.00
2016-10-17 03:00:00,0.00,0.00,0.00,0.00,0.00,0.00,0.00,0.00,8.39,0.28,1.00,0.00
2016-10-17 04:00:00,0.00,0.00,0.00,0.00,0.00,0.00,0.00,0.00,8.29,0.22,1.00,0.00
2016-10-17 05:00:00,0.00,0.00,0.00,0.00,0.00,0.00,0.00,0.00,8.24,0.19,1.00,0.00
2016-10-17 06:00:00,0.00,0.00,0.00,0.00,0.00,0.00,0.00,0.00,8.27,0.21,1.00,0.00
2016-10-17 07:00:00,30.76,0.93,29.18,0.64,33.12,1.38,31.74,6.68,8.94,0.24,0.00,1.00
2016-10-17 08:00:00,72.47,3.19,67.79,1.49,77.14,3.40,73.74,8.22,9.52,0.48,0.00,1.00
2016-10-17 09:00:00,99.71,5.42,92.25,2.05,105.66,5.32,100.34,8.89,11.22,0.82,0.00,1.00
2016-10-17 10:00:00,143.67,7.30,133.43,2.94,152.06,6.92,145.14,9.24,12.46,1.18,0.00,1.00
2016-10-17 11:00:00,250.47,8.62,236.71,5.14,265.52,8.04,257.48,9.41,13.39,1.56,0.00,1.00
2016-10-17 12:00:00,168.77,9.31,156.01,3.45,178.32,8.62,169.70,9.49,14.02,1.95,0.00,1.00
2016-10-17 13:00:00,113.30,9.28,101.72,2.31,119.24,8.60,110.64,9.49,13.94,2.18,0.00,1.00
2016-10-17 14:00:00,97.40,8.52,86.90,1.98,102.48,7.96,94.52,9.38,13.87,2.41,0.00,1.00
2016-10-17 15:00:00,145.76,7.15,135.62,2.99,154.32,6.80,147.52,9.20,13.50,2.56,0.00,1.00
2016-10-17 16:00:00,152.51,5.23,144.15,3.14,161.96,5.16,156.80,8.80,13.22,2.55,0.00,1.00
2016-10-17 17:00:00,79.19,2.98,74.58,1.63,84.34,3.22,81.12,8.07,11.96,2.07,0.00,1.00
2016-10-17 18:00:00,114.47,76.84,34.53,3.10,160.22,122.66,37.56,640.54,11.04,1.46,0.00,0.00
2016-10-17 19:00:00,0.00,0.00,0.00,0.00,0.00,0.00,0.00,0.00,9.69,0.91,1.00,0.00
2016-10-17 20:00:00,0.00,0.00,0.00,0.00,0.00,0.00,0.00,0.00,8.60,0.77,1.00,0.00
2016-10-17 21:00:00,0.00,0.00,0.00,0.00,0.00,0.00,0.00,0.00,7.93,0.66,1.00,0.00
2016-10-17 22:00:00,0.00,0.00,0.00,0.00,0.00,0.00,0.00,0.00,7.47,0.62,1.00,0.00
2016-10-17 23:00:00,0.00,0.00,0.00,0.00,0.00,0.00,0.00,0.00,7.03,0.53,1.00,0.00
2016-10-18 00:00:00,0.00,0.00,0.00,0.00,0.00,0.00,0.00,0.00,6.87,0.47,1.00,0.00
2016-10-18 01:00:00,0.00,0.00,0.00,0.00,0.00,0.00,0.00,0.00,6.85,0.39,1.00,0.00
2016-10-18 02:00:00,0.00,0.00,0.00,0.00,0.00,0.00,0.00,0.00,6.93,0.34,1.00,0.00
2016-10-18 03:00:00,0.00,0.00,0.00,0.00,0.00,0.00,0.00,0.00,6.84,0.27,1.00,0.00
2016-10-18 04:00:00,0.00,0.00,0.00,0.00,0.00,0.00,0.00,0.00,7.18,0.34,1.00,0.00
2016-10-18 05:00:00,0.00,0.00,0.00,0.00,0.00,0.00,0.00,0.00,7.27,0.27,1.00,0.00
2016-10-18 06:00:00,0.04,0.00,0.04,0.00,0.04,0.00,0.04,0.00,7.60,0.44,1.00,0.00
2016-10-18 07:00:00,25.67,0.94,24.20,0.54,27.72,1.40,26.32,6.65,8.09,0.20,0.00,1.00
2016-10-18 08:00:00,82.91,3.20,78.00,1.71,88.28,3.44,84.84,8.24,9.05,0.44,0.00,1.00
2016-10-18 09:00:00,134.21,5.47,125.99,2.76,142.44,5.40,137.04,8.97,10.39,0.97,0.00,1.00
2016-10-18 10:00:00,366.44,7.37,351.54,7.54,389.40,7.02,382.38,9.33,12.24,1.19,0.00,1.00
2016-10-18 11:00:00,610.40,22.68,575.19,12.52,646.90,21.24,625.66,24.77,13.35,1.45,0.00,1.00
2016-10-18 12:00:00,274.04,9.46,258.96,5.62,290.48,8.80,281.68,9.66,13.92,1.81,0.00,1.00
2016-10-18 13:00:00,652.25,28.05,610.82,13.37,690.52,26.10,664.42,28.73,13.90,2.13,0.00,1.00
2016-10-18 14:00:00,178.16,8.70,165.81,3.65,188.52,8.16,180.36,9.59,14.12,2.31,0.00,1.00
2016-10-18 15:00:00,69.41,7.30,60.69,1.41,73.00,6.98,66.02,9.41,13.52,2.35,0.00,1.00
2016-10-18 16:00:00,326.17,5.37,314.08,6.72,346.98,5.34,341.64,9.07,13.60,2.29,0.00,1.00
2016-10-18 17:00:00,205.41,3.08,198.10,4.24,218.84,3.36,215.48,8.36,12.27,1.91,0.00,1.00
2016-10-18 18:00:00,116.95,78.50,35.23,3.22,166.32,128.00,38.32,659.00,10.38,1.17,0.00,0.00
2016-10-18 19:00:00,0.00,0.00,0.00,0.00,0.00,0.00,0.00,0.00,8.58,0.60,1.00,0.00
2016-10-18 20:00:00,0.00,0.00,0.00,0.00,0.00,0.00,0.00,0.00,6.86,0.46,1.00,0.00
2016-10-18 21:00:00,0.00,0.00,0.00,0.00,0.00,0.00,0.00,0.00,5.79,0.46,1.00,0.00
2016-10-18 22:00:00,0.00,0.00,0.00,0.00,0.00,0.00,0.00,0.00,5.02,0.60,1.00,0.00
2016-10-18 23:00:00,0.00,0.00,0.00,0.00,0.00,0.00,0.00,0.00,4.43,0.63,1.00,0.00
2016-10-19 00:00:00,0.00,0.00,0.00,0.00,0.00,0.00,0.00,0.00,3.99,0.63,1.00,0.00
2016-10-19 01:00:00,0.00,0.00,0.00,0.00,0.00,0.00,0.00,0.00,3.59,0.42,1.00,0.00
2016-10-19 02:00:00,0.00,0.00,0.00,0.00,0.00,0.00,0.00,0.00,3.35,0.46,1.00,0.00
2016-10-19 03:00:00,0.00,0.00,0.00,0.00,0.00,0.00,0.00,0.00,3.20,0.43,1.00,0.00
2016-10-19 04:00:00,0.00,0.00,0.00,0.00,0.00,0.00,0.00,0.00,3.13,0.60,1.00,0.00
2016-10-19 05:00:00,0.00,0.00,0.00,0.00,0.00,0.00,0.00,0.00,2.96,0.57,1.00,0.00
2016-10-19 06:00:00,0.08,0.00,0.07,0.00,0.08,0.00,0.08,0.00,4.53,0.40,1.00,0.00
2016-10-19 07:00:00,141.53,99.68,38.12,3.73,192.76,151.30,41.46,705.15,7.21,0.20,0.00,0.00
2016-10-19 08:00:00,399.50,333.81,57.48,8.21,424.02,361.50,62.52,858.92,10.54,0.33,0.00,0.00
2016-10-19 09:00:00,648.78,564.67,71.74,12.37,638.74,560.70,78.04,926.33,12.59,0.80,0.00,0.00
2016-10-19 10:00:00,858.07,759.79,82.46,15.81,816.80,727.10,89.70,962.83,15.07,1.04,0.00,0.00
2016-10-19 11:00:00,1007.39,899.40,89.73,18.26,943.22,845.62,97.60,983.04,17.19,1.46,0.00,0.00
2016-10-19 12:00:00,1079.39,966.79,93.17,19.43,1003.80,902.46,101.34,988.10,18.54,1.73,0.00,0.00
2016-10-19 13:00:00,701.88,35.01,652.49,14.37,742.44,32.70,709.74,35.90,18.30,2.06,0.00,1.00
2016-10-19 14:00:00,987.85,881.15,88.77,17.93,926.34,829.78,96.56,972.67,17.94,2.44,0.00,0.00
2016-10-19 15:00:00,490.19,11.89,468.22,10.08,520.72,11.42,509.30,15.35,17.31,2.25,0.00,1.00
2016-10-19 16:00:00,622.95,540.64,70.37,11.94,616.98,540.44,76.54,914.62,16.18,2.32,0.00,0.00
2016-10-19 17:00:00,30.15,3.11,26.42,0.62,32.16,3.42,28.74,8.46,14.64,1.67,0.00,1.00
2016-10-19 18:00:00,119.64,80.28,36.02,3.35,172.80,133.62,39.18,678.96,11.70,0.76,0.00,0.00
2016-10-19 19:00:00,0.00,0.00,0.00,0.00,0.00,0.00,0.00,0.00,10.09,0.49,1.00,0.00
2016-10-19 20:00:00,0.00,0.00,0.00,0.00,0.00,0.00,0.00,0.00,8.77,0.32,1.00,0.00
2016-10-19 21:00:00,0.00,0.00,0.00,0.00,0.00,0.00,0.00,0.00,8.02,0.51,1.00,0.00
2016-10-19 22:00:00,0.00,0.00,0.00,0.00,0.00,0.00,0.00,0.00,7.22,0.49,1.00,0.00
2016-10-19 23:00:00,0.00,0.00,0.00,0.00,0.00,0.00,0.00,0.00,6.59,0.55,1.00,0.00
2016-10-20 00:00:00,0.00,0.00,0.00,0.00,0.00,0.00,0.00,0.00,6.22,0.54,1.00,0.00
2016-10-20 01:00:00,0.00,0.00,0.00,0.00,0.00,0.00,0.00,0.00,5.88,0.40,1.00,0.00
2016-10-20 02:00:00,0.00,0.00,0.00,0.00,0.00,0.00,0.00,0.00,5.94,0.34,1.00,0.00
2016-10-20 03:00:00,0.00,0.00,0.00,0.00,0.00,0.00,0.00,0.00,5.65,0.43,1.00,0.00
2016-10-20 04:00:00,0.00,0.00,0.00,0.00,0.00,0.00,0.00,0.00,5.32,0.37,1.00,0.00
2016-10-20 05:00:00,0.00,0.00,0.00,0.00,0.00,0.00,0.00,0.00,4.93,0.40,1.00,0.00
2016-10-20 06:00:00,1.28,0.00,1.25,0.03,1.36,0.00,1.36,0.00,6.17,0.19,1.00,0.00
2016-10-20 07:00:00,146.77,103.91,38.94,3.92,202.28,159.92,42.36,732.52,8.51,0.22,0.00,0.00
2016-10-20 08:00:00,411.03,344.09,58.43,8.50,439.10,375.54,63.56,884.63,11.43,0.62,0.00,0.00
2016-10-20 09:00:00,664.42,578.91,72.79,12.72,657.20,578.02,79.18,949.72,13.83,0.90,0.00,0.00
2016-10-20 10:00:00,876.38,776.58,83.59,16.21,837.38,746.46,90.92,984.60,16.35,1.27,0.00,0.00
2016-10-20 11:00:00,1027.11,917.56,90.87,18.68,964.96,866.12,98.84,1003.67,18.77,1.56,0.00,0.00
2016-10-20 12:00:00,1101.55,987.26,94.40,19.90,1027.66,924.98,102.68,1010.02,20.67,2.06,0.00,0.00
2016-10-20 13:00:00,1096.01,982.08,94.12,19.81,1023.04,920.66,102.38,1008.10,22.30,2.36,0.00,0.00
2016-10-20 14:00:00,1011.33,902.83,90.08,18.42,951.62,853.64,97.98,997.98,23.38,2.72,0.00,0.00
2016-10-20 15:00:00,855.62,757.26,82.48,15.88,820.22,730.50,89.72,978.99,24.20,2.50,0.00,0.00
2016-10-20 16:00:00,640.27,556.52,71.41,12.34,637.34,559.66,77.68,943.56,23.17,2.44,0.00,0.00
2016-10-20 17:00:00,385.59,320.74,56.76,8.09,418.06,356.32,61.74,876.05,21.61,1.78,0.00,0.00
2016-10-20 18:00:00,122.33,82.28,36.57,3.48,179.52,139.74,39.78,700.31,18.20,0.78,0.00,0.00
2016-10-20 19:00:00,0.00,0.00,0.00,0.00,0.00,0.00,0.00,0.00,15.70,0.45,1.00,0.00
2016-10-20 20:00:00,0.00,0.00,0.00,0.00,0.00,0.00,0.00,0.00,13.83,0.62,1.00,0.00
2016-10-20 21:00:00,0.00,0.00,0.00,0.00,0.00,0.00,0.00,0.00,12.67,0.82,1.00,0.00
2016-10-20 22:00:00,0.00,0.00,0.00,0.00,0.00,0.00,0.00,0.00,11.49,0.99,1.00,0.00
2016-10-20 23:00:00,0.00,0.00,0.00,0.00,0.00,0.00,0.00,0.00,10.24,1.17,1.00,0.00
2016-10-21 00:00:00,0.00,0.00,0.00,0.00,0.00,0.00,0.00,0.00,9.25,1.04,1.00,0.00
2016-10-21 01:00:00,0.00,0.00,0.00,0.00,0.00,0.00,0.00,0.00,8.59,1.04,1.00,0.00
2016-10-21 02:00:00,0.00,0.00,0.00,0.00,0.00,0.00,0.00,0.00,7.72,0.93,1.00,0.00
2016-10-21 03:00:00,0.00,0.00,0.00,0.00,0.00,0.00,0.00,0.00,7.14,0.90,1.00,0.00
2016-10-21 04:00:00,0.00,0.00,0.00,0.00,0.00,0.00,0.00,0.00,8.34,0.74,1.00,0.00
2016-10-21 05:00:00,0.00,0.00,0.00,0.00,0.00,0.00,0.00,0.00,9.16,0.76,1.00,0.00
2016-10-21 06:00:00,0.60,0.00,0.59,0.01,0.64,0.00,0.64,0.00,11.00,0.56,1.00,1.00
2016-10-21 07:00:00,152.15,108.42,39.62,4.11,212.08,168.98,43.10,760.39,14.17,0.22,0.00,0.00
2016-10-21 08:00:00,417.55,349.95,58.91,8.69,448.94,384.86,64.08,899.23,18.50,0.40,0.00,0.00
2016-10-21 09:00:00,669.05,583.09,73.09,12.87,664.86,585.36,79.50,956.78,20.92,0.62,0.00,0.00
2016-10-21 10:00:00,876.92,777.00,83.64,16.28,841.18,750.20,90.98,985.70,24.55,0.99,0.00,0.00
2016-10-21 11:00:00,1023.10,913.71,90.72,18.67,964.56,865.88,98.68,1000.34,27.08,1.23,0.00,0.00
2016-10-21 12:00:00,1092.40,978.59,94.01,19.80,1022.60,920.34,102.26,1002.21,28.29,1.56,0.00,0.00
2016-10-21 13:00:00,1083.15,969.94,93.57,19.64,1014.50,912.72,101.78,996.86,29.29,1.98,0.00,0.00
2016-10-21 14:00:00,996.39,888.78,89.40,18.22,941.02,843.78,97.24,983.87,28.33,2.27,0.00,0.00
2016-10-21 15:00:00,837.13,739.91,81.62,15.60,805.90,717.12,88.78,958.09,27.32,2.49,0.00,0.00
2016-10-21 16:00:00,355.86,5.40,343.13,7.33,378.70,5.46,373.24,9.17,25.69,2.45,0.00,1.00
2016-10-21 17:00:00,178.62,3.07,171.86,3.69,190.38,3.44,186.94,8.41,23.55,1.96,0.00,1.00
2016-10-21 18:00:00,120.66,80.58,36.61,3.47,179.42,139.60,39.82,690.15,19.77,1.04,0.00,0.00
2016-10-21 19:00:00,0.00,0.00,0.00,0.00,0.00,0.00,0.00,0.00,16.81,0.54,1.00,0.00
2016-10-21 20:00:00,0.00,0.00,0.00,0.00,0.00,0.00,0.00,0.00,14.39,0.48,1.00,0.00
2016-10-21 21:00:00,0.00,0.00,0.00,0.00,0.00,0.00,0.00,0.00,12.72,0.55,1.00,0.00
2016-10-21 22:00:00,0.00,0.00,0.00,0.00,0.00,0.00,0.00,0.00,11.29,0.56,1.00,0.00
2016-10-21 23:00:00,0.00,0.00,0.00,0.00,0.00,0.00,0.00,0.00,10.21,0.62,1.00,0.00
2016-10-22 00:00:00,0.00,0.00,0.00,0.00,0.00,0.00,0.00,0.00,9.10,0.66,1.00,0.00
2016-10-22 01:00:00,0.00,0.00,0.00,0.00,0.00,0.00,0.00,0.00,8.22,0.62,1.00,0.00
2016-10-22 02:00:00,0.00,0.00,0.00,0.00,0.00,0.00,0.00,0.00,7.38,0.56,1.00,0.00
2016-10-22 03:00:00,0.00,0.00,0.00,0.00,0.00,0.00,0.00,0.00,6.66,0.50,1.00,0.00
2016-10-22 04:00:00,0.00,0.00,0.00,0.00,0.00,0.00,0.00,0.00,7.17,0.42,1.00,0.00
2016-10-22 05:00:00,0.00,0.00,0.00,0.00,0.00,0.00,0.00,0.00,7.43,0.28,1.00,0.00
2016-10-22 06:00:00,3.21,0.00,3.14,0.07,3.42,0.00,3.42,0.00,9.01,0.16,1.00,0.00
2016-10-22 07:00:00,143.83,100.87,39.05,3.91,201.78,159.30,42.48,704.96,11.15,0.28,0.00,0.00
2016-10-22 08:00:00,396.79,330.67,57.81,8.31,429.30,366.42,62.88,849.26,13.37,0.61,0.00,0.00
2016-10-22 09:00:00,639.82,555.78,71.67,12.37,638.98,561.02,77.96,912.27,15.22,1.05,0.00,0.00
2016-10-22 10:00:00,842.54,744.74,82.10,15.71,811.54,722.24,89.30,945.45,16.98,1.51,0.00,0.00
2016-10-22 11:00:00,986.01,878.83,89.12,18.06,933.02,836.08,96.94,963.01,18.75,1.85,0.00,0.00
2016-10-22 12:00:00,1055.13,943.55,92.39,19.19,991.18,890.68,100.50,967.38,19.77,2.23,0.00,0.00
2016-10-22 13:00:00,1047.14,936.10,91.99,19.05,984.18,884.12,100.06,963.28,20.39,2.75,0.00,0.00
2016-10-22 14:00:00,963.24,857.62,87.94,17.68,913.16,817.50,95.66,950.74,19.79,2.90,0.00,0.00
2016-10-22 15:00:00,378.74,7.15,363.80,7.80,402.68,6.96,395.72,9.27,18.42,2.92,0.00,1.00
2016-10-22 16:00:00,181.22,5.21,172.28,3.73,192.70,5.30,187.40,8.87,17.16,2.65,0.00,1.00
2016-10-22 17:00:00,115.19,2.97,109.84,2.38,122.84,3.36,119.48,8.16,16.20,2.20,0.00,1.00
2016-10-22 18:00:00,116.61,76.98,36.24,3.40,175.38,135.96,39.42,663.74,15.13,1.47,0.00,0.00
2016-10-22 19:00:00,0.00,0.00,0.00,0.00,0.00,0.00,0.00,0.00,13.94,0.99,1.00,0.00
2016-10-22 20:00:00,0.00,0.00,0.00,0.00,0.00,0.00,0.00,0.00,13.31,0.79,1.00,0.00
2016-10-22 21:00:00,0.00,0.00,0.00,0.00,0.00,0.00,0.00,0.00,12.74,0.61,1.00,0.00
2016-10-22 22:00:00,0.00,0.00,0.00,0.00,0.00,0.00,0.00,0.00,11.93,0.62,1.00,0.00
2016-10-22 23:00:00,0.00,0.00,0.00,0.00,0.00,0.00,0.00,0.00,11.31,0.36,1.00,0.00
2016-10-23 00:00:00,0.00,0.00,0.00,0.00,0.00,0.00,0.00,0.00,10.89,0.50,1.00,0.00
2016-10-23 01:00:00,0.00,0.00,0.00,0.00,0.00,0.00,0.00,0.00,10.46,0.35,1.00,0.00
2016-10-23 02:00:00,0.00,0.00,0.00,0.00,0.00,0.00,0.00,0.00,9.85,0.30,1.00,0.00
2016-10-23 03:00:00,0.00,0.00,0.00,0.00,0.00,0.00,0.00,0.00,9.60,0.33,1.00,0.00
2016-10-23 04:00:00,0.00,0.00,0.00,0.00,0.00,0.00,0.00,0.00,9.07,0.26,1.00,0.00
2016-10-23 05:00:00,0.00,0.00,0.00,0.00,0.00,0.00,0.00,0.00,8.88,0.16,1.00,0.00
2016-10-23 06:00:00,4.07,0.00,3.99,0.08,4.34,0.00,4.34,0.00,9.85,0.19,1.00,0.00
2016-10-23 07:00:00,66.68,1.00,64.30,1.38,71.54,1.60,69.94,6.97,11.46,0.30,0.00,1.00
2016-10-23 08:00:00,161.07,3.26,154.49,3.32,171.68,3.64,168.04,8.37,13.21,0.59,0.00,1.00
2016-10-23 09:00:00,400.71,6.64,385.81,8.25,426.40,6.74,419.66,10.91,15.24,0.99,0.00,1.00
2016-10-23 10:00:00,833.71,736.36,81.75,15.61,806.18,717.26,88.92,935.49,17.31,1.25,0.00,0.00
2016-10-23 11:00:00,977.01,870.24,88.81,17.96,927.76,831.16,96.60,954.49,19.03,1.67,0.00,0.00
2016-10-23 12:00:00,528.62,15.31,502.45,10.86,561.04,14.50,546.54,15.71,20.37,1.84,0.00,1.00
2016-10-23 13:00:00,743.01,41.14,686.65,15.21,785.90,39.00,746.90,42.39,20.16,2.30,0.00,1.00
2016-10-23 14:00:00,415.09,8.55,398.00,8.54,441.10,8.18,432.92,9.49,19.63,2.44,0.00,1.00
2016-10-23 15:00:00,425.61,8.26,408.59,8.76,452.52,8.08,444.44,10.73,18.53,2.37,0.00,1.00
2016-10-23 16:00:00,46.27,5.24,40.08,0.95,48.96,5.36,43.60,8.93,17.65,2.29,0.00,1.00
2016-10-23 17:00:00,30.04,3.00,26.42,0.62,32.16,3.42,28.74,8.26,16.45,2.07,0.00,1.00
2016-10-23 18:00:00,116.58,76.54,36.61,3.44,177.56,137.74,39.82,663.58,15.21,1.71,0.00,0.00
2016-10-23 19:00:00,0.00,0.00,0.00,0.00,0.00,0.00,0.00,0.00,13.95,1.08,1.00,0.00
2016-10-23 20:00:00,0.00,0.00,0.00,0.00,0.00,0.00,0.00,0.00,13.11,0.79,1.00,0.00
2016-10-23 21:00:00,0.00,0.00,0.00,0.00,0.00,0.00,0.00,0.00,12.48,0.56,1.00,0.00
2016-10-23 22:00:00,0.00,0.00,0.00,0.00,0.00,0.00,0.00,0.00,11.66,0.45,1.00,0.00
2016-10-23 23:00:00,0.00,0.00,0.00,0.00,0.00,0.00,0.00,0.00,10.99,0.19,1.00,0.00
2016-10-24 00:00:00,0.00,0.00,0.00,0.00,0.00,0.00,0.00,0.00,10.76,0.28,1.00,0.00
2016-10-24 01:00:00,0.00,0.00,0.00,0.00,0.00,0.00,0.00,0.00,10.35,0.18,1.00,0.00
2016-10-24 02:00:00,0.00,0.00,0.00,0.00,0.00,0.00,0.00,0.00,9.87,0.08,1.00,0.00
2016-10-24 03:00:00,0.00,0.00,0.00,0.00,0.00,0.00,0.00,0.00,9.40,0.18,1.00,0.00
2016-10-24 04:00:00,0.00,0.00,0.00,0.00,0.00,0.00,0.00,0.00,8.89,0.31,1.00,0.00
2016-10-24 05:00:00,0.00,0.00,0.00,0.00,0.00,0.00,0.00,0.00,8.00,0.37,1.00,0.00
2016-10-24 06:00:00,1.50,0.00,1.47,0.03,1.60,0.00,1.60,0.00,8.46,0.13,1.00,1.00
2016-10-24 07:00:00,41.48,1.01,39.60,0.87,44.72,1.64,43.08,7.04,10.05,0.19,0.00,1.00
2016-10-24 08:00:00,145.33,3.29,139.04,3.00,154.94,3.70,151.24,8.45,13.12,0.59,0.00,1.00
2016-10-24 09:00:00,367.60,5.55,354.48,7.57,391.24,5.66,385.58,9.11,14.99,1.09,0.00,1.00
2016-10-24 10:00:00,471.17,10.65,450.82,9.70,500.80,10.42,490.38,13.54,17.40,1.44,0.00,1.00
2016-10-24 11:00:00,990.20,882.21,89.73,18.26,943.34,845.74,97.60,968.58,19.51,1.69,0.00,0.00
2016-10-24 12:00:00,1060.65,948.12,93.11,19.41,1002.82,901.54,101.28,974.28,20.96,2.09,0.00,0.00
2016-10-24 13:00:00,1054.05,941.95,92.80,19.30,997.14,896.20,100.94,971.81,21.38,2.40,0.00,0.00
2016-10-24 14:00:00,970.83,864.10,88.79,17.94,926.70,830.12,96.58,960.68,21.78,2.59,0.00,0.00
2016-10-24 15:00:00,818.39,721.65,81.31,15.44,797.50,709.06,88.44,939.09,20.90,2.64,0.00,0.00
2016-10-24 16:00:00,609.57,527.13,70.46,11.99,619.20,542.56,76.64,900.71,20.24,2.50,0.00,0.00
2016-10-24 17:00:00,199.04,3.01,191.92,4.11,212.22,3.46,208.76,8.31,18.90,2.19,0.00,1.00
2016-10-24 18:00:00,117.74,77.17,37.05,3.52,181.66,141.36,40.30,672.18,17.12,1.20,0.00,0.00
2016-10-24 19:00:00,0.00,0.00,0.00,0.00,0.00,0.00,0.00,0.00,15.15,0.58,1.00,0.00
2016-10-24 20:00:00,0.00,0.00,0.00,0.00,0.00,0.00,0.00,0.00,13.37,0.39,1.00,0.00
2016-10-24 21:00:00,0.00,0.00,0.00,0.00,0.00,0.00,0.00,0.00,12.03,0.39,1.00,0.00
2016-10-24 22:00:00,0.00,0.00,0.00,0.00,0.00,0.00,0.00,0.00,10.92,0.71,1.00,0.00
2016-10-24 23:00:00,0.00,0.00,0.00,0.00,0.00,0.00,0.00,0.00,9.81,0.76,1.00,0.00
2016-10-25 00:00:00,0.00,0.00,0.00,0.00,0.00,0.00,0.00,0.00,8.88,0.87,1.00,0.00
2016-10-25 01:00:00,0.00,0.00,0.00,0.00,0.00,0.00,0.00,0.00,8.27,0.65,1.00,0.00
2016-10-25 02:00:00,0.00,0.00,0.00,0.00,0.00,0.00,0.00,0.00,7.86,0.68,1.00,0.00
2016-10-25 03:00:00,0.00,0.00,0.00,0.00,0.00,0.00,0.00,0.00,7.51,0.55,1.00,0.00
2016-10-25 04:00:00,0.00,0.00,0.00,0.00,0.00,0.00,0.00,0.00,7.15,0.69,1.00,0.00
2016-10-25 05:00:00,0.00,0.00,0.00,0.00,0.00,0.00,0.00,0.00,7.44,0.59,1.00,0.00
2016-10-25 06:00:00,6.12,0.00,5.99,0.13,6.52,0.00,6.52,0.00,8.93,0.42,1.00,0.00
2016-10-25 07:00:00,149.57,104.99,40.40,4.18,216.16,172.22,43.94,727.68,11.83,0.05,0.00,0.00
2016-10-25 08:00:00,404.48,336.87,58.98,8.63,445.78,381.62,64.16,864.67,14.97,0.51,0.00,0.00
2016-10-25 09:00:00,649.96,564.30,72.92,12.74,658.00,578.68,79.32,927.55,17.87,0.99,0.00,0.00
2016-10-25 10:00:00,855.13,755.55,83.46,16.13,833.06,742.28,90.78,961.42,19.96,1.25,0.00,0.00
2016-10-25 11:00:00,1000.87,891.82,90.54,18.52,956.74,858.26,98.48,980.16,22.01,1.63,0.00,0.00
2016-10-25 12:00:00,1070.55,957.07,93.83,19.66,1015.40,913.34,102.06,984.65,23.29,2.03,0.00,0.00
2016-10-25 13:00:00,1062.42,949.49,93.40,19.52,1008.28,906.68,101.60,980.89,23.79,2.17,0.00,0.00
2016-10-25 14:00:00,977.67,870.22,89.32,18.13,936.44,839.28,97.16,968.92,24.27,2.52,0.00,0.00
2016-10-25 15:00:00,824.09,726.70,81.78,15.61,806.18,717.22,88.96,947.17,24.02,2.61,0.00,0.00
2016-10-25 16:00:00,614.00,530.99,70.88,12.13,626.72,549.62,77.10,909.07,23.10,2.54,0.00,0.00
2016-10-25 17:00:00,368.07,303.45,56.61,8.00,413.38,351.80,61.58,839.66,21.92,2.05,0.00,0.00
2016-10-25 18:00:00,119.08,78.04,37.44,3.61,186.32,145.60,40.72,683.47,18.98,1.35,0.00,0.00
2016-10-25 19:00:00,0.21,0.00,0.20,0.00,0.22,0.00,0.22,0.00,16.90,0.57,0.00,0.00
2016-10-25 20:00:00,0.00,0.00,0.00,0.00,0.00,0.00,0.00,0.00,15.39,0.29,1.00,0.00
2016-10-25 21:00:00,0.00,0.00,0.00,0.00,0.00,0.00,0.00,0.00,14.54,0.61,1.00,0.00
2016-10-25 22:00:00,0.00,0.00,0.00,0.00,0.00,0.00,0.00,0.00,13.34,0.75,1.00,0.00
2016-10-25 23:00:00,0.00,0.00,0.00,0.00,0.00,0.00,0.00,0.00,12.54,0.76,1.00,0.00
2016-10-26 00:00:00,0.00,0.00,0.00,0.00,0.00,0.00,0.00,0.00,11.81,0.75,1.00,0.00
2016-10-26 01:00:00,0.00,0.00,0.00,0.00,0.00,0.00,0.00,0.00,11.28,0.77,1.00,0.00
2016-10-26 02:00:00,0.00,0.00,0.00,0.00,0.00,0.00,0.00,0.00,10.53,0.72,1.00,0.00
2016-10-26 03:00:00,0.00,0.00,0.00,0.00,0.00,0.00,0.00,0.00,10.06,0.61,1.00,0.00
2016-10-26 04:00:00,0.00,0.00,0.00,0.00,0.00,0.00,0.00,0.00,9.58,0.67,1.00,0.00
2016-10-26 05:00:00,0.00,0.00,0.00,0.00,0.00,0.00,0.00,0.00,9.10,0.52,1.00,0.00
2016-10-26 06:00:00,7.04,0.00,6.90,0.15,7.50,0.00,7.50,0.00,11.05,0.42,1.00,0.00
2016-10-26 07:00:00,149.27,104.45,40.62,4.21,217.58,173.40,44.18,722.32,14.69,0.40,0.00,0.00
2016-10-26 08:00:00,402.27,334.61,59.02,8.63,446.00,381.80,64.20,858.98,19.02,0.52,0.00,0.00
2016-10-26 09:00:00,644.80,559.35,72.76,12.69,655.74,576.60,79.14,920.00,22.30,0.88,0.00,0.00
2016-10-26 10:00:00,846.95,747.82,83.09,16.03,828.20,737.82,90.38,952.50,25.11,1.23,0.00,0.00
2016-10-26 11:00:00,990.04,881.62,90.04,18.38,949.58,851.64,97.94,970.00,27.70,1.62,0.00,0.00
2016-10-26 12:00:00,1061.23,948.27,93.40,19.55,1009.72,908.12,101.60,976.78,29.45,2.12,0.00,0.00
2016-10-26 13:00:00,1055.38,942.83,93.09,19.45,1004.76,903.50,101.26,975.28,30.78,2.46,0.00,0.00
2016-10-26 14:00:00,973.11,865.87,89.14,18.11,935.26,838.30,96.96,965.47,30.35,2.72,0.00,0.00
2016-10-26 15:00:00,820.42,723.18,81.64,15.60,805.64,716.84,88.80,944.12,29.91,3.10,0.00,0.00
2016-10-26 16:00:00,611.57,528.61,70.83,12.14,627.22,550.18,77.04,906.45,29.03,2.97,0.00,0.00
2016-10-26 17:00:00,366.81,302.11,56.67,8.03,414.80,353.16,61.64,837.84,27.64,2.27,0.00,0.00
2016-10-26 18:00:00,119.28,77.92,37.71,3.66,188.82,147.80,41.02,685.03,23.75,1.12,0.00,0.00
2016-10-26 19:00:00,0.98,0.00,0.96,0.02,1.04,0.00,1.04,0.00,21.64,0.45,0.00,0.00
2016-10-26 20:00:00,0.00,0.00,0.00,0.00,0.00,0.00,0.00,0.00,19.49,0.68,1.00,0.00
2016-10-26 21:00:00,0.00,0.00,0.00,0.00,0.00,0.00,0.00,0.00,18.14,0.90,1.00,0.00
2016-10-26 22:00:00,0.00,0.00,0.00,0.00,0.00,0.00,0.00,0.00,16.60,1.04,1.00,0.00
2016-10-26 23:00:00,0.00,0.00,0.00,0.00,0.00,0.00,0.00,0.00,15.62,1.17,1.00,0.00
2016-10-27 00:00:00,0.00,0.00,0.00,0.00,0.00,0.00,0.00,0.00,15.08,1.00,1.00,0.00
2016-10-27 01:00:00,0.00,0.00,0.00,0.00,0.00,0.00,0.00,0.00,14.59,0.99,1.00,0.00
2016-10-27 02:00:00,0.00,0.00,0.00,0.00,0.00,0.00,0.00,0.00,13.39,0.86,1.00,0.00
2016-10-27 03:00:00,0.00,0.00,0.00,0.00,0.00,0.00,0.00,0.00,12.26,0.73,1.00,0.00
2016-10-27 04:00:00,0.00,0.00,0.00,0.00,0.00,0.00,0.00,0.00,12.91,0.65,1.00,0.00
2016-10-27 05:00:00,0.00,0.00,0.00,0.00,0.00,0.00,0.00,0.00,13.60,0.75,1.00,0.00
2016-10-27 06:00:00,8.09,0.00,7.92,0.17,8.62,0.00,8.62,0.00,15.60,0.35,1.00,0.00
2016-10-27 07:00:00,150.68,105.45,40.93,4.29,221.78,177.26,44.52,728.13,18.71,0.43,0.00,0.00
2016-10-27 08:00:00,403.07,335.20,59.17,8.70,449.56,385.20,64.36,860.88,23.02,0.60,0.00,0.00
2016-10-27 09:00:00,645.04,559.42,72.87,12.76,658.90,579.64,79.26,920.86,25.23,0.96,0.00,0.00
2016-10-27 10:00:00,846.62,747.35,83.18,16.09,830.90,740.42,90.48,952.88,27.84,1.24,0.00,0.00
2016-10-27 11:00:00,989.11,880.55,90.13,18.43,951.80,853.76,98.04,969.93,30.08,1.68,0.00,0.00
2016-10-27 12:00:00,1058.48,945.50,93.42,19.56,1010.26,908.64,101.62,975.13,31.31,2.10,0.00,0.00
2016-10-27 13:00:00,1050.68,938.21,93.04,19.43,1003.54,902.34,101.20,971.84,32.22,2.58,0.00,0.00
2016-10-27 14:00:00,967.24,860.17,89.01,18.06,932.80,835.98,96.82,960.50,31.27,2.73,0.00,0.00
2016-10-27 15:00:00,815.75,718.58,81.60,15.57,804.20,715.44,88.76,939.61,30.44,2.92,0.00,0.00
2016-10-27 16:00:00,608.19,525.19,70.86,12.13,626.76,549.68,77.08,902.33,29.62,2.70,0.00,0.00
2016-10-27 17:00:00,364.92,300.12,56.76,8.04,415.40,353.66,61.74,834.02,27.93,2.31,0.00,0.00
2016-10-27 18:00:00,119.16,77.48,37.99,3.69,190.84,149.52,41.32,684.35,24.66,1.14,0.00,0.00
2016-10-27 19:00:00,1.75,0.00,1.71,0.04,2.02,0.16,1.86,24.13,22.11,0.70,0.00,0.00
2016-10-27 20:00:00,0.00,0.00,0.00,0.00,0.00,0.00,0.00,0.00,19.55,0.57,1.00,0.00
2016-10-27 21:00:00,0.00,0.00,0.00,0.00,0.00,0.00,0.00,0.00,18.08,0.75,1.00,0.00
2016-10-27 22:00:00,0.00,0.00,0.00,0.00,0.00,0.00,0.00,0.00,16.56,0.92,1.00,0.00
2016-10-27 23:00:00,0.00,0.00,0.00,0.00,0.00,0.00,0.00,0.00,15.72,0.95,1.00,0.00
2016-10-28 00:00:00,0.00,0.00,0.00,0.00,0.00,0.00,0.00,0.00,14.87,0.82,1.00,0.00
2016-10-28 01:00:00,0.00,0.00,0.00,0.00,0.00,0.00,0.00,0.00,14.12,0.73,1.00,0.00
2016-10-28 02:00:00,0.00,0.00,0.00,0.00,0.00,0.00,0.00,0.00,13.13,0.65,1.00,0.00
2016-10-28 03:00:00,0.00,0.00,0.00,0.00,0.00,0.00,0.00,0.00,11.96,0.48,1.00,0.00
2016-10-28 04:00:00,0.00,0.00,0.00,0.00,0.00,0.00,0.00,0.00,11.19,0.49,1.00,0.00
2016-10-28 05:00:00,0.00,0.00,0.00,0.00,0.00,0.00,0.00,0.00,10.54,0.64,1.00,0.00
2016-10-28 06:00:00,4.47,0.00,4.38,0.09,4.76,0.00,4.76,0.00,11.73,0.28,1.00,1.00
2016-10-28 07:00:00,148.59,103.45,40.87,4.27,220.42,175.96,44.46,713.37,13.72,0.17,0.00,0.00
2016-10-28 08:00:00,397.00,329.47,58.91,8.62,445.36,381.28,64.08,846.52,16.20,0.61,0.00,0.00
2016-10-28 09:00:00,635.87,550.78,72.46,12.63,652.42,573.60,78.82,907.36,18.06,1.09,0.00,0.00
2016-10-28 10:00:00,835.22,736.59,82.70,15.93,822.74,732.78,89.96,940.13,19.67,1.39,0.00,0.00
2016-10-28 11:00:00,976.37,868.52,89.60,18.25,942.62,845.16,97.46,957.83,21.04,1.92,0.00,0.00
2016-10-28 12:00:00,1045.42,933.16,92.89,19.38,1000.98,899.94,101.04,963.64,21.83,2.36,0.00,0.00
2016-10-28 13:00:00,1038.58,926.78,92.54,19.26,995.06,894.40,100.66,961.29,22.02,2.87,0.00,0.00
2016-10-28 14:00:00,956.40,849.92,88.57,17.92,925.42,829.08,96.34,950.43,21.56,3.06,0.00,0.00
2016-10-28 15:00:00,806.23,709.63,81.16,15.44,797.78,709.50,88.28,929.32,21.45,3.32,0.00,0.00
2016-10-28 16:00:00,600.95,518.43,70.48,12.04,622.14,545.48,76.66,892.20,20.96,3.06,0.00,0.00
2016-10-28 17:00:00,360.23,295.78,56.47,7.99,412.66,351.24,61.42,823.71,19.87,2.69,0.00,0.00
2016-10-28 18:00:00,118.05,76.38,37.97,3.70,191.10,149.80,41.30,677.19,18.16,1.44,0.00,0.00
2016-10-28 19:00:00,2.43,0.00,2.37,0.06,3.16,0.58,2.58,60.42,16.00,0.80,0.00,0.00
2016-10-28 20:00:00,0.00,0.00,0.00,0.00,0.00,0.00,0.00,0.00,14.45,0.39,1.00,0.00
2016-10-28 21:00:00,0.00,0.00,0.00,0.00,0.00,0.00,0.00,0.00,13.88,0.35,1.00,0.00
2016-10-28 22:00:00,0.00,0.00,0.00,0.00,0.00,0.00,0.00,0.00,13.36,0.49,1.00,0.00
2016-10-28 23:00:00,0.00,0.00,0.00,0.00,0.00,0.00,0.00,0.00,13.17,0.65,1.00,0.00
2016-10-29 00:00:00,0.00,0.00,0.00,0.00,0.00,0.00,0.00,0.00,13.34,0.52,1.00,0.00
2016-10-29 01:00:00,0.00,0.00,0.00,0.00,0.00,0.00,0.00,0.00,13.59,0.41,1.00,0.00
2016-10-29 02:00:00,0.00,0.00,0.00,0.00,0.00,0.00,0.00,0.00,13.74,0.30,1.00,0.00
2016-10-29 03:00:00,0.00,0.00,0.00,0.00,0.00,0.00,0.00,0.00,14.11,0.23,1.00,0.00
2016-10-29 04:00:00,0.00,0.00,0.00,0.00,0.00,0.00,0.00,0.00,14.14,0.26,1.00,0.00
2016-10-29 05:00:00,0.00,0.00,0.00,0.00,0.00,0.00,0.00,0.00,14.00,0.24,1.00,0.00
2016-10-29 06:00:00,4.28,0.00,4.19,0.09,4.56,0.00,4.56,0.00,14.95,0.18,1.00,1.00
2016-10-29 07:00:00,53.54,1.03,51.39,1.12,57.68,1.78,55.90,7.13,16.54,0.22,0.00,1.00
2016-10-29 08:00:00,175.88,3.30,168.96,3.63,187.62,3.84,183.78,8.47,18.88,0.62,0.00,1.00
2016-10-29 09:00:00,636.45,550.90,72.85,12.70,655.86,576.62,79.24,908.45,21.27,1.10,0.00,0.00
2016-10-29 10:00:00,836.64,737.48,83.14,16.01,827.12,736.68,90.44,942.23,22.97,1.44,0.00,0.00
2016-10-29 11:00:00,979.07,870.58,90.13,18.36,948.26,850.22,98.04,961.24,24.60,1.93,0.00,0.00
2016-10-29 12:00:00,1047.42,934.58,93.37,19.47,1005.96,904.40,101.56,966.37,25.92,2.36,0.00,0.00
2016-10-29 13:00:00,1039.85,927.50,93.00,19.35,999.40,898.24,101.16,963.38,26.14,2.71,0.00,0.00
2016-10-29 14:00:00,957.34,850.32,89.03,17.99,929.40,832.56,96.84,952.28,25.93,2.95,0.00,0.00
2016-10-29 15:00:00,806.29,709.20,81.58,15.50,800.88,712.14,88.74,930.18,25.41,3.02,0.00,0.00
2016-10-29 16:00:00,600.60,517.64,70.86,12.09,624.68,547.60,77.08,892.44,24.22,2.88,0.00,0.00
2016-10-29 17:00:00,360.15,295.24,56.87,8.04,415.16,353.30,61.86,823.67,22.88,2.43,0.00,0.00
2016-10-29 18:00:00,118.02,76.04,38.24,3.74,193.00,151.40,41.60,676.10,21.22,1.34,0.00,0.00
2016-10-29 19:00:00,3.14,0.00,3.05,0.09,4.44,1.12,3.32,87.91,19.35,0.73,0.00,0.00
2016-10-29 20:00:00,0.00,0.00,0.00,0.00,0.00,0.00,0.00,0.00,17.93,0.33,1.00,0.00
2016-10-29 21:00:00,0.00,0.00,0.00,0.00,0.00,0.00,0.00,0.00,17.28,0.11,1.00,0.00
2016-10-29 22:00:00,0.00,0.00,0.00,0.00,0.00,0.00,0.00,0.00,16.86,0.16,1.00,0.00
2016-10-29 23:00:00,0.00,0.00,0.00,0.00,0.00,0.00,0.00,0.00,16.55,0.31,1.00,0.00
2016-10-30 00:00:00,0.00,0.00,0.00,0.00,0.00,0.00,0.00,0.00,16.43,0.17,1.00,0.00
2016-10-30 01:00:00,0.00,0.00,0.00,0.00,0.00,0.00,0.00,0.00,16.27,0.08,1.00,0.00
2016-10-30 02:00:00,0.00,0.00,0.00,0.00,0.00,0.00,0.00,0.00,16.27,0.08,1.00,0.00
2016-10-30 03:00:00,0.00,0.00,0.00,0.00,0.00,0.00,0.00,0.00,16.76,0.01,1.00,0.00
2016-10-30 04:00:00,0.00,0.00,0.00,0.00,0.00,0.00,0.00,0.00,17.09,0.05,1.00,0.00
2016-10-30 05:00:00,0.00,0.00,0.00,0.00,0.00,0.00,0.00,0.00,16.61,0.14,1.00,0.00
2016-10-30 06:00:00,3.92,0.00,3.84,0.08,4.18,0.00,4.18,0.00,17.36,0.22,1.00,1.00
2016-10-30 07:00:00,89.55,1.03,86.66,1.86,96.06,1.80,94.26,7.12,18.14,0.43,0.00,1.00
2016-10-30 08:00:00,204.12,3.26,196.65,4.21,217.72,3.82,213.90,8.38,19.77,0.85,0.00,1.00
2016-10-30 09:00:00,333.19,5.46,320.87,6.87,354.76,5.74,349.02,9.01,21.19,1.27,0.00,1.00
2016-10-30 10:00:00,565.50,16.79,537.08,11.64,601.04,16.84,584.20,21.48,22.79,1.66,0.00,1.00
2016-10-30 11:00:00,609.91,21.83,575.54,12.53,647.44,21.40,626.04,24.14,23.85,2.04,0.00,1.00
2016-10-30 12:00:00,774.37,46.22,712.28,15.87,819.66,44.88,774.78,47.86,24.56,2.41,0.00,1.00
2016-10-30 13:00:00,1027.58,915.99,92.41,19.18,990.64,890.12,100.52,952.75,24.62,2.74,0.00,0.00
2016-10-30 14:00:00,945.71,839.40,88.48,17.83,921.12,824.88,96.24,941.40,23.62,2.69,0.00,0.00
2016-10-30 15:00:00,441.34,8.77,423.48,9.09,469.48,8.84,460.64,11.52,22.33,2.69,0.00,1.00
2016-10-30 16:00:00,595.89,513.16,70.68,12.05,622.54,545.66,76.88,885.90,21.10,2.47,0.00,0.00
2016-10-30 17:00:00,358.11,293.22,56.85,8.04,415.40,353.56,61.84,819.46,19.38,2.18,0.00,0.00
2016-10-30 18:00:00,117.90,75.67,38.46,3.77,194.78,152.94,41.84,674.78,17.52,1.33,0.00,0.00
2016-10-30 19:00:00,3.88,0.00,3.77,0.11,5.92,1.82,4.10,115.87,15.80,0.88,0.00,0.00
2016-10-30 20:00:00,0.00,0.00,0.00,0.00,0.00,0.00,0.00,0.00,14.18,0.50,1.00,0.00
2016-10-30 21:00:00,0.00,0.00,0.00,0.00,0.00,0.00,0.00,0.00,12.61,0.35,1.00,0.00
2016-10-30 22:00:00,0.00,0.00,0.00,0.00,0.00,0.00,0.00,0.00,11.62,0.34,1.00,0.00
2016-10-30 23:00:00,0.00,0.00,0.00,0.00,0.00,0.00,0.00,0.00,11.56,0.25,1.00,0.00
2016-10-31 00:00:00,0.00,0.00,0.00,0.00,0.00,0.00,0.00,0.00,11.63,0.25,1.00,0.00
2016-10-31 01:00:00,0.00,0.00,0.00,0.00,0.00,0.00,0.00,0.00,11.83,0.27,1.00,0.00
2016-10-31 02:00:00,0.00,0.00,0.00,0.00,0.00,0.00,0.00,0.00,12.15,0.18,1.00,0.00
2016-10-31 03:00:00,0.00,0.00,0.00,0.00,0.00,0.00,0.00,0.00,11.88,0.30,1.00,0.00
2016-10-31 04:00:00,0.00,0.00,0.00,0.00,0.00,0.00,0.00,0.00,10.84,0.38,1.00,0.00
2016-10-31 05:00:00,0.00,0.00,0.00,0.00,0.00,0.00,0.00,0.00,10.53,0.48,1.00,0.00
2016-10-31 06:00:00,2.76,0.00,2.70,0.06,2.94,0.00,2.94,0.00,11.13,0.36,1.00,1.00
2016-10-31 07:00:00,45.80,1.08,43.76,0.96,49.50,1.90,47.60,7.43,12.00,0.10,0.00,1.00
2016-10-31 08:00:00,129.42,3.39,123.36,2.68,138.18,4.00,134.18,8.72,13.77,0.64,0.00,1.00
2016-10-31 09:00:00,263.48,5.62,252.43,5.43,280.52,5.94,274.58,9.29,16.47,1.04,0.00,1.00
2016-10-31 10:00:00,368.21,7.49,353.14,7.58,391.66,7.54,384.12,9.59,18.51,1.25,0.00,1.00
2016-10-31 11:00:00,497.11,12.53,474.36,10.23,528.30,12.32,515.98,13.87,19.51,1.66,0.00,1.00
2016-10-31 12:00:00,190.99,9.42,177.65,3.92,202.42,9.18,193.24,9.77,19.85,2.13,0.00,1.00
2016-10-31 13:00:00,188.63,9.33,175.43,3.87,199.92,9.10,190.82,9.72,19.58,2.41,0.00,1.00
2016-10-31 14:00:00,163.02,8.54,151.14,3.35,172.82,8.42,164.40,9.59,18.44,2.74,0.00,1.00
2016-10-31 15:00:00,163.79,7.15,153.27,3.37,173.96,7.24,166.72,9.41,17.45,2.98,0.00,1.00
2016-10-31 16:00:00,135.71,5.24,127.68,2.80,144.48,5.60,138.88,9.06,16.53,2.66,0.00,1.00
2016-10-31 17:00:00,93.61,3.00,88.68,1.94,100.10,3.64,96.46,8.39,16.09,2.39,0.00,1.00
2016-10-31 18:00:00,47.12,0.77,45.36,0.99,50.92,1.58,49.34,6.89,15.55,2.07,0.00,1.00
2016-10-31 19:00:00,4.67,0.00,4.52,0.15,7.68,2.76,4.92,146.43,15.23,1.53,0.00,0.00
2016-10-31 20:00:00,0.00,0.00,0.00,0.00,0.00,0.00,0.00,0.00,14.37,1.24,1.00,0.00
2016-10-31 21:00:00,0.00,0.00,0.00,0.00,0.00,0.00,0.00,0.00,12.87,1.16,1.00,0.00
2016-10-31 22:00:00,0.00,0.00,0.00,0.00,0.00,0.00,0.00,0.00,10.93,0.96,1.00,0.00
2016-10-31 23:00:00,0.00,0.00,0.00,0.00,0.00,0.00,0.00,0.00,9.84,0.86,1.00,0.00
2012-11-01 00:00:00,0.00,0.00,0.00,0.00,0.00,0.00,0.00,0.00,12.21,0.52,1.00,0.00
2012-11-01 01:00:00,0.00,0.00,0.00,0.00,0.00,0.00,0.00,0.00,11.46,0.54,1.00,0.00
2012-11-01 02:00:00,0.00,0.00,0.00,0.00,0.00,0.00,0.00,0.00,11.03,0.47,1.00,0.00
2012-11-01 03:00:00,0.00,0.00,0.00,0.00,0.00,0.00,0.00,0.00,10.48,0.44,1.00,0.00
2012-11-01 04:00:00,0.00,0.00,0.00,0.00,0.00,0.00,0.00,0.00,9.96,0.50,1.00,0.00
2012-11-01 05:00:00,0.00,0.00,0.00,0.00,0.00,0.00,0.00,0.00,9.49,0.49,1.00,0.00
2012-11-01 06:00:00,12.18,0.00,11.93,0.25,12.98,0.00,12.98,0.00,11.13,0.36,1.00,0.00
2012-11-01 07:00:00,154.73,107.65,42.47,4.61,238.02,191.82,46.20,741.62,13.55,0.20,0.00,0.00
2012-11-01 08:00:00,405.73,336.37,60.35,9.01,465.58,399.94,65.64,867.01,16.61,0.60,0.00,0.00
2012-11-01 09:00:00,647.31,560.26,73.97,13.08,675.48,595.02,80.46,927.04,19.38,1.04,0.00,0.00
2012-11-01 10:00:00,849.40,748.68,84.28,16.43,848.50,756.82,91.68,960.16,21.85,1.38,0.00,0.00
2012-11-01 11:00:00,993.11,883.03,91.29,18.80,970.86,871.56,99.30,978.78,24.21,1.76,0.00,0.00
2012-11-01 12:00:00,1063.25,948.69,94.62,19.94,1030.20,927.28,102.92,984.93,26.20,2.11,0.00,0.00
2012-11-01 13:00:00,1056.67,942.56,94.27,19.84,1024.58,922.04,102.54,983.10,27.30,2.37,0.00,0.00
2012-11-01 14:00:00,973.97,865.20,90.30,18.48,954.48,856.26,98.22,973.04,27.95,2.65,0.00,0.00
2012-11-01 15:00:00,822.58,723.71,82.89,15.99,825.84,735.68,90.16,953.42,27.47,2.74,0.00,0.00
2012-11-01 16:00:00,615.03,530.32,72.17,12.55,648.16,569.66,78.50,918.32,26.28,2.68,0.00,0.00
2012-11-01 17:00:00,371.13,304.54,58.16,8.44,435.78,372.52,63.26,853.76,24.81,2.26,0.00,0.00
2012-11-01 18:00:00,122.98,79.37,39.59,4.03,208.00,164.94,43.06,710.68,21.74,1.18,0.00,0.00
2012-11-01 19:00:00,5.50,0.00,5.31,0.19,9.76,3.98,5.78,182.44,19.42,0.39,0.00,0.00
2012-11-01 20:00:00,0.00,0.00,0.00,0.00,0.00,0.00,0.00,0.00,17.68,0.30,1.00,0.00
2012-11-01 21:00:00,0.00,0.00,0.00,0.00,0.00,0.00,0.00,0.00,16.42,0.44,1.00,0.00
2012-11-01 22:00:00,0.00,0.00,0.00,0.00,0.00,0.00,0.00,0.00,15.18,0.75,1.00,0.00
2012-11-01 23:00:00,0.00,0.00,0.00,0.00,0.00,0.00,0.00,0.00,14.16,0.76,1.00,0.00
2012-11-02 00:00:00,0.00,0.00,0.00,0.00,0.00,0.00,0.00,0.00,13.25,0.73,1.00,0.00
2012-11-02 01:00:00,0.00,0.00,0.00,0.00,0.00,0.00,0.00,0.00,12.49,0.69,1.00,0.00
2012-11-02 02:00:00,0.00,0.00,0.00,0.00,0.00,0.00,0.00,0.00,12.03,0.60,1.00,0.00
2012-11-02 03:00:00,0.00,0.00,0.00,0.00,0.00,0.00,0.00,0.00,11.39,0.51,1.00,0.00
2012-11-02 04:00:00,0.00,0.00,0.00,0.00,0.00,0.00,0.00,0.00,10.60,0.58,1.00,0.00
2012-11-02 05:00:00,0.00,0.00,0.00,0.00,0.00,0.00,0.00,0.00,9.87,0.47,1.00,0.00
2012-11-02 06:00:00,12.99,0.00,12.72,0.27,13.84,0.00,13.84,0.00,12.01,0.38,1.00,0.00
2012-11-02 07:00:00,156.29,108.72,42.88,4.70,242.62,195.98,46.64,749.40,15.00,0.16,0.00,0.00
2012-11-02 08:00:00,408.49,338.66,60.71,9.13,471.42,405.38,66.04,874.12,18.44,0.52,0.00,0.00
2012-11-02 09:00:00,650.96,563.42,74.34,13.21,682.12,601.26,80.86,933.45,21.47,0.89,0.00,0.00
2012-11-02 10:00:00,853.98,752.70,84.71,16.57,856.00,763.86,92.14,966.59,23.63,1.24,0.00,0.00
2012-11-02 11:00:00,998.14,887.48,91.71,18.95,978.74,878.98,99.76,985.10,26.26,1.68,0.00,0.00
2012-11-02 12:00:00,1066.78,951.73,94.99,20.07,1036.60,933.28,103.32,989.46,28.01,2.09,0.00,0.00
2012-11-02 13:00:00,1058.82,944.27,94.62,19.93,1029.64,926.72,102.92,986.26,29.04,2.28,0.00,0.00
2012-11-02 14:00:00,974.58,865.45,90.59,18.55,958.04,859.50,98.54,974.71,28.51,2.64,0.00,0.00
2012-11-02 15:00:00,822.09,722.93,83.13,16.03,828.22,737.80,90.42,953.70,27.75,2.88,0.00,0.00
2012-11-02 16:00:00,613.84,528.89,72.37,12.58,649.64,570.92,78.72,917.12,26.28,2.76,0.00,0.00
2012-11-02 17:00:00,370.23,303.40,58.36,8.46,437.22,373.74,63.48,851.96,24.60,2.37,0.00,0.00
2012-11-02 18:00:00,123.50,79.52,39.90,4.08,210.68,167.28,43.40,711.91,21.40,1.28,0.00,0.00
2012-11-02 19:00:00,6.35,0.00,6.12,0.23,11.70,5.04,6.66,201.96,19.03,0.51,0.00,0.00
2012-11-02 20:00:00,0.00,0.00,0.00,0.00,0.00,0.00,0.00,0.00,17.15,0.18,1.00,0.00
2012-11-02 21:00:00,0.00,0.00,0.00,0.00,0.00,0.00,0.00,0.00,16.17,0.41,1.00,0.00
2012-11-02 22:00:00,0.00,0.00,0.00,0.00,0.00,0.00,0.00,0.00,15.17,0.68,1.00,0.00
2012-11-02 23:00:00,0.00,0.00,0.00,0.00,0.00,0.00,0.00,0.00,14.30,0.73,1.00,0.00
2012-11-03 00:00:00,0.00,0.00,0.00,0.00,0.00,0.00,0.00,0.00,13.41,0.70,1.00,0.00
2012-11-03 01:00:00,0.00,0.00,0.00,0.00,0.00,0.00,0.00,0.00,12.90,0.59,1.00,0.00
2012-11-03 02:00:00,0.00,0.00,0.00,0.00,0.00,0.00,0.00,0.00,12.79,0.53,1.00,0.00
2012-11-03 03:00:00,0.00,0.00,0.00,0.00,0.00,0.00,0.00,0.00,12.15,0.47,1.00,0.00
2012-11-03 04:00:00,0.00,0.00,0.00,0.00,0.00,0.00,0.00,0.00,11.18,0.56,1.00,0.00
2012-11-03 05:00:00,0.00,0.00,0.00,0.00,0.00,0.00,0.00,0.00,10.41,0.61,1.00,0.00
2012-11-03 06:00:00,13.74,0.00,13.46,0.28,14.64,0.00,14.64,0.00,12.08,0.44,1.00,0.00
2012-11-03 07:00:00,156.90,108.97,43.17,4.76,245.72,198.76,46.96,752.28,14.38,0.05,0.00,0.00
2012-11-03 08:00:00,408.55,338.46,60.92,9.18,474.04,407.78,66.26,874.92,17.97,0.46,0.00,0.00
2012-11-03 09:00:00,650.15,562.44,74.47,13.24,684.08,603.08,81.00,933.19,20.97,0.86,0.00,0.00
2012-11-03 10:00:00,851.71,750.38,84.74,16.58,856.66,764.48,92.18,965.03,23.75,1.30,0.00,0.00
2012-11-03 11:00:00,994.73,884.11,91.68,18.94,978.38,878.66,99.72,982.76,26.11,1.73,0.00,0.00
2012-11-03 12:00:00,1062.60,947.64,94.91,20.05,1035.54,932.30,103.24,986.61,27.86,2.17,0.00,0.00
2012-11-03 13:00:00,1054.01,939.62,94.49,19.90,1027.94,925.16,102.78,982.80,29.14,2.54,0.00,0.00
2012-11-03 14:00:00,970.14,861.14,90.48,18.52,956.62,858.20,98.42,971.25,28.76,2.81,0.00,0.00
2012-11-03 15:00:00,818.17,719.08,83.07,16.01,827.12,736.76,90.36,949.92,28.14,2.82,0.00,0.00
2012-11-03 16:00:00,611.11,526.15,72.39,12.57,649.48,570.74,78.74,913.63,26.87,2.71,0.00,0.00
2012-11-03 17:00:00,368.67,301.74,58.45,8.48,437.86,374.28,63.58,848.34,25.25,2.31,0.00,0.00
2012-11-03 18:00:00,123.78,79.46,40.19,4.12,213.00,169.28,43.72,712.20,22.41,1.10,0.00,0.00
2012-11-03 19:00:00,7.16,0.00,6.90,0.26,13.60,6.10,7.50,218.47,19.90,0.49,0.00,0.00
2012-11-03 20:00:00,0.00,0.00,0.00,0.00,0.00,0.00,0.00,0.00,17.91,0.30,1.00,0.00
2012-11-03 21:00:00,0.00,0.00,0.00,0.00,0.00,0.00,0.00,0.00,16.75,0.42,1.00,0.00
2012-11-03 22:00:00,0.00,0.00,0.00,0.00,0.00,0.00,0.00,0.00,15.74,0.73,1.00,0.00
2012-11-03 23:00:00,0.00,0.00,0.00,0.00,0.00,0.00,0.00,0.00,14.90,0.74,1.00,0.00
2012-11-04 00:00:00,0.00,0.00,0.00,0.00,0.00,0.00,0.00,0.00,14.17,0.74,1.00,0.00
2012-11-04 01:00:00,0.00,0.00,0.00,0.00,0.00,0.00,0.00,0.00,13.53,0.67,1.00,0.00
2012-11-04 02:00:00,0.00,0.00,0.00,0.00,0.00,0.00,0.00,0.00,12.97,0.59,1.00,0.00
2012-11-04 03:00:00,0.00,0.00,0.00,0.00,0.00,0.00,0.00,0.00,12.35,0.50,1.00,0.00
2012-11-04 04:00:00,0.00,0.00,0.00,0.00,0.00,0.00,0.00,0.00,11.75,0.52,1.00,0.00
2012-11-04 05:00:00,0.00,0.00,0.00,0.00,0.00,0.00,0.00,0.00,12.35,0.41,1.00,0.00
2012-11-04 06:00:00,14.49,0.00,14.19,0.30,15.44,0.00,15.44,0.00,14.26,0.32,1.00,0.00
2012-11-04 07:00:00,158.19,109.81,43.54,4.84,249.96,202.60,47.36,759.56,16.74,0.18,0.00,0.00
2012-11-04 08:00:00,410.59,340.07,61.25,9.27,478.98,412.36,66.62,880.08,19.84,0.60,0.00,0.00
2012-11-04 09:00:00,651.13,563.11,74.71,13.32,687.82,606.56,81.26,935.68,23.03,1.05,0.00,0.00
2012-11-04 10:00:00,851.10,749.56,84.91,16.63,858.92,766.56,92.36,965.32,25.64,1.41,0.00,0.00
2012-11-04 11:00:00,992.21,881.51,91.75,18.95,978.84,879.04,99.80,981.30,28.00,1.88,0.00,0.00
2012-11-04 12:00:00,1059.82,944.84,94.93,20.05,1035.76,932.50,103.26,985.11,29.59,2.38,0.00,0.00
2012-11-04 13:00:00,1051.32,936.89,94.53,19.91,1028.28,925.46,102.82,981.35,30.59,2.71,0.00,0.00
2012-11-04 14:00:00,967.78,858.75,90.50,18.53,957.18,858.74,98.44,969.90,30.10,2.94,0.00,0.00
2012-11-04 15:00:00,815.90,716.80,83.07,16.02,827.62,737.26,90.36,948.27,29.57,3.01,0.00,0.00
2012-11-04 16:00:00,609.31,524.29,72.43,12.59,650.20,571.42,78.78,911.54,28.30,2.81,0.00,0.00
2012-11-04 17:00:00,367.69,300.62,58.56,8.50,439.08,375.38,63.70,846.03,26.87,2.37,0.00,0.00
2012-11-04 18:00:00,123.77,79.22,40.40,4.16,214.82,170.88,43.94,710.82,24.10,1.19,0.00,0.00
2012-11-04 19:00:00,7.97,0.00,7.67,0.30,15.48,7.14,8.34,229.86,21.54,0.48,0.00,0.00
2012-11-04 20:00:00,0.00,0.00,0.00,0.00,0.00,0.00,0.00,0.00,19.54,0.25,1.00,0.00
2012-11-04 21:00:00,0.00,0.00,0.00,0.00,0.00,0.00,0.00,0.00,18.29,0.46,1.00,0.00
2012-11-04 22:00:00,0.00,0.00,0.00,0.00,0.00,0.00,0.00,0.00,16.97,0.86,1.00,0.00
2012-11-04 23:00:00,0.00,0.00,0.00,0.00,0.00,0.00,0.00,0.00,15.96,0.98,1.00,0.00
2012-11-05 00:00:00,0.00,0.00,0.00,0.00,0.00,0.00,0.00,0.00,15.05,0.93,1.00,0.00
2012-11-05 01:00:00,0.00,0.00,0.00,0.00,0.00,0.00,0.00,0.00,14.32,0.77,1.00,0.00
2012-11-05 02:00:00,0.00,0.00,0.00,0.00,0.00,0.00,0.00,0.00,13.83,0.65,1.00,0.00
2012-11-05 03:00:00,0.00,0.00,0.00,0.00,0.00,0.00,0.00,0.00,13.08,0.58,1.00,0.00
2012-11-05 04:00:00,0.00,0.00,0.00,0.00,0.00,0.00,0.00,0.00,12.43,0.63,1.00,0.00
2012-11-05 05:00:00,0.00,0.00,0.00,0.00,0.00,0.00,0.00,0.00,11.71,0.61,1.00,0.00
2012-11-05 06:00:00,15.28,0.00,14.97,0.32,16.28,0.00,16.28,0.00,13.59,0.53,1.00,0.00
2012-11-05 07:00:00,159.39,110.46,44.02,4.92,253.90,206.02,47.88,764.67,16.37,0.01,0.00,0.00
2012-11-05 08:00:00,412.84,341.70,61.76,9.37,484.18,417.00,67.18,885.91,19.99,0.50,0.00,0.00
2012-11-05 09:00:00,657.41,568.47,75.44,13.50,697.26,615.20,82.06,946.11,23.17,0.91,0.00,0.00
2012-11-05 10:00:00,862.90,760.10,85.88,16.91,873.64,780.22,93.42,980.43,25.44,1.25,0.00,0.00
2012-11-05 11:00:00,1009.99,897.64,93.00,19.34,999.24,898.08,101.16,1000.74,28.09,1.72,0.00,0.00
2012-11-05 12:00:00,1079.07,962.32,96.27,20.47,1057.50,952.78,104.72,1004.82,30.24,2.18,0.00,0.00
2012-11-05 13:00:00,1071.00,954.78,95.89,20.33,1050.38,946.08,104.30,1001.50,31.21,2.44,0.00,0.00
2012-11-05 14:00:00,986.58,875.76,91.88,18.95,978.60,878.66,99.94,990.50,30.85,2.80,0.00,0.00
2012-11-05 15:00:00,832.64,731.88,84.36,16.41,847.40,755.64,91.76,969.46,30.56,3.05,0.00,0.00
2012-11-05 16:00:00,622.92,536.41,73.58,12.92,667.42,587.38,80.04,933.76,29.44,2.89,0.00,0.00
2012-11-05 17:00:00,377.31,308.96,59.57,8.77,453.14,388.34,64.80,870.33,27.84,2.38,0.00,0.00
2012-11-05 18:00:00,126.55,81.20,41.06,4.29,221.72,177.06,44.66,727.81,24.36,1.26,0.00,0.00
2012-11-05 19:00:00,8.91,0.00,8.57,0.35,17.84,8.52,9.32,249.11,21.95,0.48,0.00,0.00
2012-11-05 20:00:00,0.00,0.00,0.00,0.00,0.00,0.00,0.00,0.00,19.87,0.27,1.00,0.00
2012-11-05 21:00:00,0.00,0.00,0.00,0.00,0.00,0.00,0.00,0.00,18.57,0.48,1.00,0.00
2012-11-05 22:00:00,0.00,0.00,0.00,0.00,0.00,0.00,0.00,0.00,17.18,0.87,1.00,0.00
2012-11-05 23:00:00,0.00,0.00,0.00,0.00,0.00,0.00,0.00,0.00,16.01,1.07,1.00,0.00
2012-11-06 00:00:00,0.00,0.00,0.00,0.00,0.00,0.00,0.00,0.00,14.97,0.99,1.00,0.00
2012-11-06 01:00:00,0.00,0.00,0.00,0.00,0.00,0.00,0.00,0.00,14.22,0.88,1.00,0.00
2012-11-06 02:00:00,0.00,0.00,0.00,0.00,0.00,0.00,0.00,0.00,13.81,0.84,1.00,0.00
2012-11-06 03:00:00,0.00,0.00,0.00,0.00,0.00,0.00,0.00,0.00,12.99,0.67,1.00,0.00
2012-11-06 04:00:00,0.00,0.00,0.00,0.00,0.00,0.00,0.00,0.00,12.09,0.70,1.00,0.00
2012-11-06 05:00:00,0.00,0.00,0.00,0.00,0.00,0.00,0.00,0.00,11.60,0.81,1.00,0.00
2012-11-06 06:00:00,15.94,0.00,15.61,0.33,16.98,0.00,16.98,0.00,13.61,0.46,1.00,0.00
2012-11-06 07:00:00,159.11,109.96,44.20,4.95,255.68,207.60,48.08,763.86,16.91,0.17,0.00,0.00
2012-11-06 08:00:00,410.36,339.27,61.72,9.37,483.82,416.68,67.14,881.19,21.06,0.59,0.00,0.00
2012-11-06 09:00:00,652.14,563.46,75.24,13.44,694.46,612.62,81.84,939.27,23.31,0.95,0.00,0.00
2012-11-06 10:00:00,854.76,752.43,85.52,16.81,868.30,775.28,93.02,972.04,25.43,1.22,0.00,0.00
2012-11-06 11:00:00,999.08,887.36,92.52,19.19,991.38,890.74,100.64,990.79,27.63,1.64,0.00,0.00
2012-11-06 12:00:00,1067.57,951.48,95.78,20.31,1049.14,944.96,104.18,994.95,29.45,2.00,0.00,0.00
2012-11-06 13:00:00,1059.54,943.99,95.37,20.17,1042.04,938.30,103.74,991.59,30.25,2.34,0.00,0.00
2012-11-06 14:00:00,975.83,865.65,91.38,18.79,970.82,871.42,99.40,980.38,29.68,2.58,0.00,0.00
2012-11-06 15:00:00,823.70,723.49,83.94,16.28,841.02,749.72,91.30,959.58,29.41,2.88,0.00,0.00
2012-11-06 16:00:00,616.16,530.08,73.25,12.83,662.84,583.16,79.68,923.87,28.95,2.63,0.00,0.00
2012-11-06 17:00:00,373.19,305.11,59.35,8.72,450.50,385.94,64.56,860.44,27.33,2.26,0.00,0.00
2012-11-06 18:00:00,127.22,81.53,41.33,4.35,224.76,179.80,44.96,730.94,24.26,1.09,0.00,0.00
2012-11-06 19:00:00,9.88,0.00,9.49,0.40,20.52,10.20,10.32,274.44,21.25,0.61,0.00,0.00
2012-11-06 20:00:00,0.00,0.00,0.00,0.00,0.00,0.00,0.00,0.00,18.87,0.40,1.00,0.00
2012-11-06 21:00:00,0.00,0.00,0.00,0.00,0.00,0.00,0.00,0.00,17.45,0.55,1.00,0.00
2012-11-06 22:00:00,0.00,0.00,0.00,0.00,0.00,0.00,0.00,0.00,15.88,0.86,1.00,0.00
2012-11-06 23:00:00,0.00,0.00,0.00,0.00,0.00,0.00,0.00,0.00,14.65,0.91,1.00,0.00
2012-11-07 00:00:00,0.00,0.00,0.00,0.00,0.00,0.00,0.00,0.00,13.60,0.77,1.00,0.00
2012-11-07 01:00:00,0.00,0.00,0.00,0.00,0.00,0.00,0.00,0.00,12.73,0.75,1.00,0.00
2012-11-07 02:00:00,0.00,0.00,0.00,0.00,0.00,0.00,0.00,0.00,11.82,0.75,1.00,0.00
2012-11-07 03:00:00,0.00,0.00,0.00,0.00,0.00,0.00,0.00,0.00,10.71,0.66,1.00,0.00
2012-11-07 04:00:00,0.00,0.00,0.00,0.00,0.00,0.00,0.00,0.00,10.01,0.61,1.00,0.00
2012-11-07 05:00:00,0.00,0.00,0.00,0.00,0.00,0.00,0.00,0.00,9.59,0.74,1.00,0.00
2012-11-07 06:00:00,10.72,0.00,10.50,0.22,11.42,0.00,11.42,0.00,11.05,0.45,1.00,1.00
2012-11-07 07:00:00,159.73,110.28,44.44,5.01,258.94,210.60,48.34,768.26,13.63,0.10,0.00,0.00
2012-11-07 08:00:00,411.31,339.91,61.96,9.44,487.52,420.12,67.40,884.73,17.72,0.46,0.00,0.00
2012-11-07 09:00:00,651.01,562.21,75.33,13.47,695.92,613.98,81.94,938.88,20.35,0.83,0.00,0.00
2012-11-07 10:00:00,850.12,747.94,85.41,16.77,866.34,773.44,92.90,967.82,22.53,1.25,0.00,0.00
2012-11-07 11:00:00,990.63,879.32,92.23,19.09,985.84,885.52,100.32,983.31,25.01,1.64,0.00,0.00
2012-11-07 12:00:00,1055.97,940.57,95.26,20.14,1040.56,936.94,103.62,984.99,26.07,2.02,0.00,0.00
2012-11-07 13:00:00,1045.73,931.07,94.69,19.97,1031.32,928.32,103.00,979.42,26.46,2.58,0.00,0.00
2012-11-07 14:00:00,961.27,852.11,90.59,18.57,959.08,860.54,98.54,966.32,25.31,2.75,0.00,0.00
2012-11-07 15:00:00,808.60,709.53,83.03,16.04,828.30,737.98,90.32,942.19,24.16,3.01,0.00,0.00
2012-11-07 16:00:00,602.68,517.75,72.33,12.60,650.78,572.10,78.68,903.25,23.05,2.65,0.00,0.00
2012-11-07 17:00:00,363.36,296.34,58.49,8.53,440.72,377.10,63.62,836.08,21.40,2.31,0.00,0.00
2012-11-07 18:00:00,124.62,79.37,40.97,4.28,221.28,176.72,44.56,710.12,19.26,1.44,0.00,0.00
2012-11-07 19:00:00,10.54,0.00,10.11,0.42,21.88,10.88,11.00,269.93,16.89,0.95,0.00,0.00
2012-11-07 20:00:00,0.00,0.00,0.00,0.00,0.00,0.00,0.00,0.00,15.12,0.52,1.00,0.00
2012-11-07 21:00:00,0.00,0.00,0.00,0.00,0.00,0.00,0.00,0.00,14.06,0.49,1.00,0.00
2012-11-07 22:00:00,0.00,0.00,0.00,0.00,0.00,0.00,0.00,0.00,12.92,0.53,1.00,0.00
2012-11-07 23:00:00,0.00,0.00,0.00,0.00,0.00,0.00,0.00,0.00,12.44,0.49,1.00,0.00
2012-11-08 00:00:00,0.00,0.00,0.00,0.00,0.00,0.00,0.00,0.00,11.94,0.38,1.00,0.00
2012-11-08 01:00:00,0.00,0.00,0.00,0.00,0.00,0.00,0.00,0.00,11.24,0.26,1.00,0.00
2012-11-08 02:00:00,0.00,0.00,0.00,0.00,0.00,0.00,0.00,0.00,10.69,0.33,1.00,0.00
2012-11-08 03:00:00,0.00,0.00,0.00,0.00,0.00,0.00,0.00,0.00,10.06,0.32,1.00,0.00
2012-11-08 04:00:00,0.00,0.00,0.00,0.00,0.00,0.00,0.00,0.00,9.37,0.43,1.00,0.00
2012-11-08 05:00:00,0.00,0.00,0.00,0.00,0.00,0.00,0.00,0.00,9.65,0.51,1.00,0.00
2012-11-08 06:00:00,8.22,0.00,8.05,0.17,8.76,0.00,8.76,0.00,10.16,0.22,1.00,1.00
2012-11-08 07:00:00,54.49,1.08,52.27,1.14,58.94,2.08,56.86,7.52,11.97,0.24,0.00,1.00
2012-11-08 08:00:00,122.06,3.33,116.20,2.53,130.54,4.14,126.40,8.68,14.02,0.63,0.00,1.00
2012-11-08 09:00:00,376.29,5.54,362.99,7.76,400.92,6.08,394.84,9.27,16.07,0.98,0.00,1.00
2012-11-08 10:00:00,415.49,7.50,399.43,8.56,442.26,7.78,434.48,9.72,18.48,1.32,0.00,1.00
2012-11-08 11:00:00,496.39,12.19,473.97,10.22,527.88,12.32,515.56,13.66,20.26,1.78,0.00,1.00
2012-11-08 12:00:00,1048.19,933.16,94.99,20.05,1035.68,932.36,103.32,978.69,21.18,2.09,0.00,0.00
2012-11-08 13:00:00,1039.27,924.81,94.56,19.90,1027.68,924.82,102.86,974.20,21.77,2.63,0.00,0.00
2012-11-08 14:00:00,640.20,24.48,602.55,13.17,680.22,24.80,655.42,27.80,20.88,2.59,0.00,1.00
2012-11-08 15:00:00,489.94,11.07,468.77,10.10,521.46,11.56,509.90,14.72,19.52,3.01,0.00,1.00
2012-11-08 16:00:00,270.35,5.19,259.58,5.58,288.12,5.76,282.36,9.06,18.42,2.63,0.00,1.00
2012-11-08 17:00:00,107.18,2.98,101.97,2.22,114.74,3.82,110.92,8.42,17.25,2.42,0.00,1.00
2012-11-08 18:00:00,50.92,0.79,49.06,1.07,55.14,1.78,53.36,7.08,16.15,2.05,0.00,1.00
2012-11-08 19:00:00,11.19,0.00,10.74,0.45,23.46,11.78,11.68,271.15,15.48,1.45,0.00,0.00
2012-11-08 20:00:00,0.00,0.00,0.00,0.00,0.00,0.00,0.00,0.00,14.75,1.02,1.00,0.00
2012-11-08 21:00:00,0.00,0.00,0.00,0.00,0.00,0.00,0.00,0.00,14.16,0.78,1.00,0.00
2012-11-08 22:00:00,0.00,0.00,0.00,0.00,0.00,0.00,0.00,0.00,13.68,0.60,1.00,0.00
2012-11-08 23:00:00,0.00,0.00,0.00,0.00,0.00,0.00,0.00,0.00,13.30,0.49,1.00,0.00
2012-11-09 00:00:00,0.00,0.00,0.00,0.00,0.00,0.00,0.00,0.00,13.03,0.39,1.00,0.00
2012-11-09 01:00:00,0.00,0.00,0.00,0.00,0.00,0.00,0.00,0.00,12.63,0.28,1.00,0.00
2012-11-09 02:00:00,0.00,0.00,0.00,0.00,0.00,0.00,0.00,0.00,13.40,0.27,1.00,0.00
2012-11-09 03:00:00,0.00,0.00,0.00,0.00,0.00,0.00,0.00,0.00,13.26,0.38,1.00,0.00
2012-11-09 04:00:00,0.00,0.00,0.00,0.00,0.00,0.00,0.00,0.00,12.06,0.29,1.00,0.00
2012-11-09 05:00:00,0.00,0.00,0.00,0.00,0.00,0.00,0.00,0.00,12.10,0.31,1.00,0.00
2012-11-09 06:00:00,17.23,0.00,16.88,0.36,18.36,0.00,18.36,0.00,11.89,0.40,1.00,0.00
2012-11-09 07:00:00,75.69,1.06,73.05,1.58,81.54,2.08,79.46,7.47,12.49,0.53,0.00,1.00
2012-11-09 08:00:00,400.29,329.54,61.47,9.28,479.24,412.38,66.86,861.20,14.01,0.80,0.00,0.00
2012-11-09 09:00:00,635.54,547.55,74.74,13.25,684.58,603.28,81.30,917.71,15.78,1.25,0.00,0.00
2012-11-09 10:00:00,373.44,7.32,358.43,7.70,397.50,7.62,389.88,9.50,17.50,1.55,0.00,1.00
2012-11-09 11:00:00,121.30,8.60,110.21,2.49,128.60,8.72,119.88,9.65,19.19,1.80,0.00,1.00
2012-11-09 12:00:00,313.91,9.24,298.21,6.46,333.64,9.26,324.38,9.71,20.20,1.98,0.00,1.00
2012-11-09 13:00:00,310.69,9.15,295.14,6.39,330.22,9.18,321.04,9.66,19.98,2.46,0.00,1.00
2012-11-09 14:00:00,509.36,12.89,485.98,10.49,541.72,13.10,528.62,14.66,19.34,2.27,0.00,1.00
2012-11-09 15:00:00,73.10,7.03,64.57,1.50,77.60,7.36,70.24,9.35,18.11,2.36,0.00,1.00
2012-11-09 16:00:00,154.44,5.15,146.10,3.19,164.66,5.74,158.92,9.00,16.98,2.25,0.00,1.00
2012-11-09 17:00:00,47.76,2.97,43.80,1.00,51.46,3.82,47.64,8.38,15.54,1.98,0.00,1.00
2012-11-09 18:00:00,125.69,79.69,41.63,4.38,226.02,180.74,45.28,710.84,14.53,1.40,0.00,0.00
2012-11-09 19:00:00,11.95,0.00,11.45,0.50,25.76,13.30,12.46,285.51,13.77,0.91,0.00,0.00
2012-11-09 20:00:00,0.00,0.00,0.00,0.00,0.00,0.00,0.00,0.00,12.43,0.68,1.00,0.00
2012-11-09 21:00:00,0.00,0.00,0.00,0.00,0.00,0.00,0.00,0.00,11.27,0.69,1.00,0.00
2012-11-09 22:00:00,0.00,0.00,0.00,0.00,0.00,0.00,0.00,0.00,10.43,0.64,1.00,0.00
2012-11-09 23:00:00,0.00,0.00,0.00,0.00,0.00,0.00,0.00,0.00,9.67,0.68,1.00,0.00
2012-11-10 00:00:00,0.00,0.00,0.00,0.00,0.00,0.00,0.00,0.00,9.01,0.61,1.00,0.00
2012-11-10 01:00:00,0.00,0.00,0.00,0.00,0.00,0.00,0.00,0.00,8.51,0.46,1.00,0.00
2012-11-10 02:00:00,0.00,0.00,0.00,0.00,0.00,0.00,0.00,0.00,8.21,0.47,1.00,0.00
2012-11-10 03:00:00,0.00,0.00,0.00,0.00,0.00,0.00,0.00,0.00,8.04,0.51,1.00,0.00
2012-11-10 04:00:00,0.00,0.00,0.00,0.00,0.00,0.00,0.00,0.00,7.43,0.62,1.00,0.00
2012-11-10 05:00:00,0.00,0.00,0.00,0.00,0.00,0.00,0.00,0.00,7.97,0.55,1.00,0.00
2012-11-10 06:00:00,12.54,0.00,12.28,0.26,13.36,0.00,13.36,0.00,9.63,0.40,1.00,1.00
2012-11-10 07:00:00,96.94,1.06,93.86,2.02,104.20,2.10,102.10,7.48,12.30,0.37,0.00,1.00
2012-11-10 08:00:00,399.96,328.96,61.69,9.32,481.26,414.16,67.10,861.88,14.42,0.70,0.00,0.00
2012-11-10 09:00:00,636.05,547.76,74.98,13.31,687.72,606.16,81.56,919.88,17.51,1.24,0.00,0.00
2012-11-10 10:00:00,834.26,732.51,85.13,16.62,858.30,765.70,92.60,952.78,19.78,1.67,0.00,0.00
2012-11-10 11:00:00,976.08,865.06,92.06,18.96,979.56,879.42,100.14,972.08,21.46,1.92,0.00,0.00
2012-11-10 12:00:00,1048.14,932.47,95.52,20.15,1041.06,937.16,103.90,980.93,22.63,2.26,0.00,0.00
2012-11-10 13:00:00,1045.23,929.69,95.43,20.11,1039.00,935.20,103.80,982.11,23.33,2.61,0.00,0.00
2012-11-10 14:00:00,967.39,856.83,91.71,18.84,973.20,873.44,99.76,975.47,23.85,2.75,0.00,0.00
2012-11-10 15:00:00,819.24,718.36,84.49,16.40,847.00,755.10,91.90,957.19,23.30,2.70,0.00,0.00
2012-11-10 16:00:00,615.42,528.43,73.99,13.01,671.94,591.46,80.48,924.58,22.07,2.67,0.00,0.00
2012-11-10 17:00:00,375.38,306.10,60.33,8.94,462.04,396.42,65.62,864.91,20.63,2.29,0.00,0.00
2012-11-10 18:00:00,129.07,82.18,42.36,4.53,233.88,187.80,46.08,730.36,18.47,1.20,0.00,0.00
2012-11-10 19:00:00,12.85,0.00,12.30,0.55,28.62,15.24,13.38,307.59,16.23,0.73,0.00,0.00
2012-11-10 20:00:00,0.00,0.00,0.00,0.00,0.00,0.00,0.00,0.00,14.69,0.24,1.00,0.00
2012-11-10 21:00:00,0.00,0.00,0.00,0.00,0.00,0.00,0.00,0.00,13.48,0.35,1.00,0.00
2012-11-10 22:00:00,0.00,0.00,0.00,0.00,0.00,0.00,0.00,0.00,12.47,0.54,1.00,0.00
2012-11-10 23:00:00,0.00,0.00,0.00,0.00,0.00,0.00,0.00,0.00,11.56,0.70,1.00,0.00
2012-11-11 00:00:00,0.00,0.00,0.00,0.00,0.00,0.00,0.00,0.00,10.69,0.75,1.00,0.00
2012-11-11 01:00:00,0.00,0.00,0.00,0.00,0.00,0.00,0.00,0.00,10.06,0.66,1.00,0.00
2012-11-11 02:00:00,0.00,0.00,0.00,0.00,0.00,0.00,0.00,0.00,9.89,0.64,1.00,0.00
2012-11-11 03:00:00,0.00,0.00,0.00,0.00,0.00,0.00,0.00,0.00,9.59,0.66,1.00,0.00
2012-11-11 04:00:00,0.00,0.00,0.00,0.00,0.00,0.00,0.00,0.00,9.08,0.65,1.00,0.00
2012-11-11 05:00:00,0.00,0.00,0.00,0.00,0.00,0.00,0.00,0.00,10.04,0.63,1.00,0.00
2012-11-11 06:00:00,18.74,0.00,18.35,0.39,19.96,0.00,19.96,0.00,11.70,0.37,1.00,0.00
2012-11-11 07:00:00,165.11,113.83,45.91,5.37,277.42,227.48,49.94,805.21,14.51,0.24,0.00,0.00
2012-11-11 08:00:00,423.95,350.42,63.60,9.93,513.04,443.86,69.18,920.47,17.73,0.61,0.00,0.00
2012-11-11 09:00:00,670.06,578.75,77.22,14.08,727.24,643.24,84.00,974.02,20.61,0.94,0.00,0.00
2012-11-11 10:00:00,875.26,770.15,87.63,17.48,903.12,807.80,95.32,1003.61,23.26,1.39,0.00,0.00
2012-11-11 11:00:00,1021.14,906.56,94.69,19.89,1027.42,924.42,103.00,1020.40,26.35,1.71,0.00,0.00
2012-11-11 12:00:00,1093.56,974.37,98.11,21.08,1088.80,982.08,106.72,1026.57,28.28,2.15,0.00,0.00
2012-11-11 13:00:00,1088.08,969.22,97.87,20.99,1084.18,977.72,106.46,1025.28,29.68,2.38,0.00,0.00
2012-11-11 14:00:00,1005.61,892.03,93.94,19.63,1014.22,912.04,102.18,1016.82,30.44,2.63,0.00,0.00
2012-11-11 15:00:00,851.56,748.03,86.44,17.09,882.94,788.92,94.02,997.76,31.10,2.62,0.00,0.00
2012-11-11 16:00:00,640.34,551.09,75.66,13.58,701.62,619.32,82.30,964.90,29.93,2.54,0.00,0.00
2012-11-11 17:00:00,391.81,320.76,61.67,9.38,484.70,417.62,67.08,906.26,28.43,1.95,0.00,0.00
2012-11-11 18:00:00,134.52,86.49,43.26,4.77,246.30,199.24,47.06,766.81,24.74,0.91,0.00,0.00
2012-11-11 19:00:00,13.93,0.00,13.29,0.63,32.78,18.32,14.46,347.73,21.94,0.62,0.00,0.00
2012-11-11 20:00:00,0.00,0.00,0.00,0.00,0.00,0.00,0.00,0.00,19.43,0.72,1.00,0.00
2012-11-11 21:00:00,0.00,0.00,0.00,0.00,0.00,0.00,0.00,0.00,17.66,0.88,1.00,0.00
2012-11-11 22:00:00,0.00,0.00,0.00,0.00,0.00,0.00,0.00,0.00,15.91,1.17,1.00,0.00
2012-11-11 23:00:00,0.00,0.00,0.00,0.00,0.00,0.00,0.00,0.00,14.46,1.36,1.00,0.00
2012-11-12 00:00:00,0.00,0.00,0.00,0.00,0.00,0.00,0.00,0.00,13.43,1.28,1.00,0.00
2012-11-12 01:00:00,0.00,0.00,0.00,0.00,0.00,0.00,0.00,0.00,12.74,1.17,1.00,0.00
2012-11-12 02:00:00,0.00,0.00,0.00,0.00,0.00,0.00,0.00,0.00,12.11,1.03,1.00,0.00
2012-11-12 03:00:00,0.00,0.00,0.00,0.00,0.00,0.00,0.00,0.00,11.54,0.92,1.00,0.00
2012-11-12 04:00:00,0.00,0.00,0.00,0.00,0.00,0.00,0.00,0.00,11.12,0.86,1.00,0.00
2012-11-12 05:00:00,0.00,0.00,0.00,0.00,0.00,0.00,0.00,0.00,11.78,0.84,1.00,0.00
2012-11-12 06:00:00,19.30,0.00,18.90,0.40,20.56,0.00,20.56,0.00,14.07,0.55,1.00,0.00
2012-11-12 07:00:00,164.54,113.07,46.08,5.39,278.64,228.52,50.12,803.18,17.10,0.16,0.00,0.00
2012-11-12 08:00:00,420.33,346.91,63.53,9.90,511.18,442.08,69.10,913.59,21.07,0.48,0.00,0.00
2012-11-12 09:00:00,663.38,572.39,77.00,13.99,722.60,638.84,83.76,965.26,23.62,0.90,0.00,0.00
2012-11-12 10:00:00,865.11,760.59,87.19,17.33,895.34,800.50,94.84,993.01,25.79,1.22,0.00,0.00
2012-11-12 11:00:00,1007.61,893.86,94.07,19.68,1016.56,914.24,102.32,1007.77,28.24,1.74,0.00,0.00
2012-11-12 12:00:00,1072.72,954.85,97.14,20.73,1070.84,965.18,105.66,1007.58,29.81,2.13,0.00,0.00
2012-11-12 13:00:00,1062.05,944.91,96.60,20.54,1060.96,955.88,105.08,1000.95,30.35,2.59,0.00,0.00
2012-11-12 14:00:00,976.89,865.24,92.52,19.12,987.88,887.24,100.64,987.48,29.43,2.85,0.00,0.00
2012-11-12 15:00:00,823.99,722.38,85.02,16.59,856.88,764.40,92.48,964.54,28.40,2.99,0.00,0.00
2012-11-12 16:00:00,617.15,529.64,74.37,13.14,678.50,597.60,80.90,927.96,26.94,2.85,0.00,0.00
2012-11-12 17:00:00,375.95,306.27,60.64,9.04,466.84,400.88,65.96,865.28,25.08,2.67,0.00,0.00
2012-11-12 18:00:00,133.11,85.15,43.23,4.73,244.46,197.44,47.02,751.60,22.51,1.50,0.00,0.00
2012-11-12 19:00:00,14.81,0.00,14.12,0.69,35.78,20.42,15.36,365.81,19.42,0.89,0.00,0.00
2012-11-12 20:00:00,0.00,0.00,0.00,0.00,0.00,0.00,0.00,0.00,16.88,0.42,1.00,0.00
2012-11-12 21:00:00,0.00,0.00,0.00,0.00,0.00,0.00,0.00,0.00,15.26,0.49,1.00,0.00
2012-11-12 22:00:00,0.00,0.00,0.00,0.00,0.00,0.00,0.00,0.00,13.84,0.81,1.00,0.00
2012-11-12 23:00:00,0.00,0.00,0.00,0.00,0.00,0.00,0.00,0.00,12.84,0.77,1.00,0.00
2012-11-13 00:00:00,0.00,0.00,0.00,0.00,0.00,0.00,0.00,0.00,11.85,0.83,1.00,0.00
2012-11-13 01:00:00,0.00,0.00,0.00,0.00,0.00,0.00,0.00,0.00,10.98,0.58,1.00,0.00
2012-11-13 02:00:00,0.00,0.00,0.00,0.00,0.00,0.00,0.00,0.00,10.37,0.47,1.00,0.00
2012-11-13 03:00:00,0.00,0.00,0.00,0.00,0.00,0.00,0.00,0.00,9.75,0.48,1.00,0.00
2012-11-13 04:00:00,0.00,0.00,0.00,0.00,0.00,0.00,0.00,0.00,9.00,0.49,1.00,0.00
2012-11-13 05:00:00,0.00,0.00,0.00,0.00,0.00,0.00,0.00,0.00,9.88,0.40,1.00,0.00
2012-11-13 06:00:00,19.49,0.00,19.09,0.40,20.76,0.00,20.76,0.00,11.63,0.27,1.00,0.00
2012-11-13 07:00:00,159.66,108.64,45.75,5.27,272.00,222.24,49.76,776.55,14.29,0.13,0.00,0.00
2012-11-13 08:00:00,410.11,337.38,63.03,9.70,501.02,432.46,68.56,890.90,17.30,0.65,0.00,0.00
2012-11-13 09:00:00,650.02,559.85,76.42,13.76,710.58,627.46,83.12,946.19,20.76,1.07,0.00,0.00
2012-11-13 10:00:00,850.62,746.91,86.62,17.09,883.00,788.78,94.22,976.97,23.75,1.45,0.00,0.00
2012-11-13 11:00:00,993.47,880.45,93.57,19.46,1004.94,903.16,101.78,994.35,26.55,1.87,0.00,0.00
2012-11-13 12:00:00,1060.94,943.66,96.73,20.55,1061.66,956.44,105.22,997.26,28.24,2.36,0.00,0.00
2012-11-13 13:00:00,1052.94,936.22,96.31,20.41,1054.40,949.64,104.76,993.08,29.31,2.71,0.00,0.00
2012-11-13 14:00:00,970.04,858.68,92.32,19.04,983.46,883.04,100.42,981.14,28.46,3.01,0.00,0.00
2012-11-13 15:00:00,818.67,717.21,84.93,16.53,853.68,761.30,92.38,958.57,27.35,3.24,0.00,0.00
2012-11-13 16:00:00,613.35,525.88,74.37,13.10,676.54,595.64,80.90,921.87,25.71,2.93,0.00,0.00
2012-11-13 17:00:00,373.89,304.12,60.75,9.02,466.14,400.06,66.08,858.92,24.17,2.54,0.00,0.00
2012-11-13 18:00:00,131.87,83.87,43.30,4.70,242.92,195.82,47.10,737.86,21.71,1.42,0.00,0.00
2012-11-13 19:00:00,15.36,0.00,14.65,0.71,36.58,20.64,15.94,351.12,18.91,0.79,0.00,0.00
2012-11-13 20:00:00,0.00,0.00,0.00,0.00,0.00,0.00,0.00,0.00,16.61,0.32,1.00,0.00
2012-11-13 21:00:00,0.00,0.00,0.00,0.00,0.00,0.00,0.00,0.00,15.04,0.34,1.00,0.00
2012-11-13 22:00:00,0.00,0.00,0.00,0.00,0.00,0.00,0.00,0.00,13.53,0.67,1.00,0.00
2012-11-13 23:00:00,0.00,0.00,0.00,0.00,0.00,0.00,0.00,0.00,12.44,0.69,1.00,0.00
2012-11-14 00:00:00,0.00,0.00,0.00,0.00,0.00,0.00,0.00,0.00,11.56,0.75,1.00,0.00
2012-11-14 01:00:00,0.00,0.00,0.00,0.00,0.00,0.00,0.00,0.00,10.80,0.64,1.00,0.00
2012-11-14 02:00:00,0.00,0.00,0.00,0.00,0.00,0.00,0.00,0.00,10.13,0.59,1.00,0.00
2012-11-14 03:00:00,0.00,0.00,0.00,0.00,0.00,0.00,0.00,0.00,9.51,0.59,1.00,0.00
2012-11-14 04:00:00,0.00,0.00,0.00,0.00,0.00,0.00,0.00,0.00,9.00,0.60,1.00,0.00
2012-11-14 05:00:00,0.00,0.00,0.00,0.00,0.00,0.00,0.00,0.00,9.86,0.41,1.00,0.00
2012-11-14 06:00:00,15.45,0.00,15.13,0.32,16.46,0.00,16.46,0.00,11.81,0.30,1.00,1.00
2012-11-14 07:00:00,158.82,107.70,45.84,5.28,272.70,222.84,49.86,774.12,14.26,0.13,0.00,0.00
2012-11-14 08:00:00,407.04,334.41,62.96,9.67,499.64,431.16,68.48,885.72,16.86,0.68,0.00,0.00
2012-11-14 09:00:00,645.14,555.23,76.21,13.70,707.76,624.86,82.90,940.60,19.76,1.14,0.00,0.00
2012-11-14 10:00:00,844.55,741.19,86.34,17.02,879.20,785.28,93.92,971.40,22.64,1.62,0.00,0.00
2012-11-14 11:00:00,986.35,873.78,93.20,19.37,1000.32,898.94,101.38,988.52,25.14,2.01,0.00,0.00
2012-11-14 12:00:00,1052.24,935.48,96.33,20.43,1055.50,950.72,104.78,990.13,26.69,2.52,0.00,0.00
2012-11-14 13:00:00,1043.20,927.05,95.87,20.27,1047.14,942.86,104.28,984.69,27.93,3.00,0.00,0.00
2012-11-14 14:00:00,960.41,849.63,91.88,18.90,976.16,876.22,99.94,971.92,27.37,3.26,0.00,0.00
2012-11-14 15:00:00,812.18,711.12,84.62,16.44,849.24,757.20,92.04,951.25,26.54,3.09,0.00,0.00
2012-11-14 16:00:00,609.53,522.27,74.21,13.06,674.46,593.74,80.72,915.91,25.01,2.85,0.00,0.00
2012-11-14 17:00:00,372.50,302.78,60.69,9.03,466.20,400.18,66.02,854.65,23.48,2.44,0.00,0.00
2012-11-14 18:00:00,132.21,84.05,43.43,4.73,244.54,197.30,47.24,735.52,21.24,1.38,0.00,0.00
2012-11-14 19:00:00,16.09,0.00,15.33,0.75,38.90,22.22,16.68,358.85,18.43,0.81,0.00,0.00
2012-11-14 20:00:00,0.00,0.00,0.00,0.00,0.00,0.00,0.00,0.00,16.87,0.28,1.00,0.00
2012-11-14 21:00:00,0.00,0.00,0.00,0.00,0.00,0.00,0.00,0.00,15.51,0.16,1.00,0.00
2012-11-14 22:00:00,0.00,0.00,0.00,0.00,0.00,0.00,0.00,0.00,13.92,0.52,1.00,0.00
2012-11-14 23:00:00,0.00,0.00,0.00,0.00,0.00,0.00,0.00,0.00,13.13,0.67,1.00,0.00
2012-11-15 00:00:00,0.00,0.00,0.00,0.00,0.00,0.00,0.00,0.00,12.25,0.70,1.00,0.00
2012-11-15 01:00:00,0.00,0.00,0.00,0.00,0.00,0.00,0.00,0.00,11.03,0.67,1.00,0.00
2012-11-15 02:00:00,0.00,0.00,0.00,0.00,0.00,0.00,0.00,0.00,10.79,0.69,1.00,0.00
2012-11-15 03:00:00,0.00,0.00,0.00,0.00,0.00,0.00,0.00,0.00,10.38,0.63,1.00,0.00
2012-11-15 04:00:00,0.00,0.00,0.00,0.00,0.00,0.00,0.00,0.00,9.66,0.54,1.00,0.00
2012-11-15 05:00:00,0.00,0.00,0.00,0.00,0.00,0.00,0.00,0.00,10.38,0.56,1.00,0.00
2012-11-15 06:00:00,15.73,0.00,15.41,0.32,16.76,0.00,16.76,0.00,11.72,0.41,1.00,1.00
2012-11-15 07:00:00,160.21,108.70,46.13,5.38,277.66,227.48,50.18,785.68,14.48,0.11,0.00,0.00
2012-11-15 08:00:00,410.36,337.29,63.27,9.80,506.26,437.44,68.82,896.37,17.23,0.56,0.00,0.00
2012-11-15 09:00:00,647.99,557.73,76.45,13.81,713.36,630.20,83.16,946.97,20.19,0.95,0.00,0.00
2012-11-15 10:00:00,845.66,742.09,86.47,17.09,882.90,788.84,94.06,974.57,23.60,1.35,0.00,0.00
2012-11-15 11:00:00,985.23,872.61,93.22,19.39,1001.70,900.30,101.40,988.91,25.92,1.84,0.00,0.00
2012-11-15 12:00:00,1049.28,932.62,96.24,20.43,1055.08,950.40,104.68,988.65,26.86,2.24,0.00,0.00
2012-11-15 13:00:00,1039.13,923.17,95.72,20.24,1045.52,941.40,104.12,981.88,27.69,2.73,0.00,0.00
2012-11-15 14:00:00,955.77,845.22,91.69,18.85,973.76,874.02,99.74,967.95,26.94,3.00,0.00,0.00
2012-11-15 15:00:00,808.73,707.82,84.49,16.42,847.94,756.04,91.90,947.66,26.23,2.96,0.00,0.00
2012-11-15 16:00:00,607.79,520.62,74.12,13.06,674.58,593.96,80.62,913.44,24.98,2.77,0.00,0.00
2012-11-15 17:00:00,372.01,302.27,60.69,9.05,467.42,401.40,66.02,853.04,23.46,2.40,0.00,0.00
2012-11-15 18:00:00,132.65,84.32,43.56,4.77,246.34,198.96,47.38,734.34,21.41,1.46,0.00,0.00
2012-11-15 19:00:00,16.70,0.00,15.90,0.79,41.06,23.76,17.30,365.23,19.09,0.84,0.00,0.00
2012-11-15 20:00:00,0.00,0.00,0.00,0.00,0.00,0.00,0.00,0.00,17.63,0.41,1.00,0.00
2012-11-15 21:00:00,0.00,0.00,0.00,0.00,0.00,0.00,0.00,0.00,16.52,0.29,1.00,0.00
2012-11-15 22:00:00,0.00,0.00,0.00,0.00,0.00,0.00,0.00,0.00,15.66,0.22,1.00,0.00
2012-11-15 23:00:00,0.00,0.00,0.00,0.00,0.00,0.00,0.00,0.00,15.08,0.26,1.00,0.00
2012-11-16 00:00:00,0.00,0.00,0.00,0.00,0.00,0.00,0.00,0.00,14.59,0.28,1.00,0.00
2012-11-16 01:00:00,0.00,0.00,0.00,0.00,0.00,0.00,0.00,0.00,14.06,0.29,1.00,0.00
2012-11-16 02:00:00,0.00,0.00,0.00,0.00,0.00,0.00,0.00,0.00,13.38,0.37,1.00,0.00
2012-11-16 03:00:00,0.00,0.00,0.00,0.00,0.00,0.00,0.00,0.00,12.69,0.40,1.00,0.00
2012-11-16 04:00:00,0.00,0.00,0.00,0.00,0.00,0.00,0.00,0.00,11.83,0.49,1.00,0.00
2012-11-16 05:00:00,0.00,0.00,0.00,0.00,0.00,0.00,0.00,0.00,11.40,0.42,1.00,0.00
2012-11-16 06:00:00,12.30,0.00,12.04,0.25,13.10,0.00,13.10,0.00,11.95,0.16,1.00,1.00
2012-11-16 07:00:00,61.18,1.04,58.86,1.28,66.22,2.20,64.02,7.56,13.92,0.28,0.00,1.00
2012-11-16 08:00:00,96.54,3.27,91.27,2.00,103.54,4.26,99.28,8.70,15.46,0.74,0.00,1.00
2012-11-16 09:00:00,143.14,5.43,134.76,2.96,152.74,6.16,146.58,9.24,17.76,1.24,0.00,1.00
2012-11-16 10:00:00,159.05,7.28,148.49,3.28,169.28,7.76,161.52,9.57,19.77,1.66,0.00,1.00
2012-11-16 11:00:00,223.45,8.58,210.27,4.60,237.60,8.88,228.72,9.74,20.98,2.03,0.00,1.00
2012-11-16 12:00:00,251.36,9.22,236.97,5.17,267.18,9.42,257.76,9.79,21.19,2.35,0.00,1.00
2012-11-16 13:00:00,1030.72,915.14,95.46,20.12,1039.42,935.58,103.84,974.61,21.09,2.88,0.00,0.00
2012-11-16 14:00:00,640.85,24.09,603.56,13.19,681.50,24.98,656.52,27.62,20.67,2.89,0.00,1.00
2012-11-16 15:00:00,324.50,7.04,310.77,6.69,345.58,7.54,338.04,9.43,19.77,2.93,0.00,1.00
2012-11-16 16:00:00,322.43,5.19,310.59,6.66,343.78,5.94,337.84,9.11,18.86,2.67,0.00,1.00
2012-11-16 17:00:00,143.93,3.01,137.94,2.98,154.06,4.02,150.04,8.50,17.72,2.26,0.00,1.00
2012-11-16 18:00:00,72.99,0.84,70.62,1.53,78.82,2.00,76.82,7.30,16.26,1.51,0.00,1.00
2012-11-16 19:00:00,17.27,0.00,16.44,0.84,43.18,25.30,17.88,371.98,14.47,0.99,0.00,0.00
2012-11-16 20:00:00,0.00,0.00,0.00,0.00,0.00,0.00,0.00,0.00,13.46,0.64,1.00,0.00
2012-11-16 21:00:00,0.00,0.00,0.00,0.00,0.00,0.00,0.00,0.00,12.34,0.54,1.00,0.00
2012-11-16 22:00:00,0.00,0.00,0.00,0.00,0.00,0.00,0.00,0.00,12.03,0.38,1.00,0.00
2012-11-16 23:00:00,0.00,0.00,0.00,0.00,0.00,0.00,0.00,0.00,11.70,0.35,1.00,0.00
2012-11-17 00:00:00,0.00,0.00,0.00,0.00,0.00,0.00,0.00,0.00,11.21,0.29,1.00,0.00
2012-11-17 01:00:00,0.00,0.00,0.00,0.00,0.00,0.00,0.00,0.00,10.68,0.29,1.00,0.00
2012-11-17 02:00:00,0.00,0.00,0.00,0.00,0.00,0.00,0.00,0.00,10.35,0.26,1.00,0.00
2012-11-17 03:00:00,0.00,0.00,0.00,0.00,0.00,0.00,0.00,0.00,10.06,0.32,1.00,0.00
2012-11-17 04:00:00,0.00,0.00,0.00,0.00,0.00,0.00,0.00,0.00,9.06,0.45,1.00,0.00
2012-11-17 05:00:00,0.00,0.00,0.00,0.00,0.00,0.00,0.00,0.00,8.84,0.42,1.00,0.00
2012-11-17 06:00:00,20.76,0.00,20.34,0.43,22.12,0.00,22.12,0.00,10.50,0.29,1.00,0.00
2012-11-17 07:00:00,48.85,1.05,46.78,1.03,53.12,2.24,50.88,7.66,13.10,0.28,0.00,1.00
2012-11-17 08:00:00,123.78,3.28,117.93,2.57,132.58,4.30,128.28,8.77,15.34,0.69,0.00,1.00
2012-11-17 09:00:00,635.45,545.51,76.30,13.64,704.32,621.32,83.00,930.90,18.41,1.17,0.00,0.00
2012-11-17 10:00:00,833.53,730.17,86.42,16.94,875.08,781.08,94.00,962.79,21.27,1.43,0.00,0.00
2012-11-17 11:00:00,975.33,862.71,93.33,19.29,996.50,894.98,101.52,981.13,23.62,1.78,0.00,0.00
2012-11-17 12:00:00,1047.12,929.88,96.77,20.48,1057.72,952.46,105.26,988.74,25.24,2.18,0.00,0.00
2012-11-17 13:00:00,1044.22,927.15,96.64,20.43,1055.36,950.24,105.12,988.68,26.45,2.46,0.00,0.00
2012-11-17 14:00:00,966.97,854.82,92.98,19.16,989.82,888.68,101.14,981.03,27.32,2.72,0.00,0.00
2012-11-17 15:00:00,821.84,719.19,85.88,16.77,866.04,772.62,93.42,964.26,26.63,2.70,0.00,0.00
2012-11-17 16:00:00,621.06,532.03,75.61,13.42,693.42,611.18,82.24,933.84,25.14,2.62,0.00,0.00
2012-11-17 17:00:00,383.42,311.84,62.18,9.40,485.40,417.76,67.64,878.62,23.85,2.29,0.00,0.00
2012-11-17 18:00:00,136.94,87.37,44.61,4.96,256.44,207.92,48.52,752.04,21.62,1.43,0.00,0.00
2012-11-17 19:00:00,18.16,0.00,17.27,0.90,46.46,27.68,18.78,389.04,19.11,0.65,0.00,0.00
2012-11-17 20:00:00,0.00,0.00,0.00,0.00,0.00,0.00,0.00,0.00,17.14,0.30,1.00,0.00
2012-11-17 21:00:00,0.00,0.00,0.00,0.00,0.00,0.00,0.00,0.00,16.03,0.32,1.00,0.00
2012-11-17 22:00:00,0.00,0.00,0.00,0.00,0.00,0.00,0.00,0.00,14.70,0.53,1.00,0.00
2012-11-17 23:00:00,0.00,0.00,0.00,0.00,0.00,0.00,0.00,0.00,13.56,0.67,1.00,0.00
2012-11-18 00:00:00,0.00,0.00,0.00,0.00,0.00,0.00,0.00,0.00,12.42,0.69,1.00,0.00
2012-11-18 01:00:00,0.00,0.00,0.00,0.00,0.00,0.00,0.00,0.00,11.51,0.75,1.00,0.00
2012-11-18 02:00:00,0.00,0.00,0.00,0.00,0.00,0.00,0.00,0.00,10.81,0.70,1.00,0.00
2012-11-18 03:00:00,0.00,0.00,0.00,0.00,0.00,0.00,0.00,0.00,9.84,0.70,1.00,0.00
2012-11-18 04:00:00,0.00,0.00,0.00,0.00,0.00,0.00,0.00,0.00,9.30,0.62,1.00,0.00
2012-11-18 05:00:00,0.00,0.00,0.00,0.00,0.00,0.00,0.00,0.00,10.64,0.55,1.00,0.00
2012-11-18 06:00:00,21.46,0.00,21.02,0.44,22.86,0.00,22.86,0.00,13.06,0.34,1.00,0.00
2012-11-18 07:00:00,161.13,108.62,46.96,5.55,286.52,235.44,51.08,801.62,16.92,0.31,0.00,0.00
2012-11-18 08:00:00,412.91,338.79,64.11,10.00,516.64,446.90,69.74,909.24,20.81,0.72,0.00,0.00
2012-11-18 09:00:00,653.69,562.17,77.44,14.07,727.00,642.76,84.24,961.71,23.96,1.10,0.00,0.00
2012-11-18 10:00:00,855.08,750.00,87.65,17.43,900.10,804.76,95.34,990.98,26.48,1.42,0.00,0.00
2012-11-18 11:00:00,998.50,884.13,94.58,19.80,1022.56,919.68,102.88,1007.26,29.12,1.81,0.00,0.00
2012-11-18 12:00:00,1068.88,949.99,97.95,20.95,1082.02,975.48,106.54,1011.66,30.77,2.26,0.00,0.00
2012-11-18 13:00:00,1063.24,944.71,97.69,20.85,1076.90,970.64,106.26,1008.70,31.82,2.51,0.00,0.00
2012-11-18 14:00:00,982.54,869.20,93.83,19.51,1007.96,905.90,102.06,998.50,31.33,2.77,0.00,0.00
2012-11-18 15:00:00,834.54,730.83,86.64,17.07,881.56,787.32,94.24,980.57,30.70,2.89,0.00,0.00
2012-11-18 16:00:00,630.27,540.40,76.21,13.66,705.76,622.86,82.90,948.82,29.27,2.74,0.00,0.00
2012-11-18 17:00:00,389.34,317.08,62.68,9.58,494.72,426.54,68.18,892.77,27.80,2.43,0.00,0.00
2012-11-18 18:00:00,141.25,90.79,45.30,5.15,266.06,216.78,49.28,776.55,24.65,1.31,0.00,0.00
2012-11-18 19:00:00,19.16,0.00,18.17,1.00,51.52,31.76,19.76,428.56,21.67,0.51,0.00,0.00
2012-11-18 20:00:00,0.00,0.00,0.00,0.00,0.00,0.00,0.00,0.00,19.46,0.38,1.00,0.00
2012-11-18 21:00:00,0.00,0.00,0.00,0.00,0.00,0.00,0.00,0.00,18.18,0.55,1.00,0.00
2012-11-18 22:00:00,0.00,0.00,0.00,0.00,0.00,0.00,0.00,0.00,16.83,0.86,1.00,0.00
2012-11-18 23:00:00,0.00,0.00,0.00,0.00,0.00,0.00,0.00,0.00,15.75,0.94,1.00,0.00
2012-11-19 00:00:00,0.00,0.00,0.00,0.00,0.00,0.00,0.00,0.00,14.71,1.05,1.00,0.00
2012-11-19 01:00:00,0.00,0.00,0.00,0.00,0.00,0.00,0.00,0.00,13.72,1.04,1.00,0.00
2012-11-19 02:00:00,0.00,0.00,0.00,0.00,0.00,0.00,0.00,0.00,12.88,0.96,1.00,0.00
2012-11-19 03:00:00,0.00,0.00,0.00,0.00,0.00,0.00,0.00,0.00,11.91,0.85,1.00,0.00
2012-11-19 04:00:00,0.00,0.00,0.00,0.00,0.00,0.00,0.00,0.00,11.21,0.84,1.00,0.00
2012-11-19 05:00:00,0.00,0.00,0.00,0.00,0.00,0.00,0.00,0.00,11.89,0.68,1.00,0.00
2012-11-19 06:00:00,21.82,0.00,21.37,0.45,23.24,0.00,23.24,0.00,14.09,0.43,1.00,0.00
2012-11-19 07:00:00,161.46,108.64,47.22,5.61,289.72,238.36,51.36,808.34,17.58,0.24,0.00,0.00
2012-11-19 08:00:00,414.16,339.71,64.37,10.08,520.60,450.58,70.02,915.03,21.27,0.65,0.00,0.00
2012-11-19 09:00:00,654.12,562.32,77.67,14.13,729.88,645.40,84.48,964.54,24.00,1.09,0.00,0.00
2012-11-19 10:00:00,854.17,748.94,87.78,17.45,901.54,806.06,95.48,991.71,26.23,1.38,0.00,0.00
2012-11-19 11:00:00,995.87,881.45,94.64,19.79,1022.20,919.26,102.94,1006.02,28.62,1.84,0.00,0.00
2012-11-19 12:00:00,1063.20,944.52,97.80,20.88,1078.58,972.20,106.38,1007.35,30.14,2.30,0.00,0.00
2012-11-19 13:00:00,1055.46,937.32,97.39,20.74,1071.28,965.34,105.94,1002.07,31.06,2.70,0.00,0.00
2012-11-19 14:00:00,973.56,860.72,93.46,19.38,1000.92,899.26,101.66,989.74,30.52,2.96,0.00,0.00
2012-11-19 15:00:00,825.27,722.14,86.22,16.92,873.84,780.06,93.78,969.52,29.89,3.09,0.00,0.00
2012-11-19 16:00:00,622.32,532.98,75.81,13.53,698.66,616.20,82.46,935.68,28.80,2.90,0.00,0.00
2012-11-19 17:00:00,383.88,312.06,62.35,9.47,489.20,421.38,67.82,877.47,27.19,2.55,0.00,0.00
2012-11-19 18:00:00,140.99,90.50,45.34,5.15,265.96,216.64,49.32,768.21,24.51,1.48,0.00,0.00
2012-11-19 19:00:00,19.78,0.00,18.74,1.04,53.94,33.56,20.38,435.47,21.53,0.64,0.00,0.00
2012-11-19 20:00:00,0.00,0.00,0.00,0.00,0.00,0.00,0.00,0.00,18.98,0.22,1.00,0.00
2012-11-19 21:00:00,0.00,0.00,0.00,0.00,0.00,0.00,0.00,0.00,17.31,0.41,1.00,0.00
2012-11-19 22:00:00,0.00,0.00,0.00,0.00,0.00,0.00,0.00,0.00,15.67,0.76,1.00,0.00
2012-11-19 23:00:00,0.00,0.00,0.00,0.00,0.00,0.00,0.00,0.00,14.75,0.98,1.00,0.00
2012-11-20 00:00:00,0.00,0.00,0.00,0.00,0.00,0.00,0.00,0.00,14.03,0.82,1.00,0.00
2012-11-20 01:00:00,0.00,0.00,0.00,0.00,0.00,0.00,0.00,0.00,13.42,0.71,1.00,0.00
2012-11-20 02:00:00,0.00,0.00,0.00,0.00,0.00,0.00,0.00,0.00,12.58,0.64,1.00,0.00
2012-11-20 03:00:00,0.00,0.00,0.00,0.00,0.00,0.00,0.00,0.00,11.90,0.56,1.00,0.00
2012-11-20 04:00:00,0.00,0.00,0.00,0.00,0.00,0.00,0.00,0.00,11.28,0.56,1.00,0.00
2012-11-20 05:00:00,0.00,0.00,0.00,0.00,0.00,0.00,0.00,0.00,11.69,0.53,1.00,0.00
2012-11-20 06:00:00,21.89,0.00,21.44,0.45,23.32,0.00,23.32,0.00,13.88,0.28,1.00,0.00
2012-11-20 07:00:00,156.67,104.34,46.85,5.47,282.68,231.72,50.96,783.17,16.67,0.22,0.00,0.00
2012-11-20 08:00:00,402.66,329.07,63.75,9.84,508.22,438.88,69.34,889.62,20.25,0.69,0.00,0.00
2012-11-20 09:00:00,639.10,548.32,76.93,13.85,715.34,631.66,83.68,943.09,22.85,1.14,0.00,0.00
2012-11-20 10:00:00,837.04,732.92,86.97,17.15,885.76,791.16,94.60,972.53,24.97,1.47,0.00,0.00
2012-11-20 11:00:00,978.35,865.04,93.83,19.49,1006.54,904.48,102.06,989.08,27.17,2.01,0.00,0.00
2012-11-20 12:00:00,1044.62,927.13,96.93,20.56,1061.96,956.52,105.44,990.26,28.60,2.46,0.00,0.00
2012-11-20 13:00:00,1036.98,920.07,96.49,20.42,1054.68,949.72,104.96,984.81,29.14,2.88,0.00,0.00
2012-11-20 14:00:00,955.99,844.32,92.60,19.07,985.00,884.28,100.72,971.78,28.33,3.09,0.00,0.00
2012-11-20 15:00:00,811.02,708.88,85.48,16.66,860.72,767.74,92.98,952.25,27.52,3.13,0.00,0.00
2012-11-20 16:00:00,611.72,523.17,75.22,13.33,688.52,606.70,81.82,918.51,26.26,2.89,0.00,0.00
2012-11-20 17:00:00,377.76,306.47,61.94,9.34,482.68,415.30,67.38,860.42,24.96,2.45,0.00,0.00
2012-11-20 18:00:00,139.52,89.23,45.19,5.10,263.26,214.10,49.16,752.06,22.69,1.50,0.00,0.00
2012-11-20 19:00:00,20.22,0.00,19.16,1.06,55.00,34.16,20.84,425.94,20.29,0.85,0.00,0.00
2012-11-20 20:00:00,0.00,0.00,0.00,0.00,0.00,0.00,0.00,0.00,18.40,0.33,1.00,0.00
2012-11-20 21:00:00,0.00,0.00,0.00,0.00,0.00,0.00,0.00,0.00,17.00,0.31,1.00,0.00
2012-11-20 22:00:00,0.00,0.00,0.00,0.00,0.00,0.00,0.00,0.00,15.55,0.47,1.00,0.00
2012-11-20 23:00:00,0.00,0.00,0.00,0.00,0.00,0.00,0.00,0.00,14.75,0.54,1.00,0.00
2012-11-21 00:00:00,0.00,0.00,0.00,0.00,0.00,0.00,0.00,0.00,13.88,0.47,1.00,0.00
2012-11-21 01:00:00,0.00,0.00,0.00,0.00,0.00,0.00,0.00,0.00,12.99,0.41,1.00,0.00
2012-11-21 02:00:00,0.00,0.00,0.00,0.00,0.00,0.00,0.00,0.00,12.33,0.41,1.00,0.00
2012-11-21 03:00:00,0.00,0.00,0.00,0.00,0.00,0.00,0.00,0.00,11.61,0.38,1.00,0.00
2012-11-21 04:00:00,0.00,0.00,0.00,0.00,0.00,0.00,0.00,0.00,11.20,0.28,1.00,0.00
2012-11-21 05:00:00,0.00,0.00,0.00,0.00,0.00,0.00,0.00,0.00,11.82,0.23,1.00,0.00
2012-11-21 06:00:00,9.76,0.00,9.56,0.20,10.40,0.00,10.40,0.00,13.38,0.08,1.00,1.00
2012-11-21 07:00:00,48.75,1.02,46.70,1.03,53.10,2.30,50.80,7.75,15.53,0.40,0.00,1.00
2012-11-21 08:00:00,102.05,3.24,96.70,2.12,109.52,4.34,105.18,8.78,18.06,0.89,0.00,1.00
2012-11-21 09:00:00,630.50,540.41,76.38,13.71,707.94,624.86,83.08,932.03,20.05,1.34,0.00,0.00
2012-11-21 10:00:00,825.87,722.56,86.34,16.96,876.18,782.26,93.92,960.87,21.98,1.67,0.00,0.00
2012-11-21 11:00:00,965.24,852.84,93.13,19.27,995.24,893.94,101.30,976.88,23.78,2.16,0.00,0.00
2012-11-21 12:00:00,1033.67,916.90,96.38,20.39,1053.02,948.18,104.84,980.81,24.60,2.58,0.00,0.00
2012-11-21 13:00:00,1028.36,911.93,96.14,20.29,1048.08,943.50,104.58,977.29,25.18,3.02,0.00,0.00
2012-11-21 14:00:00,950.33,838.94,92.39,18.99,981.16,880.66,100.50,966.42,24.51,3.18,0.00,0.00
2012-11-21 15:00:00,806.41,704.45,85.35,16.61,857.74,764.90,92.84,946.67,23.65,3.29,0.00,0.00
2012-11-21 16:00:00,608.82,520.36,75.16,13.30,686.94,605.18,81.76,913.49,22.40,3.05,0.00,0.00
2012-11-21 17:00:00,376.41,305.09,61.98,9.34,482.32,414.90,67.42,855.53,21.27,2.66,0.00,0.00
2012-11-21 18:00:00,139.50,89.15,45.25,5.10,263.46,214.24,49.22,745.54,19.96,2.08,0.00,0.00
2012-11-21 19:00:00,20.66,0.00,19.56,1.09,56.52,35.24,21.28,423.78,18.90,1.42,0.00,0.00
2012-11-21 20:00:00,0.00,0.00,0.00,0.00,0.00,0.00,0.00,0.00,17.65,0.91,1.00,0.00
2012-11-21 21:00:00,0.00,0.00,0.00,0.00,0.00,0.00,0.00,0.00,16.54,0.66,1.00,0.00
2012-11-21 22:00:00,0.00,0.00,0.00,0.00,0.00,0.00,0.00,0.00,15.93,0.30,1.00,0.00
2012-11-21 23:00:00,0.00,0.00,0.00,0.00,0.00,0.00,0.00,0.00,15.77,0.22,1.00,0.00
2012-11-22 00:00:00,0.00,0.00,0.00,0.00,0.00,0.00,0.00,0.00,15.48,0.23,1.00,0.00
2012-11-22 01:00:00,0.00,0.00,0.00,0.00,0.00,0.00,0.00,0.00,14.60,0.23,1.00,0.00
2012-11-22 02:00:00,0.00,0.00,0.00,0.00,0.00,0.00,0.00,0.00,14.12,0.17,1.00,0.00
2012-11-22 03:00:00,0.00,0.00,0.00,0.00,0.00,0.00,0.00,0.00,13.41,0.43,1.00,0.00
2012-11-22 04:00:00,0.00,0.00,0.00,0.00,0.00,0.00,0.00,0.00,12.47,0.47,1.00,0.00
2012-11-22 05:00:00,0.00,0.00,0.00,0.00,0.00,0.00,0.00,0.00,12.22,0.42,1.00,0.00
2012-11-22 06:00:00,16.46,0.00,16.13,0.34,17.54,0.00,17.54,0.00,13.09,0.14,1.00,1.00
2012-11-22 07:00:00,91.40,1.02,88.48,1.91,98.56,2.32,96.24,7.79,15.20,0.44,0.00,1.00
2012-11-22 08:00:00,263.63,3.26,254.91,5.45,281.68,4.40,277.28,8.89,17.55,0.94,0.00,1.00
2012-11-22 09:00:00,634.16,543.45,76.87,13.83,714.32,630.70,83.62,939.84,19.88,1.40,0.00,0.00
2012-11-22 10:00:00,585.91,17.45,556.38,12.08,624.14,18.94,605.20,23.25,21.43,1.67,0.00,1.00
2012-11-22 11:00:00,703.22,31.79,656.96,14.48,748.00,33.40,714.60,36.47,22.77,2.00,0.00,1.00
2012-11-22 12:00:00,757.22,41.20,700.44,15.58,804.60,42.70,761.90,44.13,23.35,2.43,0.00,1.00
2012-11-22 13:00:00,691.61,30.90,646.48,14.23,735.24,32.04,703.20,33.15,23.22,2.75,0.00,1.00
2012-11-22 14:00:00,610.10,20.66,576.86,12.57,649.22,21.74,627.48,23.82,22.48,3.07,0.00,1.00
2012-11-22 15:00:00,517.61,12.37,494.57,10.68,551.42,13.46,537.96,16.63,21.40,3.23,0.00,1.00
2012-11-22 16:00:00,457.01,8.06,439.52,9.44,487.48,9.40,478.08,14.14,20.02,3.11,0.00,1.00
2012-11-22 17:00:00,235.18,3.12,227.19,4.87,251.38,4.26,247.12,8.74,18.69,2.71,0.00,1.00
2012-11-22 18:00:00,21.25,0.91,19.88,0.46,23.82,2.20,21.62,7.59,17.02,1.93,0.00,1.00
2012-11-22 19:00:00,21.28,0.00,20.13,1.15,59.44,37.54,21.90,435.94,15.13,1.16,0.00,0.00
2012-11-22 20:00:00,0.00,0.00,0.00,0.00,0.00,0.00,0.00,0.00,13.84,0.61,1.00,0.00
2012-11-22 21:00:00,0.00,0.00,0.00,0.00,0.00,0.00,0.00,0.00,13.10,0.27,1.00,0.00
2012-11-22 22:00:00,0.00,0.00,0.00,0.00,0.00,0.00,0.00,0.00,12.39,0.06,1.00,0.00
2012-11-22 23:00:00,0.00,0.00,0.00,0.00,0.00,0.00,0.00,0.00,11.71,0.19,1.00,0.00
2012-11-23 00:00:00,0.00,0.00,0.00,0.00,0.00,0.00,0.00,0.00,10.98,0.26,1.00,0.00
2012-11-23 01:00:00,0.00,0.00,0.00,0.00,0.00,0.00,0.00,0.00,10.45,0.33,1.00,0.00
2012-11-23 02:00:00,0.00,0.00,0.00,0.00,0.00,0.00,0.00,0.00,10.26,0.27,1.00,0.00
2012-11-23 03:00:00,0.00,0.00,0.00,0.00,0.00,0.00,0.00,0.00,9.93,0.31,1.00,0.00
2012-11-23 04:00:00,0.00,0.00,0.00,0.00,0.00,0.00,0.00,0.00,9.13,0.27,1.00,0.00
2012-11-23 05:00:00,0.00,0.00,0.00,0.00,0.00,0.00,0.00,0.00,10.04,0.13,1.00,0.00
2012-11-23 06:00:00,22.57,0.00,22.10,0.47,24.04,0.00,24.04,0.00,11.39,0.13,1.00,0.00
2012-11-23 07:00:00,156.42,103.41,47.40,5.61,289.84,238.28,51.56,798.15,13.90,0.45,0.00,0.00
2012-11-23 08:00:00,406.13,331.61,64.46,10.06,519.66,449.54,70.12,907.60,16.33,0.94,0.00,0.00
2012-11-23 09:00:00,647.33,555.31,77.87,14.16,731.38,646.68,84.70,963.09,18.53,1.28,0.00,0.00
2012-11-23 10:00:00,850.84,745.06,88.22,17.56,907.12,811.16,95.96,995.26,20.46,1.68,0.00,0.00
2012-11-23 11:00:00,997.84,882.45,95.39,20.00,1033.22,929.46,103.76,1014.45,22.70,2.03,0.00,0.00
2012-11-23 12:00:00,1071.41,951.32,98.88,21.21,1095.72,988.16,107.56,1020.62,24.27,2.57,0.00,0.00
2012-11-23 13:00:00,1069.19,949.24,98.77,21.17,1093.76,986.32,107.44,1019.60,25.28,2.76,0.00,0.00
2012-11-23 14:00:00,991.48,876.53,95.06,19.89,1027.58,924.18,103.40,1011.33,25.85,3.11,0.00,0.00
2012-11-23 15:00:00,845.67,740.19,88.00,17.49,903.24,807.52,95.72,995.51,25.31,3.21,0.00,0.00
2012-11-23 16:00:00,642.82,551.02,77.68,14.11,728.86,644.36,84.50,966.73,24.35,3.09,0.00,0.00
2012-11-23 17:00:00,401.63,327.36,64.24,10.03,517.86,447.98,69.88,914.83,23.04,2.58,0.00,0.00
2012-11-23 18:00:00,148.55,96.31,46.76,5.48,282.84,231.98,50.86,792.54,20.56,1.59,0.00,0.00
2012-11-23 19:00:00,22.21,0.00,20.96,1.25,64.74,41.94,22.80,470.88,18.01,0.68,0.00,0.00
2012-11-23 20:00:00,0.00,0.00,0.00,0.00,0.00,0.00,0.00,0.00,16.25,0.10,1.00,0.00
2012-11-23 21:00:00,0.00,0.00,0.00,0.00,0.00,0.00,0.00,0.00,14.91,0.32,1.00,0.00
2012-11-23 22:00:00,0.00,0.00,0.00,0.00,0.00,0.00,0.00,0.00,13.63,0.64,1.00,0.00
2012-11-23 23:00:00,0.00,0.00,0.00,0.00,0.00,0.00,0.00,0.00,12.53,0.76,1.00,0.00
2012-11-24 00:00:00,0.00,0.00,0.00,0.00,0.00,0.00,0.00,0.00,11.37,0.83,1.00,0.00
2012-11-24 01:00:00,0.00,0.00,0.00,0.00,0.00,0.00,0.00,0.00,10.40,0.77,1.00,0.00
2012-11-24 02:00:00,0.00,0.00,0.00,0.00,0.00,0.00,0.00,0.00,9.78,0.69,1.00,0.00
2012-11-24 03:00:00,0.00,0.00,0.00,0.00,0.00,0.00,0.00,0.00,9.00,0.71,1.00,0.00
2012-11-24 04:00:00,0.00,0.00,0.00,0.00,0.00,0.00,0.00,0.00,8.02,0.72,1.00,0.00
2012-11-24 05:00:00,0.00,0.00,0.00,0.00,0.00,0.00,0.00,0.00,9.03,0.62,1.00,0.00
2012-11-24 06:00:00,23.20,0.00,22.73,0.48,24.72,0.00,24.72,0.00,11.49,0.36,1.00,0.00
2012-11-24 07:00:00,161.66,107.52,48.27,5.87,303.44,250.94,52.50,838.68,14.59,0.29,0.00,0.00
2012-11-24 08:00:00,418.60,342.66,65.51,10.42,538.20,466.94,71.26,941.58,17.96,0.69,0.00,0.00
2012-11-24 09:00:00,665.78,572.03,79.14,14.61,754.62,668.54,86.08,995.07,20.70,0.99,0.00,0.00
2012-11-24 10:00:00,874.45,766.71,89.65,18.09,934.52,837.00,97.52,1026.45,23.42,1.45,0.00,0.00
2012-11-24 11:00:00,1025.65,908.11,96.93,20.60,1064.16,958.72,105.44,1045.82,26.29,1.84,0.00,0.00
2012-11-24 12:00:00,1098.89,976.74,100.35,21.80,1125.86,1016.70,109.16,1049.40,28.17,2.27,0.00,0.00
2012-11-24 13:00:00,1095.02,973.16,100.13,21.72,1122.18,1013.26,108.92,1046.46,29.84,2.76,0.00,0.00
2012-11-24 14:00:00,1014.74,898.07,96.27,20.40,1053.58,948.86,104.72,1036.97,29.51,3.06,0.00,0.00
2012-11-24 15:00:00,862.11,755.37,88.88,17.86,922.62,825.94,96.68,1016.17,28.83,3.10,0.00,0.00
2012-11-24 16:00:00,653.59,560.90,78.31,14.38,742.70,657.52,85.18,983.60,27.48,2.99,0.00,0.00
2012-11-24 17:00:00,407.64,332.75,64.68,10.20,526.98,456.62,70.36,928.15,25.86,2.59,0.00,0.00
2012-11-24 18:00:00,153.75,100.59,47.47,5.69,293.92,242.28,51.64,820.25,22.76,1.41,0.00,0.00
2012-11-24 19:00:00,23.20,0.00,21.83,1.38,71.12,47.38,23.74,514.87,19.68,0.55,0.00,0.00
2012-11-24 20:00:00,0.00,0.00,0.00,0.00,0.00,0.00,0.00,0.00,17.33,0.23,1.00,0.00
2012-11-24 21:00:00,0.00,0.00,0.00,0.00,0.00,0.00,0.00,0.00,16.04,0.45,1.00,0.00
2012-11-24 22:00:00,0.00,0.00,0.00,0.00,0.00,0.00,0.00,0.00,14.62,0.67,1.00,0.00
2012-11-24 23:00:00,0.00,0.00,0.00,0.00,0.00,0.00,0.00,0.00,13.58,0.86,1.00,0.00
2012-11-25 00:00:00,0.00,0.00,0.00,0.00,0.00,0.00,0.00,0.00,12.49,0.82,1.00,0.00
2012-11-25 01:00:00,0.00,0.00,0.00,0.00,0.00,0.00,0.00,0.00,11.58,0.85,1.00,0.00
2012-11-25 02:00:00,0.00,0.00,0.00,0.00,0.00,0.00,0.00,0.00,10.70,0.81,1.00,0.00
2012-11-25 03:00:00,0.00,0.00,0.00,0.00,0.00,0.00,0.00,0.00,10.00,0.82,1.00,0.00
2012-11-25 04:00:00,0.00,0.00,0.00,0.00,0.00,0.00,0.00,0.00,9.49,0.70,1.00,0.00
2012-11-25 05:00:00,0.00,0.00,0.00,0.00,0.00,0.00,0.00,0.00,10.79,0.65,1.00,0.00
2012-11-25 06:00:00,23.20,0.00,22.73,0.48,24.72,0.00,24.72,0.00,12.92,0.40,1.00,0.00
2012-11-25 07:00:00,159.61,105.70,48.06,5.85,301.98,249.70,52.28,832.68,16.22,0.22,0.00,0.00
2012-11-25 08:00:00,413.81,338.29,65.18,10.34,534.22,463.32,70.90,933.71,19.58,0.62,0.00,0.00
2012-11-25 09:00:00,656.77,563.74,78.58,14.45,746.52,661.04,85.48,983.34,22.40,0.98,0.00,0.00
2012-11-25 10:00:00,860.07,753.37,88.86,17.84,921.26,824.60,96.66,1010.87,25.30,1.45,0.00,0.00
2012-11-25 11:00:00,1005.40,889.28,95.89,20.24,1045.24,940.94,104.30,1025.96,28.08,1.84,0.00,0.00
2012-11-25 12:00:00,1076.89,956.24,99.25,21.40,1105.34,997.38,107.96,1028.82,29.87,2.29,0.00,0.00
2012-11-25 13:00:00,1072.62,952.27,99.03,21.32,1101.16,993.44,107.72,1025.07,31.32,2.65,0.00,0.00
2012-11-25 14:00:00,993.15,877.92,95.22,20.00,1033.02,929.44,103.58,1014.43,30.79,2.94,0.00,0.00
2012-11-25 15:00:00,844.72,739.21,87.98,17.53,905.72,810.02,95.70,994.60,30.13,2.96,0.00,0.00
2012-11-25 16:00:00,640.73,549.00,77.61,14.12,729.56,645.14,84.42,962.28,28.93,2.83,0.00,0.00
2012-11-25 17:00:00,399.93,325.73,64.17,10.03,517.98,448.18,69.80,906.52,27.32,2.51,0.00,0.00
2012-11-25 18:00:00,152.80,99.77,47.38,5.65,291.84,240.30,51.54,806.26,24.74,1.54,0.00,0.00
2012-11-25 19:00:00,23.65,0.00,22.23,1.42,73.16,48.98,24.18,516.65,21.84,0.67,0.00,0.00
2012-11-25 20:00:00,0.00,0.00,0.00,0.00,0.00,0.00,0.00,0.00,19.68,0.14,1.00,0.00
2012-11-25 21:00:00,0.00,0.00,0.00,0.00,0.00,0.00,0.00,0.00,18.33,0.25,1.00,0.00
2012-11-25 22:00:00,0.00,0.00,0.00,0.00,0.00,0.00,0.00,0.00,16.80,0.53,1.00,0.00
2012-11-25 23:00:00,0.00,0.00,0.00,0.00,0.00,0.00,0.00,0.00,15.74,0.74,1.00,0.00
2012-11-26 00:00:00,0.00,0.00,0.00,0.00,0.00,0.00,0.00,0.00,14.87,0.78,1.00,0.00
2012-11-26 01:00:00,0.00,0.00,0.00,0.00,0.00,0.00,0.00,0.00,14.09,0.77,1.00,0.00
2012-11-26 02:00:00,0.00,0.00,0.00,0.00,0.00,0.00,0.00,0.00,13.35,0.66,1.00,0.00
2012-11-26 03:00:00,0.00,0.00,0.00,0.00,0.00,0.00,0.00,0.00,12.96,0.64,1.00,0.00
2012-11-26 04:00:00,0.00,0.00,0.00,0.00,0.00,0.00,0.00,0.00,12.50,0.66,1.00,0.00
2012-11-26 05:00:00,0.00,0.00,0.00,0.00,0.00,0.00,0.00,0.00,12.04,0.48,1.00,0.00
2012-11-26 06:00:00,23.05,0.00,22.58,0.48,24.56,0.00,24.56,0.00,14.01,0.37,1.00,0.00
2012-11-26 07:00:00,153.84,100.61,47.57,5.66,292.48,240.74,51.74,801.47,17.29,0.33,0.00,0.00
2012-11-26 08:00:00,401.26,326.73,64.46,10.07,519.90,449.78,70.12,905.87,20.96,0.73,0.00,0.00
2012-11-26 09:00:00,638.73,546.97,77.67,14.10,728.08,643.60,84.48,957.03,23.77,1.15,0.00,0.00
2012-11-26 10:00:00,838.30,733.08,87.80,17.42,900.00,804.50,95.50,985.86,25.77,1.48,0.00,0.00
2012-11-26 11:00:00,981.06,866.57,94.71,19.79,1021.98,918.96,103.02,1001.54,27.91,1.92,0.00,0.00
2012-11-26 12:00:00,1052.01,933.01,98.06,20.94,1081.80,975.14,106.66,1005.26,29.68,2.34,0.00,0.00
2012-11-26 13:00:00,1048.69,929.92,97.89,20.88,1078.46,971.98,106.48,1002.04,30.84,2.57,0.00,0.00
2012-11-26 14:00:00,971.06,857.30,94.18,19.59,1011.84,909.40,102.44,991.20,30.30,2.88,0.00,0.00
2012-11-26 15:00:00,827.17,722.82,87.15,17.20,888.48,793.68,94.80,972.72,29.67,2.97,0.00,0.00
2012-11-26 16:00:00,628.04,537.16,77.00,13.87,716.44,632.68,83.76,940.97,28.45,2.86,0.00,0.00
2012-11-26 17:00:00,392.77,319.07,63.84,9.86,509.54,440.10,69.44,886.10,26.92,2.52,0.00,0.00
2012-11-26 18:00:00,151.11,98.29,47.25,5.57,287.94,236.54,51.40,786.62,24.35,1.47,0.00,0.00
2012-11-26 19:00:00,23.99,0.00,22.56,1.42,73.60,49.06,24.54,501.86,21.27,0.76,0.00,0.00
2012-11-26 20:00:00,0.00,0.00,0.00,0.00,0.00,0.00,0.00,0.00,19.18,0.19,1.00,0.00
2012-11-26 21:00:00,0.00,0.00,0.00,0.00,0.00,0.00,0.00,0.00,17.93,0.43,1.00,0.00
2012-11-26 22:00:00,0.00,0.00,0.00,0.00,0.00,0.00,0.00,0.00,16.88,0.84,1.00,0.00
2012-11-26 23:00:00,0.00,0.00,0.00,0.00,0.00,0.00,0.00,0.00,15.98,0.85,1.00,0.00
2012-11-27 00:00:00,0.00,0.00,0.00,0.00,0.00,0.00,0.00,0.00,15.03,0.85,1.00,0.00
2012-11-27 01:00:00,0.00,0.00,0.00,0.00,0.00,0.00,0.00,0.00,14.23,0.83,1.00,0.00
2012-11-27 02:00:00,0.00,0.00,0.00,0.00,0.00,0.00,0.00,0.00,13.36,0.81,1.00,0.00
2012-11-27 03:00:00,0.00,0.00,0.00,0.00,0.00,0.00,0.00,0.00,12.59,0.75,1.00,0.00
2012-11-27 04:00:00,0.00,0.00,0.00,0.00,0.00,0.00,0.00,0.00,11.80,0.73,1.00,0.00
2012-11-27 05:00:00,0.00,0.00,0.00,0.00,0.00,0.00,0.00,0.00,12.81,0.79,1.00,0.00
2012-11-27 06:00:00,23.41,0.00,22.93,0.48,24.94,0.00,24.94,0.00,14.77,0.52,1.00,0.00
2012-11-27 07:00:00,154.38,100.73,47.92,5.74,296.42,244.30,52.12,812.42,17.71,0.03,0.00,0.00
2012-11-27 08:00:00,404.43,329.38,64.87,10.19,526.30,455.74,70.56,917.31,21.35,0.56,0.00,0.00
2012-11-27 09:00:00,645.15,552.66,78.22,14.28,737.46,652.38,85.08,969.90,24.21,0.90,0.00,0.00
2012-11-27 10:00:00,847.92,741.80,88.46,17.66,912.30,816.08,96.22,999.81,26.95,1.33,0.00,0.00
2012-11-27 11:00:00,993.92,878.34,95.50,20.08,1037.28,933.40,103.88,1016.97,29.83,1.79,0.00,0.00
2012-11-27 12:00:00,1067.09,946.89,98.92,21.28,1099.20,991.60,107.60,1021.65,31.37,2.22,0.00,0.00
2012-11-27 13:00:00,1065.02,945.03,98.76,21.24,1097.06,989.64,107.42,1019.36,32.71,2.70,0.00,0.00
2012-11-27 14:00:00,988.01,872.99,95.06,19.96,1031.18,927.78,103.40,1009.93,31.69,2.91,0.00,0.00
2012-11-27 15:00:00,839.17,733.89,87.80,17.48,902.92,807.42,95.50,987.73,30.64,3.03,0.00,0.00
2012-11-27 16:00:00,636.02,544.50,77.44,14.07,726.94,642.70,84.24,953.13,28.69,2.82,0.00,0.00
2012-11-27 17:00:00,397.47,323.34,64.13,10.00,516.74,446.98,69.76,895.86,26.45,2.54,0.00,0.00
2012-11-27 18:00:00,152.84,99.67,47.53,5.64,291.36,239.66,51.70,790.43,23.85,1.65,0.00,0.00
2012-11-27 19:00:00,24.50,0.00,23.04,1.46,75.62,50.56,25.06,502.91,21.22,1.09,0.00,0.00
2012-11-27 20:00:00,0.00,0.00,0.00,0.00,0.00,0.00,0.00,0.00,19.08,0.53,1.00,0.00
2012-11-27 21:00:00,0.00,0.00,0.00,0.00,0.00,0.00,0.00,0.00,17.39,0.36,1.00,0.00
2012-11-27 22:00:00,0.00,0.00,0.00,0.00,0.00,0.00,0.00,0.00,15.92,0.49,1.00,0.00
2012-11-27 23:00:00,0.00,0.00,0.00,0.00,0.00,0.00,0.00,0.00,14.78,0.66,1.00,0.00
2012-11-28 00:00:00,0.00,0.00,0.00,0.00,0.00,0.00,0.00,0.00,13.45,0.62,1.00,0.00
2012-11-28 01:00:00,0.00,0.00,0.00,0.00,0.00,0.00,0.00,0.00,12.10,0.52,1.00,0.00
2012-11-28 02:00:00,0.00,0.00,0.00,0.00,0.00,0.00,0.00,0.00,10.51,0.50,1.00,0.00
2012-11-28 03:00:00,0.00,0.00,0.00,0.00,0.00,0.00,0.00,0.00,9.68,0.56,1.00,0.00
2012-11-28 04:00:00,0.00,0.00,0.00,0.00,0.00,0.00,0.00,0.00,10.19,0.47,1.00,0.00
2012-11-28 05:00:00,0.00,0.00,0.00,0.00,0.00,0.00,0.00,0.00,11.04,0.40,1.00,0.00
2012-11-28 06:00:00,23.11,0.00,22.63,0.48,24.62,0.00,24.62,0.00,12.87,0.15,1.00,0.00
2012-11-28 07:00:00,96.17,0.96,93.20,2.01,103.74,2.36,101.38,7.84,14.75,0.41,0.00,1.00
2012-11-28 08:00:00,156.84,3.16,150.42,3.25,168.02,4.40,163.62,8.85,16.69,0.83,0.00,1.00
2012-11-28 09:00:00,388.72,5.45,375.24,8.03,414.62,6.46,408.16,9.60,19.45,1.23,0.00,1.00
2012-11-28 10:00:00,597.25,18.15,566.77,12.32,636.52,20.02,616.50,24.52,21.42,1.76,0.00,1.00
2012-11-28 11:00:00,778.76,43.57,719.14,16.04,828.64,46.40,782.24,50.54,23.44,2.07,0.00,1.00
2012-11-28 12:00:00,908.52,75.82,814.02,18.68,964.98,79.54,885.44,81.91,24.21,2.44,0.00,1.00
2012-11-28 13:00:00,853.62,60.91,775.15,17.56,907.06,63.90,843.16,65.77,24.80,2.90,0.00,1.00
2012-11-28 14:00:00,769.83,41.91,712.06,15.86,819.16,44.62,774.54,48.51,24.31,3.02,0.00,1.00
2012-11-28 15:00:00,635.96,21.75,601.08,13.12,677.80,23.98,653.82,29.28,23.49,2.96,0.00,1.00
2012-11-28 16:00:00,429.47,6.87,413.74,8.87,458.16,8.12,450.04,12.01,21.76,2.72,0.00,1.00
2012-11-28 17:00:00,214.31,3.13,206.74,4.44,229.22,4.34,224.88,8.66,20.46,2.36,0.00,1.00
2012-11-28 18:00:00,99.69,0.98,96.62,2.08,107.46,2.36,105.10,7.72,19.19,1.77,0.00,1.00
2012-11-28 19:00:00,24.81,0.00,23.33,1.48,76.54,51.16,25.38,495.19,18.55,1.12,0.00,0.00
2012-11-28 20:00:00,0.00,0.00,0.00,0.00,0.00,0.00,0.00,0.00,18.11,0.90,1.00,0.00
2012-11-28 21:00:00,0.00,0.00,0.00,0.00,0.00,0.00,0.00,0.00,17.55,0.78,1.00,0.00
2012-11-28 22:00:00,0.00,0.00,0.00,0.00,0.00,0.00,0.00,0.00,16.84,0.76,1.00,0.00
2012-11-28 23:00:00,0.00,0.00,0.00,0.00,0.00,0.00,0.00,0.00,16.60,0.63,1.00,0.00
2012-11-29 00:00:00,0.00,0.00,0.00,0.00,0.00,0.00,0.00,0.00,16.25,0.57,1.00,0.00
2012-11-29 01:00:00,0.00,0.00,0.00,0.00,0.00,0.00,0.00,0.00,16.11,0.47,1.00,0.00
2012-11-29 02:00:00,0.00,0.00,0.00,0.00,0.00,0.00,0.00,0.00,15.44,0.40,1.00,0.00
2012-11-29 03:00:00,0.00,0.00,0.00,0.00,0.00,0.00,0.00,0.00,15.96,0.29,1.00,0.00
2012-11-29 04:00:00,0.00,0.00,0.00,0.00,0.00,0.00,0.00,0.00,16.23,0.26,1.00,0.00
2012-11-29 05:00:00,0.00,0.00,0.00,0.00,0.00,0.00,0.00,0.00,16.14,0.07,1.00,0.00
2012-11-29 06:00:00,8.07,0.00,7.91,0.17,8.60,0.00,8.60,0.00,16.19,0.33,1.00,1.00
2012-11-29 07:00:00,30.48,0.91,28.92,0.65,33.72,2.26,31.46,7.50,16.21,0.46,0.00,1.00
2012-11-29 08:00:00,75.54,3.05,70.92,1.58,81.40,4.26,77.14,8.57,16.73,0.70,0.00,1.00
2012-11-29 09:00:00,118.02,5.19,110.39,2.44,126.24,6.16,120.08,9.16,17.80,1.45,0.00,1.00
2012-11-29 10:00:00,185.20,7.00,174.38,3.82,197.42,7.74,189.68,9.48,19.61,1.79,0.00,1.00
2012-11-29 11:00:00,110.29,8.32,99.69,2.27,117.32,8.88,108.44,9.67,20.61,2.14,0.00,1.00
2012-11-29 12:00:00,303.56,9.02,288.29,6.25,323.06,9.48,313.58,9.76,20.93,2.47,0.00,1.00
2012-11-29 13:00:00,369.63,9.04,352.97,7.62,393.44,9.50,383.94,9.77,21.05,2.84,0.00,1.00
2012-11-29 14:00:00,359.38,8.38,343.59,7.41,382.68,8.94,373.74,9.71,20.38,2.91,0.00,1.00
2012-11-29 15:00:00,568.37,15.74,540.90,11.73,605.74,17.38,588.36,21.18,19.29,2.69,0.00,1.00
2012-11-29 16:00:00,620.67,530.05,76.84,13.78,711.66,628.08,83.58,926.15,18.86,2.58,0.00,0.00
2012-11-29 17:00:00,391.23,317.35,64.00,9.87,510.04,440.42,69.62,874.76,17.79,2.11,0.00,0.00
2012-11-29 18:00:00,151.77,98.73,47.46,5.58,288.16,236.54,51.62,767.11,16.48,1.40,0.00,0.00
2012-11-29 19:00:00,25.03,0.00,23.53,1.49,77.20,51.60,25.60,486.38,15.08,0.84,0.00,0.00
2012-11-29 20:00:00,0.00,0.00,0.00,0.00,0.00,0.00,0.00,0.00,13.31,0.58,1.00,0.00
2012-11-29 21:00:00,0.00,0.00,0.00,0.00,0.00,0.00,0.00,0.00,11.71,0.43,1.00,0.00
2012-11-29 22:00:00,0.00,0.00,0.00,0.00,0.00,0.00,0.00,0.00,10.75,0.41,1.00,0.00
2012-11-29 23:00:00,0.00,0.00,0.00,0.00,0.00,0.00,0.00,0.00,10.14,0.46,1.00,0.00
2012-11-30 00:00:00,0.00,0.00,0.00,0.00,0.00,0.00,0.00,0.00,9.41,0.36,1.00,0.00
2012-11-30 01:00:00,0.00,0.00,0.00,0.00,0.00,0.00,0.00,0.00,8.74,0.44,1.00,0.00
2012-11-30 02:00:00,0.00,0.00,0.00,0.00,0.00,0.00,0.00,0.00,8.72,0.35,1.00,0.00
2012-11-30 03:00:00,0.00,0.00,0.00,0.00,0.00,0.00,0.00,0.00,8.78,0.54,1.00,0.00
2012-11-30 04:00:00,0.00,0.00,0.00,0.00,0.00,0.00,0.00,0.00,8.68,0.64,1.00,0.00
2012-11-30 05:00:00,0.00,0.00,0.00,0.00,0.00,0.00,0.00,0.00,8.80,0.58,1.00,0.00
2012-11-30 06:00:00,12.65,0.00,12.39,0.26,13.48,0.00,13.48,0.00,9.71,0.38,1.00,1.00
2012-11-30 07:00:00,73.86,0.95,71.36,1.55,80.02,2.40,77.62,7.96,11.85,0.12,0.00,1.00
2012-11-30 08:00:00,149.58,3.20,143.27,3.10,160.34,4.50,155.84,9.05,14.56,0.62,0.00,1.00
2012-11-30 09:00:00,314.89,5.39,302.99,6.50,336.00,6.42,329.58,9.54,16.71,1.11,0.00,1.00
2012-11-30 10:00:00,353.60,7.24,339.07,7.30,376.84,8.02,368.82,9.82,18.95,1.49,0.00,1.00
2012-11-30 11:00:00,464.35,9.78,445.00,9.57,494.50,10.46,484.04,11.39,20.57,1.82,0.00,1.00
2012-11-30 12:00:00,507.60,12.61,484.53,10.46,540.32,13.28,527.04,13.66,21.52,2.15,0.00,1.00
2012-11-30 13:00:00,346.19,9.22,329.84,7.13,368.48,9.70,358.78,9.97,22.02,2.25,0.00,1.00
2012-11-30 14:00:00,257.24,8.50,243.44,5.30,273.88,9.08,264.80,9.85,22.10,2.48,0.00,1.00
2012-11-30 15:00:00,237.65,7.20,225.55,4.90,253.30,7.96,245.34,9.68,21.71,2.51,0.00,1.00
2012-11-30 16:00:00,176.53,5.37,167.50,3.65,188.58,6.38,182.20,9.38,20.28,2.25,0.00,1.00
2012-11-30 17:00:00,73.92,3.22,69.15,1.54,79.70,4.48,75.22,8.86,19.37,1.96,0.00,1.00
2012-11-30 18:00:00,58.22,1.02,55.97,1.23,63.32,2.44,60.88,7.85,18.21,1.25,0.00,1.00
2012-11-30 19:00:00,25.76,0.00,24.18,1.58,81.66,55.36,26.30,508.51,16.86,0.85,0.00,0.00
2012-11-30 20:00:00,0.00,0.00,0.00,0.00,0.00,0.00,0.00,0.00,15.61,0.34,1.00,0.00
2012-11-30 21:00:00,0.00,0.00,0.00,0.00,0.00,0.00,0.00,0.00,14.64,0.41,1.00,0.00
2012-11-30 22:00:00,0.00,0.00,0.00,0.00,0.00,0.00,0.00,0.00,13.59,0.72,1.00,0.00
2012-11-30 23:00:00,0.00,0.00,0.00,0.00,0.00,0.00,0.00,0.00,13.87,0.61,1.00,0.00
2009-12-01 00:00:00,0.00,0.00,0.00,0.00,0.00,0.00,0.00,0.00,14.40,0.54,1.00,0.00
2009-12-01 01:00:00,0.00,0.00,0.00,0.00,0.00,0.00,0.00,0.00,13.86,0.55,1.00,0.00
2009-12-01 02:00:00,0.00,0.00,0.00,0.00,0.00,0.00,0.00,0.00,12.80,0.48,1.00,0.00
2009-12-01 03:00:00,0.00,0.00,0.00,0.00,0.00,0.00,0.00,0.00,11.57,0.53,1.00,0.00
2009-12-01 04:00:00,0.00,0.00,0.00,0.00,0.00,0.00,0.00,0.00,10.49,0.50,1.00,0.00
2009-12-01 05:00:00,0.00,0.00,0.00,0.00,0.00,0.00,0.00,0.00,11.28,0.33,1.00,0.00
2009-12-01 06:00:00,23.54,0.00,23.06,0.49,25.08,0.00,25.08,0.00,12.51,0.16,1.00,0.00
2009-12-01 07:00:00,97.55,0.97,94.54,2.04,105.30,2.46,102.84,8.16,15.80,0.25,0.00,1.00
2009-12-01 08:00:00,287.30,3.24,278.12,5.94,307.08,4.56,302.52,9.18,18.77,0.71,0.00,1.00
2009-12-01 09:00:00,474.22,8.73,455.70,9.80,506.10,10.42,495.68,15.49,21.46,1.14,0.00,1.00
2009-12-01 10:00:00,538.44,13.62,513.71,11.11,573.90,15.12,558.78,18.52,23.92,1.51,0.00,1.00
2009-12-01 11:00:00,601.11,19.63,569.09,12.39,640.04,21.02,619.02,22.88,25.57,1.91,0.00,1.00
2009-12-01 12:00:00,660.35,26.58,620.17,13.60,702.60,28.02,674.58,28.82,26.90,2.48,0.00,1.00
2009-12-01 13:00:00,907.69,75.81,813.21,18.67,964.44,79.88,884.56,82.04,27.46,2.74,0.00,1.00
2009-12-01 14:00:00,976.07,861.33,94.91,19.83,1024.36,921.12,103.24,998.17,26.72,3.07,0.00,0.00
2009-12-01 15:00:00,490.69,10.66,469.91,10.12,522.94,11.80,511.14,14.34,25.57,3.05,0.00,1.00
2009-12-01 16:00:00,333.61,5.45,321.27,6.89,355.94,6.48,349.46,9.51,24.27,2.88,0.00,1.00
2009-12-01 17:00:00,276.92,3.28,267.91,5.73,295.98,4.56,291.42,8.99,22.95,2.48,0.00,1.00
2009-12-01 18:00:00,102.02,1.06,98.83,2.13,110.02,2.52,107.50,8.06,20.59,1.83,0.00,1.00
2009-12-01 19:00:00,26.50,0.00,24.80,1.69,87.46,60.48,26.98,545.12,18.29,0.99,0.00,0.00
2009-12-01 20:00:00,0.00,0.00,0.00,0.00,0.00,0.00,0.00,0.00,16.41,0.35,1.00,0.00
2009-12-01 21:00:00,0.00,0.00,0.00,0.00,0.00,0.00,0.00,0.00,15.13,0.29,1.00,0.00
2009-12-01 22:00:00,0.00,0.00,0.00,0.00,0.00,0.00,0.00,0.00,13.96,0.41,1.00,0.00
2009-12-01 23:00:00,0.00,0.00,0.00,0.00,0.00,0.00,0.00,0.00,12.88,0.48,1.00,0.00
2009-12-02 00:00:00,0.00,0.00,0.00,0.00,0.00,0.00,0.00,0.00,11.96,0.45,1.00,0.00
2009-12-02 01:00:00,0.00,0.00,0.00,0.00,0.00,0.00,0.00,0.00,11.31,0.54,1.00,0.00
2009-12-02 02:00:00,0.00,0.00,0.00,0.00,0.00,0.00,0.00,0.00,10.95,0.41,1.00,0.00
2009-12-02 03:00:00,0.00,0.00,0.00,0.00,0.00,0.00,0.00,0.00,10.16,0.47,1.00,0.00
2009-12-02 04:00:00,0.00,0.00,0.00,0.00,0.00,0.00,0.00,0.00,9.10,0.42,1.00,0.00
2009-12-02 05:00:00,0.00,0.00,0.00,0.00,0.00,0.00,0.00,0.00,10.58,0.16,1.00,0.00
2009-12-02 06:00:00,23.56,0.00,23.08,0.49,25.10,0.00,25.10,0.00,12.26,0.11,1.00,0.00
2009-12-02 07:00:00,148.35,94.72,47.88,5.74,296.74,244.66,52.08,811.82,15.28,0.36,0.00,0.00
2009-12-02 08:00:00,396.67,321.68,64.81,10.18,525.96,455.46,70.50,916.75,18.21,0.73,0.00,0.00
2009-12-02 09:00:00,637.05,544.59,78.18,14.27,737.32,652.28,85.04,970.13,21.44,1.15,0.00,0.00
2009-12-02 10:00:00,840.60,734.41,88.51,17.68,913.16,816.88,96.28,1000.79,24.83,1.49,0.00,0.00
2009-12-02 11:00:00,988.34,872.52,95.68,20.13,1039.82,935.74,104.08,1018.60,27.39,1.97,0.00,0.00
2009-12-02 12:00:00,1065.07,944.37,99.31,21.39,1105.04,997.02,108.02,1025.18,29.20,2.38,0.00,0.00
2009-12-02 13:00:00,1066.72,945.94,99.36,21.42,1106.40,998.32,108.08,1024.62,30.60,2.72,0.00,0.00
2009-12-02 14:00:00,993.41,877.32,95.89,20.21,1043.84,939.54,104.30,1017.02,29.90,2.92,0.00,0.00
2009-12-02 15:00:00,850.69,743.89,88.95,17.84,921.74,824.98,96.76,1000.56,29.10,2.96,0.00,0.00
2009-12-02 16:00:00,650.96,557.59,78.86,14.51,749.50,663.72,85.78,971.38,28.09,2.87,0.00,0.00
2009-12-02 17:00:00,412.86,336.66,65.73,10.47,540.72,469.22,71.50,920.96,26.65,2.63,0.00,0.00
2009-12-02 18:00:00,162.84,107.86,48.98,6.00,309.78,256.50,53.28,813.47,23.97,1.48,0.00,0.00
2009-12-02 19:00:00,26.93,0.00,25.21,1.73,89.16,61.74,27.42,543.73,21.24,0.72,0.00,0.00
2009-12-02 20:00:00,0.00,0.00,0.00,0.00,0.00,0.00,0.00,0.00,19.26,0.07,1.00,0.00
2009-12-02 21:00:00,0.00,0.00,0.00,0.00,0.00,0.00,0.00,0.00,17.55,0.54,1.00,0.00
2009-12-02 22:00:00,0.00,0.00,0.00,0.00,0.00,0.00,0.00,0.00,16.28,0.81,1.00,0.00
2009-12-02 23:00:00,0.00,0.00,0.00,0.00,0.00,0.00,0.00,0.00,15.15,0.82,1.00,0.00
2009-12-03 00:00:00,0.00,0.00,0.00,0.00,0.00,0.00,0.00,0.00,14.26,0.77,1.00,0.00
2009-12-03 01:00:00,0.00,0.00,0.00,0.00,0.00,0.00,0.00,0.00,13.49,0.80,1.00,0.00
2009-12-03 02:00:00,0.00,0.00,0.00,0.00,0.00,0.00,0.00,0.00,12.52,0.76,1.00,0.00
2009-12-03 03:00:00,0.00,0.00,0.00,0.00,0.00,0.00,0.00,0.00,11.64,0.70,1.00,0.00
2009-12-03 04:00:00,0.00,0.00,0.00,0.00,0.00,0.00,0.00,0.00,10.66,0.66,1.00,0.00
2009-12-03 05:00:00,0.00,0.00,0.00,0.00,0.00,0.00,0.00,0.00,11.85,0.40,1.00,0.00
2009-12-03 06:00:00,23.73,0.00,23.24,0.49,25.28,0.00,25.28,0.00,13.44,0.26,1.00,0.00
2009-12-03 07:00:00,148.60,94.70,48.08,5.82,300.42,248.12,52.30,823.76,16.98,0.14,0.00,0.00
2009-12-03 08:00:00,398.53,323.21,65.05,10.27,530.50,459.74,70.76,925.93,20.66,0.60,0.00,0.00
2009-12-03 09:00:00,638.47,545.78,78.35,14.34,740.74,655.52,85.22,975.32,24.07,0.94,0.00,0.00
2009-12-03 10:00:00,840.34,734.09,88.55,17.71,914.58,818.26,96.32,1002.60,28.55,1.40,0.00,0.00
2009-12-03 11:00:00,985.80,870.14,95.56,20.11,1038.74,934.80,103.94,1017.58,31.17,1.71,0.00,0.00
2009-12-03 12:00:00,1061.12,940.69,99.09,21.34,1102.48,994.70,107.78,1022.45,33.21,2.16,0.00,0.00
2009-12-03 13:00:00,1061.90,941.46,99.09,21.35,1102.74,994.96,107.78,1020.52,32.69,2.58,0.00,0.00
2009-12-03 14:00:00,987.71,872.06,95.54,20.12,1039.18,935.26,103.92,1011.23,31.86,2.78,0.00,0.00
2009-12-03 15:00:00,843.71,737.48,88.51,17.72,915.34,819.06,96.28,991.60,30.89,2.90,0.00,0.00
2009-12-03 16:00:00,644.19,551.41,78.40,14.38,742.60,657.32,85.28,959.51,29.74,2.89,0.00,0.00
2009-12-03 17:00:00,408.08,332.42,65.31,10.35,534.80,463.76,71.04,906.24,28.26,2.59,0.00,0.00
2009-12-03 18:00:00,164.02,108.89,49.09,6.03,311.62,258.22,53.40,812.94,25.84,1.62,0.00,0.00
2009-12-03 19:00:00,27.54,0.00,25.74,1.80,93.08,65.08,28.00,559.47,23.29,0.92,0.00,0.00
2009-12-03 20:00:00,0.00,0.00,0.00,0.00,0.00,0.00,0.00,0.00,21.17,0.17,1.00,0.00
2009-12-03 21:00:00,0.00,0.00,0.00,0.00,0.00,0.00,0.00,0.00,19.38,0.42,1.00,0.00
2009-12-03 22:00:00,0.00,0.00,0.00,0.00,0.00,0.00,0.00,0.00,17.95,0.61,1.00,0.00
2009-12-03 23:00:00,0.00,0.00,0.00,0.00,0.00,0.00,0.00,0.00,16.75,0.64,1.00,0.00
2009-12-04 00:00:00,0.00,0.00,0.00,0.00,0.00,0.00,0.00,0.00,15.70,0.55,1.00,0.00
2009-12-04 01:00:00,0.00,0.00,0.00,0.00,0.00,0.00,0.00,0.00,14.82,0.62,1.00,0.00
2009-12-04 02:00:00,0.00,0.00,0.00,0.00,0.00,0.00,0.00,0.00,13.74,0.62,1.00,0.00
2009-12-04 03:00:00,0.00,0.00,0.00,0.00,0.00,0.00,0.00,0.00,12.85,0.58,1.00,0.00
2009-12-04 04:00:00,0.00,0.00,0.00,0.00,0.00,0.00,0.00,0.00,12.22,0.49,1.00,0.00
2009-12-04 05:00:00,0.00,0.00,0.00,0.00,0.00,0.00,0.00,0.00,11.62,0.22,1.00,0.00
2009-12-04 06:00:00,23.49,0.00,23.00,0.48,25.02,0.00,25.02,0.00,12.55,0.13,1.00,0.00
2009-12-04 07:00:00,143.94,90.67,47.60,5.67,292.64,240.86,51.78,800.10,15.39,0.27,0.00,0.00
2009-12-04 08:00:00,388.34,313.93,64.37,10.04,518.62,448.60,70.02,904.04,18.09,0.70,0.00,0.00
2009-12-04 09:00:00,624.85,533.23,77.56,14.07,726.58,642.22,84.36,956.08,20.76,1.12,0.00,0.00
2009-12-04 10:00:00,824.86,719.72,87.72,17.41,899.28,803.86,95.42,985.32,23.98,1.50,0.00,0.00
2009-12-04 11:00:00,969.83,855.24,94.78,19.81,1023.42,920.32,103.10,1001.81,26.18,1.92,0.00,0.00
2009-12-04 12:00:00,833.13,55.96,760.01,17.15,885.96,59.26,826.70,60.90,27.30,2.56,0.00,1.00
2009-12-04 13:00:00,883.96,68.75,797.01,18.19,939.70,72.76,866.94,74.58,28.24,2.97,0.00,1.00
2009-12-04 14:00:00,831.89,54.29,760.46,17.14,885.48,58.30,827.18,62.97,27.45,3.25,0.00,1.00
2009-12-04 15:00:00,543.40,13.90,518.28,11.21,579.22,15.46,563.76,18.69,26.44,3.21,0.00,1.00
2009-12-04 16:00:00,323.91,5.40,311.82,6.69,345.62,6.44,339.18,9.38,25.34,3.03,0.00,1.00
2009-12-04 17:00:00,214.34,3.25,206.65,4.44,229.32,4.54,224.78,8.84,23.69,2.81,0.00,1.00
2009-12-04 18:00:00,99.07,1.08,95.92,2.07,106.88,2.54,104.34,7.93,21.77,2.07,0.00,1.00
2009-12-04 19:00:00,27.67,0.00,25.87,1.80,92.90,64.76,28.14,544.55,20.19,1.28,0.00,0.00
2009-12-04 20:00:00,0.00,0.00,0.00,0.00,0.00,0.00,0.00,0.00,18.71,0.80,1.00,0.00
2009-12-04 21:00:00,0.00,0.00,0.00,0.00,0.00,0.00,0.00,0.00,17.55,0.49,1.00,0.00
2009-12-04 22:00:00,0.00,0.00,0.00,0.00,0.00,0.00,0.00,0.00,16.57,0.29,1.00,0.00
2009-12-04 23:00:00,0.00,0.00,0.00,0.00,0.00,0.00,0.00,0.00,15.64,0.23,1.00,0.00
2009-12-05 00:00:00,0.00,0.00,0.00,0.00,0.00,0.00,0.00,0.00,14.59,0.14,1.00,0.00
2009-12-05 01:00:00,0.00,0.00,0.00,0.00,0.00,0.00,0.00,0.00,13.73,0.15,1.00,0.00
2009-12-05 02:00:00,0.00,0.00,0.00,0.00,0.00,0.00,0.00,0.00,12.92,0.19,1.00,0.00
2009-12-05 03:00:00,0.00,0.00,0.00,0.00,0.00,0.00,0.00,0.00,11.47,0.31,1.00,0.00
2009-12-05 04:00:00,0.00,0.00,0.00,0.00,0.00,0.00,0.00,0.00,10.57,0.24,1.00,0.00
2009-12-05 05:00:00,0.00,0.00,0.00,0.00,0.00,0.00,0.00,0.00,9.55,0.22,1.00,0.00
2009-12-05 06:00:00,14.53,0.00,14.23,0.30,15.48,0.00,15.48,0.00,10.65,0.15,1.00,1.00
2009-12-05 07:00:00,80.82,0.88,78.25,1.69,87.48,2.36,85.12,7.85,13.62,0.33,0.00,1.00
2009-12-05 08:00:00,383.05,309.12,63.99,9.94,513.32,443.72,69.60,895.03,16.49,0.78,0.00,0.00
2009-12-05 09:00:00,617.69,526.64,77.11,13.94,719.86,635.98,83.88,947.34,19.32,1.25,0.00,0.00
2009-12-05 10:00:00,816.29,711.77,87.26,17.26,891.46,796.54,94.92,976.59,22.29,1.62,0.00,0.00
2009-12-05 11:00:00,960.31,846.39,94.27,19.65,1014.78,912.24,102.54,993.09,24.03,2.29,0.00,0.00
2009-12-05 12:00:00,1035.74,917.00,97.85,20.89,1078.80,972.36,106.44,998.99,25.24,2.72,0.00,0.00
2009-12-05 13:00:00,1037.81,918.94,97.96,20.91,1080.30,973.74,106.56,997.50,26.09,3.05,0.00,0.00
2009-12-05 14:00:00,966.79,852.51,94.54,19.74,1019.44,916.60,102.84,988.93,25.65,3.30,0.00,0.00
2009-12-05 15:00:00,830.31,724.89,87.94,17.48,902.76,807.10,95.66,973.77,25.08,3.19,0.00,0.00
2009-12-05 16:00:00,637.85,545.42,78.16,14.26,736.84,651.82,85.02,946.58,24.20,3.07,0.00,0.00
2009-12-05 17:00:00,407.23,331.48,65.40,10.35,534.44,463.30,71.14,897.98,22.89,2.70,0.00,0.00
2009-12-05 18:00:00,164.38,109.24,49.13,6.01,310.42,256.98,53.44,797.01,20.99,1.73,0.00,0.00
2009-12-05 19:00:00,28.01,0.00,26.18,1.82,94.26,65.78,28.48,541.30,18.78,0.74,0.00,0.00
2009-12-05 20:00:00,0.00,0.00,0.00,0.00,0.00,0.00,0.00,0.00,17.41,0.16,1.00,0.00
2009-12-05 21:00:00,0.00,0.00,0.00,0.00,0.00,0.00,0.00,0.00,16.30,0.25,1.00,0.00
2009-12-05 22:00:00,0.00,0.00,0.00,0.00,0.00,0.00,0.00,0.00,15.47,0.44,1.00,0.00
2009-12-05 23:00:00,0.00,0.00,0.00,0.00,0.00,0.00,0.00,0.00,14.72,0.47,1.00,0.00
2009-12-06 00:00:00,0.00,0.00,0.00,0.00,0.00,0.00,0.00,0.00,14.11,0.26,1.00,0.00
2009-12-06 01:00:00,0.00,0.00,0.00,0.00,0.00,0.00,0.00,0.00,13.31,0.16,1.00,0.00
2009-12-06 02:00:00,0.00,0.00,0.00,0.00,0.00,0.00,0.00,0.00,12.73,0.34,1.00,0.00
2009-12-06 03:00:00,0.00,0.00,0.00,0.00,0.00,0.00,0.00,0.00,12.28,0.38,1.00,0.00
2009-12-06 04:00:00,0.00,0.00,0.00,0.00,0.00,0.00,0.00,0.00,11.75,0.36,1.00,0.00
2009-12-06 05:00:00,0.00,0.00,0.00,0.00,0.00,0.00,0.00,0.00,11.27,0.19,1.00,0.00
2009-12-06 06:00:00,22.38,0.00,21.92,0.46,23.84,0.00,23.84,0.00,12.51,0.16,1.00,1.00
2009-12-06 07:00:00,92.58,0.86,89.78,1.94,100.02,2.36,97.66,7.86,14.90,0.28,0.00,1.00
2009-12-06 08:00:00,378.74,304.99,63.89,9.86,509.16,439.66,69.50,887.65,17.75,0.75,0.00,0.00
2009-12-06 09:00:00,611.27,520.49,76.97,13.82,713.88,630.16,83.72,939.21,20.69,1.16,0.00,0.00
2009-12-06 10:00:00,807.62,703.51,87.01,17.10,883.40,788.76,94.64,967.53,23.50,1.55,0.00,0.00
2009-12-06 11:00:00,949.83,836.43,93.94,19.46,1005.04,902.86,102.18,983.03,25.34,2.05,0.00,0.00
2009-12-06 12:00:00,845.00,58.34,769.26,17.40,898.70,61.94,836.76,63.62,26.88,2.58,0.00,1.00
2009-12-06 13:00:00,1025.90,907.68,97.52,20.70,1069.06,962.98,106.08,985.91,26.27,2.89,0.00,0.00
2009-12-06 14:00:00,784.12,44.22,723.74,16.16,834.84,47.60,787.24,51.30,26.17,3.08,0.00,1.00
2009-12-06 15:00:00,643.15,22.36,607.52,13.28,685.74,24.92,660.82,30.02,24.91,2.95,0.00,1.00
2009-12-06 16:00:00,337.54,5.38,325.19,6.97,360.16,6.44,353.72,9.33,23.75,2.80,0.00,1.00
2009-12-06 17:00:00,238.44,3.26,230.24,4.94,255.00,4.56,250.44,8.80,22.59,2.62,0.00,1.00
2009-12-06 18:00:00,136.22,1.09,132.29,2.84,146.46,2.56,143.90,7.88,20.65,2.13,0.00,1.00
2009-12-06 19:00:00,28.55,0.00,26.66,1.89,97.38,68.38,29.00,551.68,18.52,1.39,0.00,0.00
2009-12-06 20:00:00,0.00,0.00,0.00,0.00,0.00,0.00,0.00,0.00,16.95,0.74,1.00,0.00
2009-12-06 21:00:00,0.00,0.00,0.00,0.00,0.00,0.00,0.00,0.00,15.71,0.45,1.00,0.00
2009-12-06 22:00:00,0.00,0.00,0.00,0.00,0.00,0.00,0.00,0.00,14.81,0.19,1.00,0.00
2009-12-06 23:00:00,0.00,0.00,0.00,0.00,0.00,0.00,0.00,0.00,14.11,0.09,1.00,0.00
2009-12-07 00:00:00,0.00,0.00,0.00,0.00,0.00,0.00,0.00,0.00,13.27,0.11,1.00,0.00
2009-12-07 01:00:00,0.00,0.00,0.00,0.00,0.00,0.00,0.00,0.00,12.63,0.14,1.00,0.00
2009-12-07 02:00:00,0.00,0.00,0.00,0.00,0.00,0.00,0.00,0.00,11.90,0.21,1.00,0.00
2009-12-07 03:00:00,0.00,0.00,0.00,0.00,0.00,0.00,0.00,0.00,10.96,0.24,1.00,0.00
2009-12-07 04:00:00,0.00,0.00,0.00,0.00,0.00,0.00,0.00,0.00,10.20,0.30,1.00,0.00
2009-12-07 05:00:00,0.00,0.00,0.00,0.00,0.00,0.00,0.00,0.00,9.85,0.24,1.00,0.00
2009-12-07 06:00:00,23.07,0.00,22.60,0.48,24.58,0.00,24.58,0.00,11.47,0.17,1.00,0.00
2009-12-07 07:00:00,136.13,83.64,47.01,5.48,283.14,232.00,51.14,773.66,13.99,0.42,0.00,0.00
2009-12-07 08:00:00,374.82,301.34,63.69,9.79,505.60,436.32,69.28,881.99,16.20,0.82,0.00,0.00
2009-12-07 09:00:00,609.28,518.54,76.93,13.81,713.10,629.42,83.68,938.84,18.97,1.29,0.00,0.00
2009-12-07 10:00:00,810.11,705.69,87.24,17.18,887.52,792.62,94.90,972.75,21.40,1.67,0.00,0.00
2009-12-07 11:00:00,957.94,843.78,94.51,19.65,1014.90,912.10,102.80,993.24,23.58,2.26,0.00,0.00
2009-12-07 12:00:00,1034.99,915.90,98.17,20.92,1080.54,973.76,106.78,1000.02,25.16,2.73,0.00,0.00
2009-12-07 13:00:00,1038.97,919.67,98.31,20.98,1083.70,976.76,106.94,999.48,25.86,3.06,0.00,0.00
2009-12-07 14:00:00,969.39,854.58,94.99,19.83,1024.22,920.90,103.32,991.48,25.39,3.25,0.00,0.00
2009-12-07 15:00:00,832.90,727.00,88.33,17.56,907.28,811.20,96.08,975.51,24.46,3.24,0.00,0.00
2009-12-07 16:00:00,640.33,547.46,78.53,14.34,740.90,655.48,85.42,947.03,23.38,2.96,0.00,0.00
2009-12-07 17:00:00,409.80,333.60,65.77,10.42,538.34,466.80,71.54,897.49,21.98,2.73,0.00,0.00
2009-12-07 18:00:00,167.48,111.82,49.57,6.09,314.60,260.68,53.92,796.66,20.19,1.91,0.00,0.00
2009-12-07 19:00:00,28.86,0.00,26.95,1.91,98.66,69.34,29.32,547.95,18.00,1.07,0.00,0.00
2009-12-07 20:00:00,0.00,0.00,0.00,0.00,0.00,0.00,0.00,0.00,16.42,0.40,1.00,0.00
2009-12-07 21:00:00,0.00,0.00,0.00,0.00,0.00,0.00,0.00,0.00,15.31,0.09,1.00,0.00
2009-12-07 22:00:00,0.00,0.00,0.00,0.00,0.00,0.00,0.00,0.00,14.71,0.10,1.00,0.00
2009-12-07 23:00:00,0.00,0.00,0.00,0.00,0.00,0.00,0.00,0.00,14.17,0.22,1.00,0.00
2009-12-08 00:00:00,0.00,0.00,0.00,0.00,0.00,0.00,0.00,0.00,13.62,0.06,1.00,0.00
2009-12-08 01:00:00,0.00,0.00,0.00,0.00,0.00,0.00,0.00,0.00,13.03,0.10,1.00,0.00
2009-12-08 02:00:00,0.00,0.00,0.00,0.00,0.00,0.00,0.00,0.00,12.56,0.14,1.00,0.00
2009-12-08 03:00:00,0.00,0.00,0.00,0.00,0.00,0.00,0.00,0.00,11.80,0.17,1.00,0.00
2009-12-08 04:00:00,0.00,0.00,0.00,0.00,0.00,0.00,0.00,0.00,11.01,0.22,1.00,0.00
2009-12-08 05:00:00,0.00,0.00,0.00,0.00,0.00,0.00,0.00,0.00,10.56,0.25,1.00,0.00
2009-12-08 06:00:00,23.20,0.00,22.73,0.48,24.72,0.00,24.72,0.00,11.65,0.31,1.00,0.00
2009-12-08 07:00:00,137.11,84.14,47.38,5.59,288.58,237.04,51.54,792.23,14.46,0.51,0.00,0.00
2009-12-08 08:00:00,379.76,305.60,64.21,9.95,514.18,444.34,69.84,899.30,16.86,0.88,0.00,0.00
2009-12-08 09:00:00,616.57,525.10,77.46,14.00,723.22,638.96,84.26,953.99,19.65,1.30,0.00,0.00
2009-12-08 10:00:00,818.63,713.52,87.72,17.39,898.22,802.80,95.42,985.73,22.51,1.67,0.00,0.00
2009-12-08 11:00:00,966.47,851.72,94.91,19.85,1025.16,921.92,103.24,1004.16,24.61,2.29,0.00,0.00
2009-12-08 12:00:00,1044.11,924.36,98.63,21.12,1091.16,983.88,107.28,1010.29,26.47,2.69,0.00,0.00
2009-12-08 13:00:00,1048.13,928.10,98.85,21.18,1094.28,986.76,107.52,1009.18,27.62,3.07,0.00,0.00
2009-12-08 14:00:00,978.34,862.77,95.54,20.03,1034.56,930.64,103.92,1001.00,27.10,3.34,0.00,0.00
2009-12-08 15:00:00,840.64,734.05,88.84,17.74,916.42,819.78,96.64,984.34,26.21,3.26,0.00,0.00
2009-12-08 16:00:00,646.96,553.41,79.04,14.50,749.12,663.14,85.98,955.66,25.03,2.97,0.00,0.00
2009-12-08 17:00:00,414.90,338.09,66.25,10.55,545.20,473.14,72.06,906.05,23.69,2.71,0.00,0.00
2009-12-08 18:00:00,171.39,115.06,50.10,6.22,321.40,266.90,54.50,809.95,21.62,1.78,0.00,0.00
2009-12-08 19:00:00,29.52,0.00,27.52,2.00,103.28,73.34,29.94,568.67,19.08,0.78,0.00,0.00
2009-12-08 20:00:00,0.00,0.00,0.00,0.00,0.00,0.00,0.00,0.00,17.56,0.19,1.00,0.00
2009-12-08 21:00:00,0.00,0.00,0.00,0.00,0.00,0.00,0.00,0.00,16.41,0.16,1.00,0.00
2009-12-08 22:00:00,0.00,0.00,0.00,0.00,0.00,0.00,0.00,0.00,15.48,0.49,1.00,0.00
2009-12-08 23:00:00,0.00,0.00,0.00,0.00,0.00,0.00,0.00,0.00,14.72,0.55,1.00,0.00
2009-12-09 00:00:00,0.00,0.00,0.00,0.00,0.00,0.00,0.00,0.00,14.19,0.47,1.00,0.00
2009-12-09 01:00:00,0.00,0.00,0.00,0.00,0.00,0.00,0.00,0.00,13.59,0.43,1.00,0.00
2009-12-09 02:00:00,0.00,0.00,0.00,0.00,0.00,0.00,0.00,0.00,12.95,0.41,1.00,0.00
2009-12-09 03:00:00,0.00,0.00,0.00,0.00,0.00,0.00,0.00,0.00,12.42,0.50,1.00,0.00
2009-12-09 04:00:00,0.00,0.00,0.00,0.00,0.00,0.00,0.00,0.00,11.53,0.45,1.00,0.00
2009-12-09 05:00:00,0.00,0.00,0.00,0.00,0.00,0.00,0.00,0.00,12.70,0.25,1.00,0.00
2009-12-09 06:00:00,23.50,0.00,23.02,0.48,25.04,0.00,25.04,0.00,13.80,0.13,1.00,0.00
2009-12-09 07:00:00,139.90,86.07,48.04,5.78,298.60,246.34,52.26,825.15,16.91,0.33,0.00,0.00
2009-12-09 08:00:00,390.12,314.69,65.16,10.27,530.30,459.42,70.88,931.25,19.87,0.77,0.00,0.00
2009-12-09 09:00:00,632.08,539.06,78.64,14.38,742.94,657.40,85.54,982.47,22.46,1.24,0.00,0.00
2009-12-09 10:00:00,836.89,730.02,89.07,17.80,919.60,822.72,96.88,1010.82,25.60,1.53,0.00,0.00
2009-12-09 11:00:00,986.13,869.56,96.29,20.27,1047.22,942.48,104.74,1026.79,27.77,2.17,0.00,0.00
2009-12-09 12:00:00,1061.66,940.33,99.82,21.50,1110.52,1001.94,108.58,1028.75,29.26,2.56,0.00,0.00
2009-12-09 13:00:00,1062.64,941.34,99.80,21.50,1110.44,1001.88,108.56,1024.11,30.07,2.88,0.00,0.00
2009-12-09 14:00:00,989.94,873.37,96.29,20.28,1047.62,942.88,104.74,1013.19,29.45,3.12,0.00,0.00
2009-12-09 15:00:00,847.73,740.48,89.34,17.90,924.82,827.64,97.18,992.17,28.39,3.12,0.00,0.00
2009-12-09 16:00:00,650.44,556.55,79.30,14.59,753.62,667.36,86.26,959.49,27.12,2.91,0.00,0.00
2009-12-09 17:00:00,416.56,339.59,66.38,10.60,547.52,475.32,72.20,906.87,25.52,2.66,0.00,0.00
2009-12-09 18:00:00,173.68,117.01,50.38,6.29,325.02,270.22,54.80,814.73,23.18,1.60,0.00,0.00
2009-12-09 19:00:00,30.05,0.00,27.98,2.06,106.58,76.14,30.44,579.49,20.39,0.76,0.00,0.00
2009-12-09 20:00:00,0.00,0.00,0.00,0.00,0.00,0.00,0.00,0.00,18.28,0.14,1.00,0.00
2009-12-09 21:00:00,0.00,0.00,0.00,0.00,0.00,0.00,0.00,0.00,16.52,0.32,1.00,0.00
2009-12-09 22:00:00,0.00,0.00,0.00,0.00,0.00,0.00,0.00,0.00,15.32,0.62,1.00,0.00
2009-12-09 23:00:00,0.00,0.00,0.00,0.00,0.00,0.00,0.00,0.00,14.38,0.70,1.00,0.00
2009-12-10 00:00:00,0.00,0.00,0.00,0.00,0.00,0.00,0.00,0.00,13.56,0.60,1.00,0.00
2009-12-10 01:00:00,0.00,0.00,0.00,0.00,0.00,0.00,0.00,0.00,12.80,0.57,1.00,0.00
2009-12-10 02:00:00,0.00,0.00,0.00,0.00,0.00,0.00,0.00,0.00,12.04,0.52,1.00,0.00
2009-12-10 03:00:00,0.00,0.00,0.00,0.00,0.00,0.00,0.00,0.00,11.15,0.50,1.00,0.00
2009-12-10 04:00:00,0.00,0.00,0.00,0.00,0.00,0.00,0.00,0.00,10.38,0.42,1.00,0.00
2009-12-10 05:00:00,0.00,0.00,0.00,0.00,0.00,0.00,0.00,0.00,11.01,0.22,1.00,0.00
2009-12-10 06:00:00,23.00,0.00,22.52,0.47,24.50,0.00,24.50,0.00,12.08,0.07,1.00,0.00
2009-12-10 07:00:00,133.13,80.51,47.11,5.52,285.00,233.76,51.24,784.76,14.84,0.35,0.00,0.00
2009-12-10 08:00:00,372.44,298.83,63.78,9.82,507.44,438.06,69.38,889.33,17.80,0.87,0.00,0.00
2009-12-10 09:00:00,605.05,514.40,76.86,13.79,712.34,628.74,83.60,940.73,20.67,1.27,0.00,0.00
2009-12-10 10:00:00,802.02,698.03,86.91,17.08,882.38,787.84,94.54,968.57,23.23,1.65,0.00,0.00
2009-12-10 11:00:00,945.21,831.87,93.88,19.45,1004.84,902.72,102.12,983.77,25.10,2.13,0.00,0.00
2009-12-10 12:00:00,1020.97,902.77,97.50,20.69,1068.98,962.92,106.06,988.61,26.32,2.64,0.00,0.00
2009-12-10 13:00:00,1024.51,906.09,97.67,20.74,1071.42,965.18,106.24,986.16,26.94,2.98,0.00,0.00
2009-12-10 14:00:00,955.94,841.96,94.38,19.60,1012.34,909.68,102.66,976.64,26.50,3.20,0.00,0.00
2009-12-10 15:00:00,821.01,715.90,87.76,17.35,896.20,800.74,95.46,958.48,25.43,3.24,0.00,0.00
2009-12-10 16:00:00,631.56,539.30,78.09,14.17,731.98,647.04,84.94,928.10,24.20,2.90,0.00,0.00
2009-12-10 17:00:00,405.36,329.54,65.51,10.31,532.50,461.24,71.26,876.77,22.72,2.73,0.00,0.00
2009-12-10 18:00:00,171.15,114.99,49.99,6.17,318.50,264.12,54.38,790.85,20.81,2.00,0.00,0.00
2009-12-10 19:00:00,30.19,0.00,28.13,2.06,106.40,75.80,30.60,567.19,18.80,1.17,0.00,0.00
2009-12-10 20:00:00,0.00,0.00,0.00,0.00,0.00,0.00,0.00,0.00,17.22,0.55,1.00,0.00
2009-12-10 21:00:00,0.00,0.00,0.00,0.00,0.00,0.00,0.00,0.00,16.02,0.30,1.00,0.00
2009-12-10 22:00:00,0.00,0.00,0.00,0.00,0.00,0.00,0.00,0.00,15.03,0.12,1.00,0.00
2009-12-10 23:00:00,0.00,0.00,0.00,0.00,0.00,0.00,0.00,0.00,14.28,0.24,1.00,0.00
2009-12-11 00:00:00,0.00,0.00,0.00,0.00,0.00,0.00,0.00,0.00,13.54,0.33,1.00,0.00
2009-12-11 01:00:00,0.00,0.00,0.00,0.00,0.00,0.00,0.00,0.00,12.97,0.28,1.00,0.00
2009-12-11 02:00:00,0.00,0.00,0.00,0.00,0.00,0.00,0.00,0.00,12.56,0.28,1.00,0.00
2009-12-11 03:00:00,0.00,0.00,0.00,0.00,0.00,0.00,0.00,0.00,11.96,0.21,1.00,0.00
2009-12-11 04:00:00,0.00,0.00,0.00,0.00,0.00,0.00,0.00,0.00,11.03,0.23,1.00,0.00
2009-12-11 05:00:00,0.00,0.00,0.00,0.00,0.00,0.00,0.00,0.00,10.65,0.18,1.00,0.00
2009-12-11 06:00:00,22.74,0.00,22.27,0.47,24.22,0.00,24.22,0.00,12.22,0.16,1.00,0.00
2009-12-11 07:00:00,130.26,77.97,46.85,5.44,280.92,229.96,50.96,774.17,15.23,0.35,0.00,0.00
2009-12-11 08:00:00,368.14,294.86,63.54,9.74,503.08,433.96,69.12,882.64,18.53,0.73,0.00,0.00
2009-12-11 09:00:00,602.28,511.74,76.78,13.75,710.34,626.82,83.52,938.95,22.02,1.08,0.00,0.00
2009-12-11 10:00:00,802.91,698.71,87.08,17.12,884.50,789.78,94.72,971.68,25.33,1.48,0.00,0.00
2009-12-11 11:00:00,950.70,836.81,94.31,19.59,1011.68,909.10,102.58,991.09,28.09,2.03,0.00,0.00
2009-12-11 12:00:00,1027.88,909.04,97.98,20.85,1077.04,970.46,106.58,996.35,29.37,2.50,0.00,0.00
2009-12-11 13:00:00,1032.03,912.98,98.15,20.91,1080.06,973.30,106.76,994.02,28.63,2.96,0.00,0.00
2009-12-11 14:00:00,963.60,848.98,94.86,19.77,1021.16,917.98,103.18,984.61,27.73,3.12,0.00,0.00
2009-12-11 15:00:00,829.74,723.83,88.37,17.54,906.26,810.14,96.12,968.29,26.66,3.21,0.00,0.00
2009-12-11 16:00:00,640.22,547.11,78.73,14.37,742.34,656.70,85.64,939.77,25.41,2.77,0.00,0.00
2009-12-11 17:00:00,412.73,336.06,66.17,10.50,542.20,470.22,71.98,890.33,24.54,2.64,0.00,0.00
2009-12-11 18:00:00,173.11,116.66,50.23,6.21,320.98,266.34,54.64,792.42,22.86,1.68,0.00,0.00
2009-12-11 19:00:00,30.30,0.00,28.24,2.06,106.42,75.70,30.72,556.37,20.75,0.85,0.00,0.00
2009-12-11 20:00:00,0.00,0.00,0.00,0.00,0.00,0.00,0.00,0.00,19.19,0.39,1.00,0.00
2009-12-11 21:00:00,0.00,0.00,0.00,0.00,0.00,0.00,0.00,0.00,17.94,0.17,1.00,0.00
2009-12-11 22:00:00,0.00,0.00,0.00,0.00,0.00,0.00,0.00,0.00,16.55,0.38,1.00,0.00
2009-12-11 23:00:00,0.00,0.00,0.00,0.00,0.00,0.00,0.00,0.00,15.51,0.44,1.00,0.00
2009-12-12 00:00:00,0.00,0.00,0.00,0.00,0.00,0.00,0.00,0.00,14.60,0.46,1.00,0.00
2009-12-12 01:00:00,0.00,0.00,0.00,0.00,0.00,0.00,0.00,0.00,14.18,0.43,1.00,0.00
2009-12-12 02:00:00,0.00,0.00,0.00,0.00,0.00,0.00,0.00,0.00,13.34,0.51,1.00,0.00
2009-12-12 03:00:00,0.00,0.00,0.00,0.00,0.00,0.00,0.00,0.00,12.85,0.46,1.00,0.00
2009-12-12 04:00:00,0.00,0.00,0.00,0.00,0.00,0.00,0.00,0.00,12.04,0.49,1.00,0.00
2009-12-12 05:00:00,0.00,0.00,0.00,0.00,0.00,0.00,0.00,0.00,13.80,0.25,1.00,0.00
2009-12-12 06:00:00,22.94,0.00,22.47,0.47,24.44,0.00,24.44,0.00,14.99,0.23,1.00,0.00
2009-12-12 07:00:00,131.13,78.31,47.27,5.54,286.30,234.88,51.42,793.40,17.62,0.04,0.00,0.00
2009-12-12 08:00:00,373.12,299.09,64.13,9.90,511.60,441.84,69.76,900.33,21.52,0.47,0.00,0.00
2009-12-12 09:00:00,610.14,518.71,77.46,13.96,720.98,636.72,84.26,954.90,25.15,0.86,0.00,0.00
2009-12-12 10:00:00,812.34,707.20,87.80,17.35,896.00,800.50,95.50,985.74,28.21,1.34,0.00,0.00
2009-12-12 11:00:00,960.82,845.99,95.02,19.81,1023.40,920.04,103.36,1003.40,30.96,1.60,0.00,0.00
2009-12-12 12:00:00,1036.89,917.25,98.59,21.05,1087.32,980.08,107.24,1006.23,32.89,2.06,0.00,0.00
2009-12-12 13:00:00,1040.24,920.45,98.70,21.09,1089.32,981.96,107.36,1002.47,32.36,2.48,0.00,0.00
2009-12-12 14:00:00,970.39,855.15,95.32,19.92,1028.92,925.24,103.68,991.53,31.81,2.72,0.00,0.00
2009-12-12 15:00:00,835.13,728.75,88.72,17.67,912.56,816.06,96.50,973.92,30.77,2.43,0.00,0.00
2009-12-12 16:00:00,644.14,550.69,78.99,14.46,747.12,661.20,85.92,944.02,29.69,2.39,0.00,0.00
2009-12-12 17:00:00,415.60,338.66,66.38,10.57,545.88,473.68,72.20,893.87,28.10,1.91,0.00,0.00
2009-12-12 18:00:00,176.73,119.71,50.69,6.33,326.98,271.84,55.14,803.68,26.22,1.12,0.00,0.00
2009-12-12 19:00:00,31.00,0.00,28.85,2.16,111.38,80.00,31.38,579.14,23.71,0.54,0.00,0.00
2009-12-12 20:00:00,0.00,0.00,0.00,0.00,0.00,0.00,0.00,0.00,21.94,0.27,1.00,0.00
2009-12-12 21:00:00,0.00,0.00,0.00,0.00,0.00,0.00,0.00,0.00,20.52,0.59,1.00,0.00
2009-12-12 22:00:00,0.00,0.00,0.00,0.00,0.00,0.00,0.00,0.00,19.33,0.74,1.00,0.00
2009-12-12 23:00:00,0.00,0.00,0.00,0.00,0.00,0.00,0.00,0.00,18.30,0.75,1.00,0.00
2009-12-13 00:00:00,0.00,0.00,0.00,0.00,0.00,0.00,0.00,0.00,17.09,0.78,1.00,0.00
2009-12-13 01:00:00,0.00,0.00,0.00,0.00,0.00,0.00,0.00,0.00,15.84,0.92,1.00,0.00
2009-12-13 02:00:00,0.00,0.00,0.00,0.00,0.00,0.00,0.00,0.00,14.64,0.91,1.00,0.00
2009-12-13 03:00:00,0.00,0.00,0.00,0.00,0.00,0.00,0.00,0.00,14.17,0.78,1.00,0.00
2009-12-13 04:00:00,0.00,0.00,0.00,0.00,0.00,0.00,0.00,0.00,13.35,0.71,1.00,0.00
2009-12-13 05:00:00,0.00,0.00,0.00,0.00,0.00,0.00,0.00,0.00,14.21,0.65,1.00,0.00
2009-12-13 06:00:00,22.55,0.00,22.08,0.47,24.02,0.00,24.02,0.00,15.10,0.28,1.00,0.00
2009-12-13 07:00:00,126.95,74.81,46.74,5.40,278.92,228.08,50.84,773.04,18.79,0.20,0.00,0.00
2009-12-13 08:00:00,364.09,290.96,63.43,9.69,500.52,431.52,69.00,881.22,21.93,0.64,0.00,0.00
2009-12-13 09:00:00,595.97,505.78,76.54,13.65,705.28,622.02,83.26,934.13,24.77,1.00,0.00,0.00
2009-12-13 10:00:00,613.01,19.04,581.31,12.66,653.90,21.58,632.32,26.59,26.82,1.59,0.00,1.00
2009-12-13 11:00:00,714.42,32.34,667.35,14.73,761.10,35.20,725.90,38.41,28.28,1.75,0.00,1.00
2009-12-13 12:00:00,486.07,11.07,464.98,10.02,517.62,11.84,505.78,12.16,29.64,2.31,0.00,1.00
2009-12-13 13:00:00,673.37,27.78,631.71,13.88,716.80,29.66,687.14,30.27,30.34,2.71,0.00,1.00
2009-12-13 14:00:00,762.34,40.18,706.44,15.72,811.92,43.50,768.42,46.58,29.62,2.98,0.00,1.00
2009-12-13 15:00:00,652.45,23.28,615.70,13.47,695.80,26.08,669.72,31.08,28.24,2.78,0.00,1.00
2009-12-13 16:00:00,359.42,5.43,346.57,7.42,383.50,6.52,376.98,9.29,27.10,3.00,0.00,1.00
2009-12-13 17:00:00,208.15,3.33,200.51,4.31,222.76,4.66,218.10,8.76,25.73,2.69,0.00,1.00
2009-12-13 18:00:00,56.36,1.19,53.98,1.19,61.40,2.68,58.72,7.87,24.01,1.90,0.00,1.00
2009-12-13 19:00:00,31.20,0.00,29.03,2.17,111.84,80.26,31.58,571.72,22.35,1.20,0.00,0.00
2009-12-13 20:00:00,0.00,0.00,0.00,0.00,0.00,0.00,0.00,0.00,20.99,0.62,1.00,0.00
2009-12-13 21:00:00,0.00,0.00,0.00,0.00,0.00,0.00,0.00,0.00,19.91,0.49,1.00,0.00
2009-12-13 22:00:00,0.00,0.00,0.00,0.00,0.00,0.00,0.00,0.00,18.85,0.13,1.00,0.00
2009-12-13 23:00:00,0.00,0.00,0.00,0.00,0.00,0.00,0.00,0.00,17.90,0.47,1.00,0.00
2009-12-14 00:00:00,0.00,0.00,0.00,0.00,0.00,0.00,0.00,0.00,16.73,0.41,1.00,0.00
2009-12-14 01:00:00,0.00,0.00,0.00,0.00,0.00,0.00,0.00,0.00,15.61,0.51,1.00,0.00
2009-12-14 02:00:00,0.00,0.00,0.00,0.00,0.00,0.00,0.00,0.00,15.30,0.14,1.00,0.00
2009-12-14 03:00:00,0.00,0.00,0.00,0.00,0.00,0.00,0.00,0.00,14.24,0.24,1.00,0.00
2009-12-14 04:00:00,0.00,0.00,0.00,0.00,0.00,0.00,0.00,0.00,13.39,0.28,1.00,0.00
2009-12-14 05:00:00,0.00,0.00,0.00,0.00,0.00,0.00,0.00,0.00,14.54,0.19,1.00,0.00
2009-12-14 06:00:00,22.57,0.00,22.10,0.47,24.04,0.00,24.04,0.00,15.49,0.10,1.00,0.00
2009-12-14 07:00:00,126.72,74.39,46.89,5.45,281.42,230.42,51.00,783.63,17.86,0.22,0.00,0.00
2009-12-14 08:00:00,367.06,293.51,63.75,9.80,506.24,436.90,69.34,894.15,20.94,0.57,0.00,0.00
2009-12-14 09:00:00,603.83,512.87,77.10,13.86,715.82,631.96,83.86,950.36,24.17,0.99,0.00,0.00
2009-12-14 10:00:00,807.27,702.46,87.54,17.27,892.30,797.08,95.22,983.25,27.55,1.50,0.00,0.00
2009-12-14 11:00:00,957.75,843.07,94.89,19.78,1021.78,918.56,103.22,1002.70,29.75,1.73,0.00,0.00
2009-12-14 12:00:00,1037.00,917.31,98.61,21.08,1088.90,981.64,107.26,1007.91,31.23,2.27,0.00,0.00
2009-12-14 13:00:00,1043.33,923.29,98.87,21.18,1093.78,986.24,107.54,1006.09,32.07,2.70,0.00,0.00
2009-12-14 14:00:00,976.29,860.61,95.63,20.06,1036.08,932.06,104.02,997.17,31.64,2.92,0.00,0.00
2009-12-14 15:00:00,842.43,735.48,89.12,17.83,921.18,824.24,96.94,980.91,30.63,2.84,0.00,0.00
2009-12-14 16:00:00,652.40,558.26,79.49,14.65,756.94,670.48,86.46,953.04,29.47,2.83,0.00,0.00
2009-12-14 17:00:00,423.40,345.71,66.93,10.76,555.74,482.94,72.80,905.04,27.86,2.43,0.00,0.00
2009-12-14 18:00:00,179.89,122.60,50.89,6.40,330.40,275.04,55.36,803.39,25.55,1.38,0.00,0.00
2009-12-14 19:00:00,31.43,0.00,29.23,2.19,113.30,81.50,31.80,572.11,22.97,0.61,0.00,0.00
2009-12-14 20:00:00,0.00,0.00,0.00,0.00,0.00,0.00,0.00,0.00,21.20,0.15,1.00,0.00
2009-12-14 21:00:00,0.00,0.00,0.00,0.00,0.00,0.00,0.00,0.00,19.79,0.50,1.00,0.00
2009-12-14 22:00:00,0.00,0.00,0.00,0.00,0.00,0.00,0.00,0.00,18.54,0.72,1.00,0.00
2009-12-14 23:00:00,0.00,0.00,0.00,0.00,0.00,0.00,0.00,0.00,17.40,0.84,1.00,0.00
2009-12-15 00:00:00,0.00,0.00,0.00,0.00,0.00,0.00,0.00,0.00,16.26,0.86,1.00,0.00
2009-12-15 01:00:00,0.00,0.00,0.00,0.00,0.00,0.00,0.00,0.00,15.57,0.90,1.00,0.00
2009-12-15 02:00:00,0.00,0.00,0.00,0.00,0.00,0.00,0.00,0.00,14.69,0.81,1.00,0.00
2009-12-15 03:00:00,0.00,0.00,0.00,0.00,0.00,0.00,0.00,0.00,14.04,0.71,1.00,0.00
2009-12-15 04:00:00,0.00,0.00,0.00,0.00,0.00,0.00,0.00,0.00,13.34,0.60,1.00,0.00
2009-12-15 05:00:00,0.00,0.00,0.00,0.00,0.00,0.00,0.00,0.00,14.44,0.42,1.00,0.00
2009-12-15 06:00:00,22.42,0.00,21.95,0.46,23.88,0.00,23.88,0.00,15.68,0.24,1.00,0.00
2009-12-15 07:00:00,125.47,73.13,46.89,5.45,281.26,230.26,51.00,786.21,18.77,0.16,0.00,0.00
2009-12-15 08:00:00,365.74,292.15,63.80,9.79,505.78,436.38,69.40,895.04,21.97,0.59,0.00,0.00
2009-12-15 09:00:00,601.46,510.56,77.08,13.82,714.00,630.16,83.84,949.14,24.94,0.93,0.00,0.00
2009-12-15 10:00:00,803.25,698.61,87.43,17.20,888.70,793.60,95.10,979.83,27.97,1.47,0.00,0.00
2009-12-15 11:00:00,951.97,837.62,94.67,19.68,1016.32,913.34,102.98,997.54,30.23,1.75,0.00,0.00
2009-12-15 12:00:00,1031.55,912.13,98.44,20.98,1083.74,976.66,107.08,1002.92,31.77,2.32,0.00,0.00
2009-12-15 13:00:00,1038.30,918.46,98.75,21.08,1088.96,981.54,107.42,1000.98,32.79,2.62,0.00,0.00
2009-12-15 14:00:00,972.05,856.51,95.56,19.98,1031.94,928.00,103.94,992.04,32.19,2.92,0.00,0.00
2009-12-15 15:00:00,839.49,732.58,89.14,17.77,918.12,821.16,96.96,975.93,31.23,2.80,0.00,0.00
2009-12-15 16:00:00,650.60,556.42,79.56,14.61,754.80,668.26,86.54,947.88,30.08,2.78,0.00,0.00
2009-12-15 17:00:00,423.08,345.27,67.07,10.74,554.76,481.80,72.96,899.67,28.50,2.36,0.00,0.00
2009-12-15 18:00:00,183.36,125.49,51.37,6.50,335.64,279.76,55.88,812.51,26.29,1.38,0.00,0.00
2009-12-15 19:00:00,32.12,0.00,29.82,2.30,118.70,86.26,32.44,596.84,23.80,0.55,0.00,0.00
2009-12-15 20:00:00,0.00,0.00,0.00,0.00,0.00,0.00,0.00,0.00,22.00,0.10,1.00,0.00
2009-12-15 21:00:00,0.00,0.00,0.00,0.00,0.00,0.00,0.00,0.00,20.69,0.56,1.00,0.00
2009-12-15 22:00:00,0.00,0.00,0.00,0.00,0.00,0.00,0.00,0.00,19.63,0.82,1.00,0.00
2009-12-15 23:00:00,0.00,0.00,0.00,0.00,0.00,0.00,0.00,0.00,18.55,0.84,1.00,0.00
2009-12-16 00:00:00,0.00,0.00,0.00,0.00,0.00,0.00,0.00,0.00,17.41,0.71,1.00,0.00
2009-12-16 01:00:00,0.00,0.00,0.00,0.00,0.00,0.00,0.00,0.00,16.28,0.88,1.00,0.00
2009-12-16 02:00:00,0.00,0.00,0.00,0.00,0.00,0.00,0.00,0.00,14.65,0.74,1.00,0.00
2009-12-16 03:00:00,0.00,0.00,0.00,0.00,0.00,0.00,0.00,0.00,13.74,0.72,1.00,0.00
2009-12-16 04:00:00,0.00,0.00,0.00,0.00,0.00,0.00,0.00,0.00,12.98,0.66,1.00,0.00
2009-12-16 05:00:00,0.00,0.00,0.00,0.00,0.00,0.00,0.00,0.00,14.31,0.43,1.00,0.00
2009-12-16 06:00:00,22.25,0.00,21.79,0.46,23.70,0.00,23.70,0.00,15.76,0.26,1.00,0.00
2009-12-16 07:00:00,123.69,71.48,46.79,5.42,279.98,229.08,50.90,785.77,19.15,0.07,0.00,0.00
2009-12-16 08:00:00,363.49,290.06,63.67,9.76,503.98,434.72,69.26,893.87,22.50,0.49,0.00,0.00
2009-12-16 09:00:00,599.74,508.92,77.02,13.80,712.98,629.20,83.78,949.19,25.88,0.89,0.00,0.00
2009-12-16 10:00:00,802.81,698.17,87.43,17.21,889.00,793.90,95.10,981.31,28.92,1.43,0.00,0.00
2009-12-16 11:00:00,952.86,838.38,94.77,19.71,1017.94,914.86,103.08,999.74,31.33,1.68,0.00,0.00
2009-12-16 12:00:00,1035.48,915.75,98.66,21.07,1088.40,981.08,107.32,1007.58,32.96,2.23,0.00,0.00
2009-12-16 13:00:00,1045.15,924.81,99.10,21.23,1096.58,988.78,107.80,1008.05,34.37,2.62,0.00,0.00
2009-12-16 14:00:00,981.20,864.98,96.05,20.17,1041.88,937.40,104.48,1001.37,33.33,2.73,0.00,0.00
2009-12-16 15:00:00,848.02,740.46,89.60,17.96,927.58,830.12,97.46,985.25,32.47,2.94,0.00,0.00
2009-12-16 16:00:00,658.10,563.32,80.00,14.78,763.46,676.44,87.02,957.47,31.27,2.86,0.00,0.00
2009-12-16 17:00:00,428.94,350.59,67.46,10.88,562.16,488.78,73.38,909.95,29.82,2.61,0.00,0.00
2009-12-16 18:00:00,186.52,128.20,51.74,6.59,340.18,283.90,56.28,819.85,27.25,1.69,0.00,0.00
2009-12-16 19:00:00,32.61,0.00,30.26,2.35,121.24,88.32,32.92,602.45,24.28,0.96,0.00,0.00
2009-12-16 20:00:00,0.00,0.00,0.00,0.00,0.00,0.00,0.00,0.00,21.99,0.17,1.00,0.00
2009-12-16 21:00:00,0.00,0.00,0.00,0.00,0.00,0.00,0.00,0.00,20.33,0.32,1.00,0.00
2009-12-16 22:00:00,0.00,0.00,0.00,0.00,0.00,0.00,0.00,0.00,19.01,0.55,1.00,0.00
2009-12-16 23:00:00,0.00,0.00,0.00,0.00,0.00,0.00,0.00,0.00,17.78,0.54,1.00,0.00
2009-12-17 00:00:00,0.00,0.00,0.00,0.00,0.00,0.00,0.00,0.00,16.84,0.62,1.00,0.00
2009-12-17 01:00:00,0.00,0.00,0.00,0.00,0.00,0.00,0.00,0.00,16.18,0.61,1.00,0.00
2009-12-17 02:00:00,0.00,0.00,0.00,0.00,0.00,0.00,0.00,0.00,14.97,0.57,1.00,0.00
2009-12-17 03:00:00,0.00,0.00,0.00,0.00,0.00,0.00,0.00,0.00,13.68,0.55,1.00,0.00
2009-12-17 04:00:00,0.00,0.00,0.00,0.00,0.00,0.00,0.00,0.00,12.69,0.47,1.00,0.00
2009-12-17 05:00:00,0.00,0.00,0.00,0.00,0.00,0.00,0.00,0.00,11.87,0.34,1.00,0.00
2009-12-17 06:00:00,22.17,0.00,21.71,0.46,23.62,0.00,23.62,0.00,12.91,0.15,1.00,0.00
2009-12-17 07:00:00,123.80,71.31,47.00,5.49,283.64,232.52,51.12,801.24,16.10,0.20,0.00,0.00
2009-12-17 08:00:00,368.47,294.38,64.17,9.92,512.48,442.68,69.80,912.53,19.63,0.59,0.00,0.00
2009-12-17 09:00:00,608.33,516.66,77.65,14.02,724.24,639.78,84.46,966.87,22.69,0.97,0.00,0.00
2009-12-17 10:00:00,592.60,17.31,563.06,12.24,632.16,19.70,612.46,24.38,25.57,1.37,0.00,1.00
2009-12-17 11:00:00,705.50,31.21,659.73,14.55,751.70,34.08,717.62,37.26,28.38,1.73,0.00,1.00
2009-12-17 12:00:00,831.55,55.16,759.26,17.13,885.00,59.12,825.88,60.73,30.18,2.30,0.00,1.00
2009-12-17 13:00:00,980.62,99.66,860.77,20.19,1042.88,106.58,936.30,108.63,31.23,2.67,0.00,1.00
2009-12-17 14:00:00,982.70,866.33,96.16,20.21,1043.68,939.08,104.60,1002.37,30.35,2.79,0.00,0.00
2009-12-17 15:00:00,848.22,740.64,89.62,17.96,927.86,830.38,97.48,984.24,29.48,2.85,0.00,0.00
2009-12-17 16:00:00,657.74,562.99,79.98,14.77,762.80,675.80,87.00,954.56,28.50,2.79,0.00,0.00
2009-12-17 17:00:00,428.65,350.36,67.42,10.86,561.22,487.88,73.34,905.30,27.20,2.57,0.00,0.00
2009-12-17 18:00:00,188.08,129.64,51.83,6.61,341.56,285.18,56.38,819.29,25.59,1.69,0.00,0.00
2009-12-17 19:00:00,32.93,0.00,30.54,2.39,123.60,90.38,33.22,608.62,23.36,0.99,0.00,0.00
2009-12-17 20:00:00,0.00,0.00,0.00,0.00,0.00,0.00,0.00,0.00,21.65,0.29,1.00,0.00
2009-12-17 21:00:00,0.00,0.00,0.00,0.00,0.00,0.00,0.00,0.00,20.33,0.10,1.00,0.00
2009-12-17 22:00:00,0.00,0.00,0.00,0.00,0.00,0.00,0.00,0.00,19.19,0.44,1.00,0.00
2009-12-17 23:00:00,0.00,0.00,0.00,0.00,0.00,0.00,0.00,0.00,18.22,0.56,1.00,0.00
2009-12-18 00:00:00,0.00,0.00,0.00,0.00,0.00,0.00,0.00,0.00,17.22,0.69,1.00,0.00
2009-12-18 01:00:00,0.00,0.00,0.00,0.00,0.00,0.00,0.00,0.00,16.49,0.74,1.00,0.00
2009-12-18 02:00:00,0.00,0.00,0.00,0.00,0.00,0.00,0.00,0.00,16.11,0.67,1.00,0.00
2009-12-18 03:00:00,0.00,0.00,0.00,0.00,0.00,0.00,0.00,0.00,15.44,0.55,1.00,0.00
2009-12-18 04:00:00,0.00,0.00,0.00,0.00,0.00,0.00,0.00,0.00,14.77,0.47,1.00,0.00
2009-12-18 05:00:00,0.00,0.00,0.00,0.00,0.00,0.00,0.00,0.00,14.27,0.27,1.00,0.00
2009-12-18 06:00:00,21.87,0.00,21.42,0.45,23.30,0.00,23.30,0.00,15.79,0.16,1.00,0.00
2009-12-18 07:00:00,120.34,68.34,46.63,5.37,277.54,226.82,50.72,785.21,18.34,0.33,0.00,0.00
2009-12-18 08:00:00,359.72,286.45,63.56,9.70,501.20,432.06,69.14,893.16,21.25,0.82,0.00,0.00
2009-12-18 09:00:00,594.48,503.92,76.84,13.71,708.42,624.84,83.58,945.97,24.02,1.22,0.00,0.00
2009-12-18 10:00:00,795.31,691.09,87.13,17.08,882.08,787.30,94.78,975.26,26.28,1.68,0.00,0.00
2009-12-18 11:00:00,943.31,829.44,94.34,19.53,1008.80,906.18,102.62,991.48,28.48,1.94,0.00,0.00
2009-12-18 12:00:00,1024.10,905.06,98.19,20.85,1077.22,970.42,106.80,997.00,30.02,2.48,0.00,0.00
2009-12-18 13:00:00,1032.45,912.90,98.57,20.98,1083.76,976.54,107.22,995.09,29.51,2.80,0.00,0.00
2009-12-18 14:00:00,968.16,852.77,95.48,19.91,1028.38,924.52,103.86,986.13,28.77,2.87,0.00,0.00
2009-12-18 15:00:00,838.46,731.51,89.19,17.75,917.10,820.08,97.02,970.85,27.79,2.98,0.00,0.00
2009-12-18 16:00:00,652.28,557.88,79.76,14.64,756.18,669.42,86.76,943.74,26.76,2.71,0.00,0.00
2009-12-18 17:00:00,426.82,348.62,67.39,10.80,558.12,484.82,73.30,896.93,25.35,2.49,0.00,0.00
2009-12-18 18:00:00,188.47,129.99,51.89,6.59,340.54,284.10,56.44,811.99,23.54,1.57,0.00,0.00
2009-12-18 19:00:00,33.13,0.00,30.72,2.40,124.22,90.80,33.42,603.73,21.25,0.93,0.00,0.00
2009-12-18 20:00:00,0.00,0.00,0.00,0.00,0.00,0.00,0.00,0.00,19.65,0.31,1.00,0.00
2009-12-18 21:00:00,0.00,0.00,0.00,0.00,0.00,0.00,0.00,0.00,18.57,0.06,1.00,0.00
2009-12-18 22:00:00,0.00,0.00,0.00,0.00,0.00,0.00,0.00,0.00,17.59,0.27,1.00,0.00
2009-12-18 23:00:00,0.00,0.00,0.00,0.00,0.00,0.00,0.00,0.00,16.70,0.24,1.00,0.00
2009-12-19 00:00:00,0.00,0.00,0.00,0.00,0.00,0.00,0.00,0.00,16.02,0.27,1.00,0.00
2009-12-19 01:00:00,0.00,0.00,0.00,0.00,0.00,0.00,0.00,0.00,15.51,0.30,1.00,0.00
2009-12-19 02:00:00,0.00,0.00,0.00,0.00,0.00,0.00,0.00,0.00,14.71,0.23,1.00,0.00
2009-12-19 03:00:00,0.00,0.00,0.00,0.00,0.00,0.00,0.00,0.00,13.15,0.26,1.00,0.00
2009-12-19 04:00:00,0.00,0.00,0.00,0.00,0.00,0.00,0.00,0.00,11.85,0.32,1.00,0.00
2009-12-19 05:00:00,0.00,0.00,0.00,0.00,0.00,0.00,0.00,0.00,12.22,0.38,1.00,0.00
2009-12-19 06:00:00,14.21,0.00,13.92,0.29,15.14,0.00,15.14,0.00,12.57,0.07,1.00,1.00
2009-12-19 07:00:00,87.10,0.66,84.62,1.83,94.28,2.24,92.04,7.80,14.95,0.25,0.00,1.00
2009-12-19 08:00:00,268.36,2.83,259.97,5.56,287.06,4.28,282.78,8.87,17.57,0.77,0.00,1.00
2009-12-19 09:00:00,453.13,7.43,436.33,9.37,483.84,9.22,474.62,13.99,20.45,1.18,0.00,1.00
2009-12-19 10:00:00,547.59,13.77,522.51,11.31,584.06,15.70,568.36,19.47,22.24,1.61,0.00,1.00
2009-12-19 11:00:00,753.25,38.21,699.50,15.54,802.64,41.76,760.88,45.72,23.95,1.80,0.00,1.00
2009-12-19 12:00:00,606.91,20.31,574.09,12.51,646.24,21.78,624.46,22.38,25.10,2.32,0.00,1.00
2009-12-19 13:00:00,236.98,9.20,222.90,4.88,252.30,9.84,242.46,10.02,25.76,2.62,0.00,1.00
2009-12-19 14:00:00,371.75,8.62,355.47,7.67,396.00,9.34,386.66,9.96,26.16,2.69,0.00,1.00
2009-12-19 15:00:00,413.21,7.40,397.28,8.53,440.44,8.30,432.14,9.81,25.50,2.45,0.00,1.00
2009-12-19 16:00:00,252.21,5.69,241.31,5.21,269.30,6.82,262.48,9.60,24.79,2.40,0.00,1.00
2009-12-19 17:00:00,225.84,3.57,217.59,4.68,241.64,4.96,236.68,9.15,23.52,1.89,0.00,1.00
2009-12-19 18:00:00,109.17,1.34,105.56,2.28,117.72,2.90,114.82,8.25,21.69,1.04,0.00,1.00
2009-12-19 19:00:00,33.47,0.00,31.02,2.45,126.46,92.72,33.74,608.81,19.19,0.37,0.00,0.00
2009-12-19 20:00:00,0.00,0.00,0.00,0.00,0.00,0.00,0.00,0.00,17.44,0.31,1.00,0.00
2009-12-19 21:00:00,0.00,0.00,0.00,0.00,0.00,0.00,0.00,0.00,16.14,0.59,1.00,0.00
2009-12-19 22:00:00,0.00,0.00,0.00,0.00,0.00,0.00,0.00,0.00,15.04,0.82,1.00,0.00
2009-12-19 23:00:00,0.00,0.00,0.00,0.00,0.00,0.00,0.00,0.00,14.18,0.84,1.00,0.00
2009-12-20 00:00:00,0.00,0.00,0.00,0.00,0.00,0.00,0.00,0.00,13.40,0.75,1.00,0.00
2009-12-20 01:00:00,0.00,0.00,0.00,0.00,0.00,0.00,0.00,0.00,12.81,0.93,1.00,0.00
2009-12-20 02:00:00,0.00,0.00,0.00,0.00,0.00,0.00,0.00,0.00,12.53,0.72,1.00,0.00
2009-12-20 03:00:00,0.00,0.00,0.00,0.00,0.00,0.00,0.00,0.00,11.88,0.62,1.00,0.00
2009-12-20 04:00:00,0.00,0.00,0.00,0.00,0.00,0.00,0.00,0.00,11.44,0.51,1.00,0.00
2009-12-20 05:00:00,0.00,0.00,0.00,0.00,0.00,0.00,0.00,0.00,12.42,0.27,1.00,0.00
2009-12-20 06:00:00,21.50,0.00,21.05,0.44,22.90,0.00,22.90,0.00,13.78,0.10,1.00,0.00
2009-12-20 07:00:00,119.50,67.15,46.89,5.46,282.12,231.12,51.00,808.52,16.71,0.27,0.00,0.00
2009-12-20 08:00:00,365.64,291.54,64.19,9.92,512.18,442.36,69.82,919.98,19.84,0.75,0.00,0.00
2009-12-20 09:00:00,608.88,516.87,77.92,14.08,727.30,642.54,84.76,976.46,23.13,1.21,0.00,0.00
2009-12-20 10:00:00,818.74,712.48,88.66,17.60,909.20,812.76,96.44,1009.25,26.14,1.57,0.00,0.00
2009-12-20 11:00:00,975.17,858.69,96.27,20.20,1043.64,938.92,104.72,1028.74,28.76,2.11,0.00,0.00
2009-12-20 12:00:00,1059.31,937.47,100.26,21.58,1114.80,1005.74,109.06,1033.76,30.38,2.66,0.00,0.00
2009-12-20 13:00:00,1069.56,947.08,100.74,21.74,1122.96,1013.38,109.58,1032.21,31.58,2.89,0.00,0.00
2009-12-20 14:00:00,1004.75,886.45,97.63,20.66,1067.18,960.98,106.20,1023.70,31.09,3.14,0.00,0.00
2009-12-20 15:00:00,869.46,759.97,91.09,18.41,950.70,851.62,99.08,1005.75,30.08,3.18,0.00,0.00
2009-12-20 16:00:00,676.78,580.25,81.36,15.18,783.94,695.44,88.50,976.71,28.87,3.05,0.00,0.00
2009-12-20 17:00:00,444.24,364.30,68.71,11.22,579.74,505.00,74.74,928.72,27.29,2.79,0.00,0.00
2009-12-20 18:00:00,197.68,137.93,52.88,6.87,354.68,297.16,57.52,840.68,24.94,1.78,0.00,0.00
2009-12-20 19:00:00,34.05,0.00,31.50,2.55,131.66,97.40,34.26,632.38,22.17,0.93,0.00,0.00
2009-12-20 20:00:00,0.00,0.00,0.00,0.00,0.00,0.00,0.00,0.00,20.27,0.27,1.00,0.00
2009-12-20 21:00:00,0.00,0.00,0.00,0.00,0.00,0.00,0.00,0.00,18.97,0.23,1.00,0.00
2009-12-20 22:00:00,0.00,0.00,0.00,0.00,0.00,0.00,0.00,0.00,18.02,0.51,1.00,0.00
2009-12-20 23:00:00,0.00,0.00,0.00,0.00,0.00,0.00,0.00,0.00,17.28,0.61,1.00,0.00
2009-12-21 00:00:00,0.00,0.00,0.00,0.00,0.00,0.00,0.00,0.00,16.49,0.58,1.00,0.00
2009-12-21 01:00:00,0.00,0.00,0.00,0.00,0.00,0.00,0.00,0.00,15.94,0.63,1.00,0.00
2009-12-21 02:00:00,0.00,0.00,0.00,0.00,0.00,0.00,0.00,0.00,15.00,0.57,1.00,0.00
2009-12-21 03:00:00,0.00,0.00,0.00,0.00,0.00,0.00,0.00,0.00,13.71,0.55,1.00,0.00
2009-12-21 04:00:00,0.00,0.00,0.00,0.00,0.00,0.00,0.00,0.00,12.78,0.53,1.00,0.00
2009-12-21 05:00:00,0.00,0.00,0.00,0.00,0.00,0.00,0.00,0.00,13.87,0.27,1.00,0.00
2009-12-21 06:00:00,21.35,0.00,20.91,0.44,22.74,0.00,22.74,0.00,15.47,0.16,1.00,0.00
2009-12-21 07:00:00,119.07,66.58,46.98,5.51,284.52,233.42,51.10,820.89,18.18,0.30,0.00,0.00
2009-12-21 08:00:00,367.72,293.32,64.41,10.00,516.44,446.38,70.06,931.31,21.23,0.82,0.00,0.00
2009-12-21 09:00:00,609.85,517.74,78.00,14.12,729.16,644.32,84.84,981.12,23.80,1.26,0.00,0.00
2009-12-21 10:00:00,816.24,710.17,88.51,17.56,906.86,810.58,96.28,1007.84,26.12,1.61,0.00,0.00
2009-12-21 11:00:00,968.02,852.09,95.87,20.06,1036.24,931.96,104.28,1021.91,28.43,2.09,0.00,0.00
2009-12-21 12:00:00,1049.20,928.13,99.69,21.38,1104.28,995.84,108.44,1023.88,29.95,2.60,0.00,0.00
2009-12-21 13:00:00,1057.13,935.64,100.01,21.49,1109.96,1001.18,108.78,1019.61,30.77,2.95,0.00,0.00
2009-12-21 14:00:00,991.37,874.15,96.84,20.38,1052.86,947.52,105.34,1008.71,31.35,2.93,0.00,0.00
2009-12-21 15:00:00,859.55,750.95,90.41,18.19,939.56,841.22,98.34,992.38,30.41,2.97,0.00,0.00
2009-12-21 16:00:00,670.54,574.65,80.86,15.03,776.22,688.26,87.96,964.96,29.23,2.78,0.00,0.00
2009-12-21 17:00:00,441.26,361.79,68.34,11.13,574.94,500.60,74.34,918.15,27.66,2.47,0.00,0.00
2009-12-21 18:00:00,198.41,138.73,52.83,6.86,354.16,296.70,57.46,835.52,25.32,1.68,0.00,0.00
2009-12-21 19:00:00,34.32,0.00,31.74,2.58,133.28,98.76,34.52,634.82,22.52,0.94,0.00,0.00
2009-12-21 20:00:00,0.00,0.00,0.00,0.00,0.00,0.00,0.00,0.00,20.92,0.35,1.00,0.00
2009-12-21 21:00:00,0.00,0.00,0.00,0.00,0.00,0.00,0.00,0.00,19.36,0.13,1.00,0.00
2009-12-21 22:00:00,0.00,0.00,0.00,0.00,0.00,0.00,0.00,0.00,18.47,0.22,1.00,0.00
2009-12-21 23:00:00,0.00,0.00,0.00,0.00,0.00,0.00,0.00,0.00,17.93,0.16,1.00,0.00
2009-12-22 00:00:00,0.00,0.00,0.00,0.00,0.00,0.00,0.00,0.00,17.54,0.05,1.00,0.00
2009-12-22 01:00:00,0.00,0.00,0.00,0.00,0.00,0.00,0.00,0.00,17.20,0.24,1.00,0.00
2009-12-22 02:00:00,0.00,0.00,0.00,0.00,0.00,0.00,0.00,0.00,16.19,0.11,1.00,0.00
2009-12-22 03:00:00,0.00,0.00,0.00,0.00,0.00,0.00,0.00,0.00,15.12,0.11,1.00,0.00
2009-12-22 04:00:00,0.00,0.00,0.00,0.00,0.00,0.00,0.00,0.00,13.70,0.10,1.00,0.00
2009-12-22 05:00:00,0.00,0.00,0.00,0.00,0.00,0.00,0.00,0.00,12.86,0.22,1.00,0.00
2009-12-22 06:00:00,20.52,0.00,20.10,0.42,21.86,0.00,21.86,0.00,13.87,0.27,1.00,0.00
2009-12-22 07:00:00,112.59,61.46,45.91,5.21,269.32,219.38,49.94,776.08,16.51,0.53,0.00,0.00
2009-12-22 08:00:00,350.72,278.18,62.99,9.54,493.02,424.50,68.52,888.50,19.42,0.99,0.00,0.00
2009-12-22 09:00:00,587.29,497.22,76.47,13.60,702.58,619.40,83.18,945.26,22.02,1.41,0.00,0.00
2009-12-22 10:00:00,791.45,687.45,86.97,17.03,879.62,785.02,94.60,977.45,23.92,1.71,0.00,0.00
2009-12-22 11:00:00,943.69,829.69,94.43,19.56,1010.36,907.64,102.72,996.03,26.02,2.24,0.00,0.00
2009-12-22 12:00:00,1029.47,909.96,98.53,20.98,1083.54,976.36,107.18,1004.19,27.71,2.68,0.00,0.00
2009-12-22 13:00:00,1042.65,922.30,99.16,21.19,1094.70,986.84,107.86,1004.87,28.85,2.86,0.00,0.00
2009-12-22 14:00:00,982.30,865.83,96.27,20.19,1043.04,938.32,104.72,998.35,29.49,2.97,0.00,0.00
2009-12-22 15:00:00,853.69,745.59,90.04,18.06,932.80,834.86,97.94,983.81,28.70,3.06,0.00,0.00
2009-12-22 16:00:00,667.61,572.02,80.64,14.95,772.28,684.56,87.72,957.97,27.44,2.87,0.00,0.00
2009-12-22 17:00:00,440.79,361.40,68.29,11.10,573.44,499.16,74.28,913.06,25.65,2.49,0.00,0.00
2009-12-22 18:00:00,198.92,139.29,52.79,6.84,353.18,295.76,57.42,829.07,23.47,1.59,0.00,0.00
2009-12-22 19:00:00,34.35,0.00,31.77,2.58,133.28,98.72,34.56,627.60,21.22,0.89,0.00,0.00
2009-12-22 20:00:00,0.00,0.00,0.00,0.00,0.00,0.00,0.00,0.00,19.69,0.61,1.00,0.00
2009-12-22 21:00:00,0.00,0.00,0.00,0.00,0.00,0.00,0.00,0.00,18.14,0.16,1.00,0.00
2009-12-22 22:00:00,0.00,0.00,0.00,0.00,0.00,0.00,0.00,0.00,17.08,0.10,1.00,0.00
2009-12-22 23:00:00,0.00,0.00,0.00,0.00,0.00,0.00,0.00,0.00,15.88,0.10,1.00,0.00
2009-12-23 00:00:00,0.00,0.00,0.00,0.00,0.00,0.00,0.00,0.00,14.84,0.06,1.00,0.00
2009-12-23 01:00:00,0.00,0.00,0.00,0.00,0.00,0.00,0.00,0.00,13.99,0.11,1.00,0.00
2009-12-23 02:00:00,0.00,0.00,0.00,0.00,0.00,0.00,0.00,0.00,13.01,0.22,1.00,0.00
2009-12-23 03:00:00,0.00,0.00,0.00,0.00,0.00,0.00,0.00,0.00,11.96,0.28,1.00,0.00
2009-12-23 04:00:00,0.00,0.00,0.00,0.00,0.00,0.00,0.00,0.00,10.89,0.32,1.00,0.00
2009-12-23 05:00:00,0.00,0.00,0.00,0.00,0.00,0.00,0.00,0.00,11.79,0.19,1.00,0.00
2009-12-23 06:00:00,20.37,0.00,19.95,0.42,21.70,0.00,21.70,0.00,12.97,0.15,1.00,0.00
2009-12-23 07:00:00,111.75,60.49,46.02,5.23,270.34,220.28,50.06,784.38,16.12,0.33,0.00,0.00
2009-12-23 08:00:00,352.31,279.41,63.29,9.61,496.22,427.38,68.84,897.70,19.01,0.82,0.00,0.00
2009-12-23 09:00:00,591.42,500.81,76.91,13.71,708.06,624.40,83.66,955.01,22.01,1.31,0.00,0.00
2009-12-23 10:00:00,797.97,693.24,87.56,17.18,887.18,791.94,95.24,987.48,24.44,1.69,0.00,0.00
2009-12-23 11:00:00,952.63,837.75,95.13,19.75,1020.08,916.60,103.48,1006.66,26.51,2.09,0.00,0.00
2009-12-23 12:00:00,1038.11,917.76,99.20,21.15,1092.62,984.72,107.90,1013.13,28.14,2.62,0.00,0.00
2009-12-23 13:00:00,1050.38,929.29,99.75,21.35,1102.66,994.16,108.50,1012.22,29.31,2.84,0.00,0.00
2009-12-23 14:00:00,988.94,871.81,96.81,20.32,1049.82,944.52,105.30,1004.37,28.38,2.88,0.00,0.00
2009-12-23 15:00:00,859.03,750.38,90.48,18.16,938.24,839.82,98.42,988.58,27.50,2.93,0.00,0.00
2009-12-23 16:00:00,671.79,575.71,81.05,15.03,776.44,688.28,88.16,961.70,26.22,2.65,0.00,0.00
2009-12-23 17:00:00,443.90,364.11,68.64,11.16,576.46,501.80,74.66,915.45,24.67,2.37,0.00,0.00
2009-12-23 18:00:00,200.98,141.08,53.03,6.87,355.08,297.40,57.68,830.25,22.35,1.39,0.00,0.00
2009-12-23 19:00:00,34.60,0.00,31.99,2.61,134.58,99.78,34.80,628.15,19.75,0.61,0.00,0.00
2009-12-23 20:00:00,0.00,0.00,0.00,0.00,0.00,0.00,0.00,0.00,18.14,0.10,1.00,0.00
2009-12-23 21:00:00,0.00,0.00,0.00,0.00,0.00,0.00,0.00,0.00,16.83,0.22,1.00,0.00
2009-12-23 22:00:00,0.00,0.00,0.00,0.00,0.00,0.00,0.00,0.00,15.87,0.52,1.00,0.00
2009-12-23 23:00:00,0.00,0.00,0.00,0.00,0.00,0.00,0.00,0.00,15.12,0.55,1.00,0.00
2009-12-24 00:00:00,0.00,0.00,0.00,0.00,0.00,0.00,0.00,0.00,14.49,0.46,1.00,0.00
2009-12-24 01:00:00,0.00,0.00,0.00,0.00,0.00,0.00,0.00,0.00,13.87,0.55,1.00,0.00
2009-12-24 02:00:00,0.00,0.00,0.00,0.00,0.00,0.00,0.00,0.00,12.99,0.45,1.00,0.00
2009-12-24 03:00:00,0.00,0.00,0.00,0.00,0.00,0.00,0.00,0.00,12.27,0.43,1.00,0.00
2009-12-24 04:00:00,0.00,0.00,0.00,0.00,0.00,0.00,0.00,0.00,11.41,0.39,1.00,0.00
2009-12-24 05:00:00,0.00,0.00,0.00,0.00,0.00,0.00,0.00,0.00,12.76,0.23,1.00,0.00
2009-12-24 06:00:00,20.20,0.00,19.78,0.42,21.52,0.00,21.52,0.00,14.14,0.15,1.00,0.00
2009-12-24 07:00:00,111.61,60.11,46.21,5.29,273.38,223.12,50.26,799.26,17.17,0.23,0.00,0.00
2009-12-24 08:00:00,355.64,282.30,63.62,9.72,502.02,432.82,69.20,912.36,20.81,0.72,0.00,0.00
2009-12-24 09:00:00,595.79,504.78,77.19,13.82,713.86,629.90,83.96,965.57,23.64,1.12,0.00,0.00
2009-12-24 10:00:00,802.23,697.22,87.74,17.27,892.12,796.68,95.44,994.81,26.30,1.56,0.00,0.00
2009-12-24 11:00:00,955.56,840.58,95.17,19.81,1023.24,919.72,103.52,1010.97,28.62,1.91,0.00,0.00
2009-12-24 12:00:00,1041.29,920.80,99.27,21.21,1095.82,987.84,107.98,1016.72,30.24,2.49,0.00,0.00
2009-12-24 13:00:00,1053.62,932.37,99.84,21.41,1105.80,997.20,108.60,1015.25,31.22,2.73,0.00,0.00
2009-12-24 14:00:00,992.14,874.86,96.90,20.38,1052.84,947.44,105.40,1006.97,30.59,3.01,0.00,0.00
2009-12-24 15:00:00,862.00,753.23,90.55,18.22,940.98,842.48,98.50,990.74,29.72,2.95,0.00,0.00
2009-12-24 16:00:00,674.27,578.11,81.09,15.07,778.66,690.46,88.20,963.10,28.68,2.86,0.00,0.00
2009-12-24 17:00:00,446.10,366.26,68.64,11.20,578.34,503.68,74.66,916.44,27.10,2.53,0.00,0.00
2009-12-24 18:00:00,203.50,143.35,53.23,6.93,357.80,299.90,57.90,833.82,24.96,1.43,0.00,0.00
2009-12-24 19:00:00,34.98,0.00,32.32,2.65,137.06,101.90,35.16,635.98,22.28,0.69,0.00,0.00
2009-12-24 20:00:00,0.00,0.00,0.00,0.00,0.00,0.00,0.00,0.00,20.46,0.18,1.00,0.00
2009-12-24 21:00:00,0.00,0.00,0.00,0.00,0.00,0.00,0.00,0.00,18.85,0.24,1.00,0.00
2009-12-24 22:00:00,0.00,0.00,0.00,0.00,0.00,0.00,0.00,0.00,17.64,0.69,1.00,0.00
2009-12-24 23:00:00,0.00,0.00,0.00,0.00,0.00,0.00,0.00,0.00,16.55,0.69,1.00,0.00
2009-12-25 00:00:00,0.00,0.00,0.00,0.00,0.00,0.00,0.00,0.00,15.61,0.68,1.00,0.00
2009-12-25 01:00:00,0.00,0.00,0.00,0.00,0.00,0.00,0.00,0.00,14.93,0.61,1.00,0.00
2009-12-25 02:00:00,0.00,0.00,0.00,0.00,0.00,0.00,0.00,0.00,14.18,0.52,1.00,0.00
2009-12-25 03:00:00,0.00,0.00,0.00,0.00,0.00,0.00,0.00,0.00,13.42,0.45,1.00,0.00
2009-12-25 04:00:00,0.00,0.00,0.00,0.00,0.00,0.00,0.00,0.00,12.32,0.42,1.00,0.00
2009-12-25 05:00:00,0.00,0.00,0.00,0.00,0.00,0.00,0.00,0.00,13.43,0.28,1.00,0.00
2009-12-25 06:00:00,19.64,0.00,19.23,0.41,20.92,0.00,20.92,0.00,14.83,0.14,1.00,0.00
2009-12-25 07:00:00,107.50,56.83,45.54,5.13,264.82,215.28,49.54,776.77,18.19,0.29,0.00,0.00
2009-12-25 08:00:00,346.55,274.26,62.81,9.48,489.82,421.50,68.32,891.68,21.35,0.78,0.00,0.00
2009-12-25 09:00:00,583.05,493.25,76.27,13.53,698.84,615.88,82.96,946.19,24.30,1.25,0.00,0.00
2009-12-25 10:00:00,786.82,683.13,86.75,16.94,875.06,780.70,94.36,976.26,27.24,1.70,0.00,0.00
2009-12-25 11:00:00,938.50,824.90,94.14,19.45,1004.92,902.52,102.40,992.93,28.95,2.22,0.00,0.00
2009-12-25 12:00:00,1022.66,903.69,98.13,20.83,1076.08,969.34,106.74,998.07,29.97,2.79,0.00,0.00
2009-12-25 13:00:00,1034.63,914.95,98.66,21.02,1085.54,978.22,107.32,995.89,30.84,3.18,0.00,0.00
2009-12-25 14:00:00,973.82,858.08,95.74,20.00,1032.98,928.84,104.14,986.71,29.76,3.46,0.00,0.00
2009-12-25 15:00:00,847.15,739.70,89.56,17.89,924.14,826.72,97.42,971.27,28.67,3.30,0.00,0.00
2009-12-25 16:00:00,663.29,568.22,80.26,14.81,765.12,677.82,87.30,944.03,27.36,3.04,0.00,0.00
2009-12-25 17:00:00,439.36,360.38,67.98,11.00,568.40,494.46,73.94,897.52,25.83,2.76,0.00,0.00
2009-12-25 18:00:00,201.85,142.20,52.83,6.83,352.74,295.28,57.46,817.64,23.69,1.95,0.00,0.00
2009-12-25 19:00:00,34.88,0.00,32.25,2.63,136.02,100.94,35.08,624.61,21.24,1.16,0.00,0.00
2009-12-25 20:00:00,0.00,0.00,0.00,0.00,0.00,0.00,0.00,0.00,19.38,0.50,1.00,0.00
2009-12-25 21:00:00,0.00,0.00,0.00,0.00,0.00,0.00,0.00,0.00,18.16,0.23,1.00,0.00
2009-12-25 22:00:00,0.00,0.00,0.00,0.00,0.00,0.00,0.00,0.00,17.20,0.10,1.00,0.00
2009-12-25 23:00:00,0.00,0.00,0.00,0.00,0.00,0.00,0.00,0.00,16.45,0.13,1.00,0.00
2009-12-26 00:00:00,0.00,0.00,0.00,0.00,0.00,0.00,0.00,0.00,15.50,0.13,1.00,0.00
2009-12-26 01:00:00,0.00,0.00,0.00,0.00,0.00,0.00,0.00,0.00,14.84,0.11,1.00,0.00
2009-12-26 02:00:00,0.00,0.00,0.00,0.00,0.00,0.00,0.00,0.00,13.84,0.16,1.00,0.00
2009-12-26 03:00:00,0.00,0.00,0.00,0.00,0.00,0.00,0.00,0.00,12.83,0.14,1.00,0.00
2009-12-26 04:00:00,0.00,0.00,0.00,0.00,0.00,0.00,0.00,0.00,11.56,0.21,1.00,0.00
2009-12-26 05:00:00,0.00,0.00,0.00,0.00,0.00,0.00,0.00,0.00,12.43,0.18,1.00,0.00
2009-12-26 06:00:00,19.11,0.00,18.72,0.39,20.36,0.00,20.36,0.00,13.75,0.11,1.00,0.00
2009-12-26 07:00:00,105.12,54.85,45.21,5.05,261.08,211.90,49.18,769.70,16.81,0.40,0.00,0.00
2009-12-26 08:00:00,342.87,270.96,62.51,9.39,485.26,417.26,68.00,886.17,19.63,0.82,0.00,0.00
2009-12-26 09:00:00,580.50,490.92,76.10,13.48,696.04,613.26,82.78,944.47,22.56,1.28,0.00,0.00
2009-12-26 10:00:00,786.83,683.14,86.75,16.94,875.12,780.76,94.36,977.87,25.66,1.71,0.00,0.00
2009-12-26 11:00:00,941.54,827.70,94.32,19.52,1008.06,905.46,102.60,997.13,27.72,2.19,0.00,0.00
2009-12-26 12:00:00,1029.31,909.85,98.50,20.96,1082.80,975.66,107.14,1005.01,29.16,2.68,0.00,0.00
2009-12-26 13:00:00,1044.49,924.06,99.21,21.21,1095.54,987.62,107.92,1005.43,30.15,3.09,0.00,0.00
2009-12-26 14:00:00,986.03,869.37,96.42,20.24,1045.40,940.52,104.88,998.68,29.54,3.25,0.00,0.00
2009-12-26 15:00:00,856.95,748.71,90.15,18.09,934.18,836.12,98.06,981.36,28.97,3.24,0.00,0.00
2009-12-26 16:00:00,671.04,575.30,80.77,14.97,773.30,685.44,87.86,953.20,28.13,2.90,0.00,0.00
2009-12-26 17:00:00,444.87,365.31,68.44,11.12,574.46,500.02,74.44,905.70,27.28,2.58,0.00,0.00
2009-12-26 18:00:00,204.34,144.44,53.03,6.88,355.24,297.56,57.68,821.00,25.83,1.80,0.00,0.00
2009-12-26 19:00:00,34.97,0.00,32.32,2.65,136.68,101.52,35.16,622.89,24.14,1.00,0.00,0.00
2009-12-26 20:00:00,0.00,0.00,0.00,0.00,0.00,0.00,0.00,0.00,23.08,0.45,1.00,0.00
2009-12-26 21:00:00,0.00,0.00,0.00,0.00,0.00,0.00,0.00,0.00,22.23,0.06,1.00,0.00
2009-12-26 22:00:00,0.00,0.00,0.00,0.00,0.00,0.00,0.00,0.00,21.75,0.25,1.00,0.00
2009-12-26 23:00:00,0.00,0.00,0.00,0.00,0.00,0.00,0.00,0.00,21.47,0.33,1.00,0.00
2009-12-27 00:00:00,0.00,0.00,0.00,0.00,0.00,0.00,0.00,0.00,21.25,0.18,1.00,0.00
2009-12-27 01:00:00,0.00,0.00,0.00,0.00,0.00,0.00,0.00,0.00,21.24,0.23,1.00,0.00
2009-12-27 02:00:00,0.00,0.00,0.00,0.00,0.00,0.00,0.00,0.00,20.89,0.14,1.00,0.00
2009-12-27 03:00:00,0.00,0.00,0.00,0.00,0.00,0.00,0.00,0.00,20.86,0.02,1.00,0.00
2009-12-27 04:00:00,0.00,0.00,0.00,0.00,0.00,0.00,0.00,0.00,20.39,0.06,1.00,0.00
2009-12-27 05:00:00,0.00,0.00,0.00,0.00,0.00,0.00,0.00,0.00,20.33,0.11,1.00,0.00
2009-12-27 06:00:00,18.70,0.00,18.31,0.39,19.92,0.00,19.92,0.00,20.06,0.16,1.00,0.00
2009-12-27 07:00:00,103.14,53.14,44.99,5.01,258.74,209.80,48.94,767.69,21.61,0.35,0.00,0.00
2009-12-27 08:00:00,340.64,269.00,62.29,9.35,482.84,415.08,67.76,885.01,23.79,0.86,0.00,0.00
2009-12-27 09:00:00,577.39,488.12,75.86,13.41,692.50,609.98,82.52,941.73,26.54,1.35,0.00,0.00
2009-12-27 10:00:00,782.41,679.11,86.45,16.85,870.18,776.14,94.04,973.63,27.39,1.75,0.00,0.00
2009-12-27 11:00:00,935.58,822.26,93.94,19.39,1001.44,899.26,102.18,991.26,28.84,2.28,0.00,0.00
2009-12-27 12:00:00,1022.15,903.28,98.06,20.81,1074.90,968.24,106.66,997.84,29.21,2.82,0.00,0.00
2009-12-27 13:00:00,886.76,68.92,799.58,18.26,943.36,73.62,869.74,74.95,29.33,3.18,0.00,1.00
2009-12-27 14:00:00,803.31,48.01,738.74,16.56,855.46,51.90,803.56,55.09,28.27,3.33,0.00,1.00
2009-12-27 15:00:00,672.10,25.70,632.52,13.87,716.70,28.68,688.02,33.63,27.20,3.11,0.00,1.00
2009-12-27 16:00:00,409.91,6.22,395.22,8.47,437.30,7.40,429.90,10.28,25.71,2.88,0.00,1.00
2009-12-27 17:00:00,302.68,3.66,292.75,6.26,323.44,5.00,318.44,9.04,23.71,2.72,0.00,1.00
2009-12-27 18:00:00,145.76,1.46,141.27,3.03,156.64,2.98,153.66,8.19,21.23,2.04,0.00,1.00
2009-12-27 19:00:00,35.18,0.00,32.51,2.68,138.24,102.88,35.36,626.60,18.77,1.28,0.00,0.00
2009-12-27 20:00:00,0.00,0.00,0.00,0.00,0.00,0.00,0.00,0.00,16.81,0.78,1.00,0.00
2009-12-27 21:00:00,0.00,0.00,0.00,0.00,0.00,0.00,0.00,0.00,15.14,0.47,1.00,0.00
2009-12-27 22:00:00,0.00,0.00,0.00,0.00,0.00,0.00,0.00,0.00,13.64,0.22,1.00,0.00
2009-12-27 23:00:00,0.00,0.00,0.00,0.00,0.00,0.00,0.00,0.00,12.93,0.08,1.00,0.00
2009-12-28 00:00:00,0.00,0.00,0.00,0.00,0.00,0.00,0.00,0.00,12.28,0.12,1.00,0.00
2009-12-28 01:00:00,0.00,0.00,0.00,0.00,0.00,0.00,0.00,0.00,11.66,0.33,1.00,0.00
2009-12-28 02:00:00,0.00,0.00,0.00,0.00,0.00,0.00,0.00,0.00,11.57,0.32,1.00,0.00
2009-12-28 03:00:00,0.00,0.00,0.00,0.00,0.00,0.00,0.00,0.00,11.35,0.25,1.00,0.00
2009-12-28 04:00:00,0.00,0.00,0.00,0.00,0.00,0.00,0.00,0.00,10.94,0.25,1.00,0.00
2009-12-28 05:00:00,0.00,0.00,0.00,0.00,0.00,0.00,0.00,0.00,11.88,0.19,1.00,0.00
2009-12-28 06:00:00,18.27,0.00,17.89,0.38,19.46,0.00,19.46,0.00,13.31,0.22,1.00,0.00
2009-12-28 07:00:00,101.76,51.87,44.90,4.99,257.78,208.94,48.84,770.22,15.57,0.39,0.00,0.00
2009-12-28 08:00:00,340.65,268.92,62.37,9.36,483.42,415.58,67.84,889.59,17.99,0.93,0.00,0.00
2009-12-28 09:00:00,578.66,489.19,76.03,13.44,694.22,611.52,82.70,946.44,20.42,1.44,0.00,0.00
2009-12-28 10:00:00,784.88,681.35,86.64,16.90,872.80,778.56,94.24,978.22,22.55,1.88,0.00,0.00
2009-12-28 11:00:00,939.41,825.74,94.21,19.46,1005.26,902.78,102.48,996.11,24.19,2.39,0.00,0.00
2009-12-28 12:00:00,1027.42,908.13,98.39,20.91,1080.04,973.02,107.02,1003.25,25.53,2.82,0.00,0.00
2009-12-28 13:00:00,967.23,94.49,852.83,19.91,1028.54,100.88,927.66,102.71,26.37,3.24,0.00,1.00
2009-12-28 14:00:00,764.56,40.82,707.98,15.76,814.20,44.10,770.10,46.79,25.90,3.27,0.00,1.00
2009-12-28 15:00:00,459.42,9.01,440.93,9.48,489.66,10.04,479.62,11.76,25.23,3.27,0.00,1.00
2009-12-28 16:00:00,447.63,7.68,430.71,9.25,477.62,9.12,468.50,12.65,24.22,2.87,0.00,1.00
2009-12-28 17:00:00,180.86,3.67,173.44,3.75,193.66,5.00,188.66,9.02,23.17,2.57,0.00,1.00
2009-12-28 18:00:00,123.27,1.48,119.22,2.57,132.68,3.00,129.68,8.22,21.35,2.20,0.00,1.00
2009-12-28 19:00:00,35.21,0.00,32.53,2.68,138.54,103.16,35.38,624.38,19.54,1.34,0.00,0.00
2009-12-28 20:00:00,0.00,0.00,0.00,0.00,0.00,0.00,0.00,0.00,17.91,0.72,1.00,0.00
2009-12-28 21:00:00,0.00,0.00,0.00,0.00,0.00,0.00,0.00,0.00,16.57,0.42,1.00,0.00
2009-12-28 22:00:00,0.00,0.00,0.00,0.00,0.00,0.00,0.00,0.00,15.29,0.11,1.00,0.00
2009-12-28 23:00:00,0.00,0.00,0.00,0.00,0.00,0.00,0.00,0.00,14.45,0.30,1.00,0.00
2009-12-29 00:00:00,0.00,0.00,0.00,0.00,0.00,0.00,0.00,0.00,13.76,0.25,1.00,0.00
2009-12-29 01:00:00,0.00,0.00,0.00,0.00,0.00,0.00,0.00,0.00,13.13,0.20,1.00,0.00
2009-12-29 02:00:00,0.00,0.00,0.00,0.00,0.00,0.00,0.00,0.00,12.96,0.16,1.00,0.00
2009-12-29 03:00:00,0.00,0.00,0.00,0.00,0.00,0.00,0.00,0.00,12.30,0.30,1.00,0.00
2009-12-29 04:00:00,0.00,0.00,0.00,0.00,0.00,0.00,0.00,0.00,11.20,0.27,1.00,0.00
2009-12-29 05:00:00,0.00,0.00,0.00,0.00,0.00,0.00,0.00,0.00,11.84,0.39,1.00,0.00
2009-12-29 06:00:00,17.74,0.00,17.38,0.37,18.90,0.00,18.90,0.00,13.15,0.16,1.00,0.00
2009-12-29 07:00:00,100.01,50.37,44.68,4.96,256.10,207.50,48.60,771.12,16.32,0.39,0.00,0.00
2009-12-29 08:00:00,239.12,2.67,231.49,4.95,255.94,4.14,251.80,8.90,18.79,0.82,0.00,1.00
2009-12-29 09:00:00,333.62,4.86,321.86,6.90,356.18,6.08,350.10,9.44,21.29,1.14,0.00,1.00
2009-12-29 10:00:00,492.18,10.33,471.69,10.16,524.88,11.80,513.08,14.85,22.90,1.66,0.00,1.00
2009-12-29 11:00:00,800.02,46.50,737.01,16.50,852.50,50.82,801.68,56.13,24.72,2.07,0.00,1.00
2009-12-29 12:00:00,767.88,41.98,710.08,15.82,817.34,44.96,772.38,46.38,26.51,2.39,0.00,1.00
2009-12-29 13:00:00,886.43,68.87,799.31,18.25,942.92,73.48,869.44,74.81,27.60,2.77,0.00,1.00
2009-12-29 14:00:00,980.70,864.63,95.98,20.09,1037.74,933.34,104.40,989.95,27.24,3.00,0.00,0.00
2009-12-29 15:00:00,855.65,747.73,89.91,18.01,930.38,832.58,97.80,974.81,26.61,3.05,0.00,0.00
2009-12-29 16:00:00,672.75,577.08,80.72,14.95,772.32,684.52,87.80,948.09,25.50,2.79,0.00,0.00
2009-12-29 17:00:00,448.85,369.17,68.53,11.15,575.88,501.34,74.54,902.39,24.28,2.54,0.00,0.00
2009-12-29 18:00:00,209.01,148.86,53.23,6.92,357.50,299.60,57.90,818.55,22.41,1.78,0.00,0.00
2009-12-29 19:00:00,35.35,0.00,32.65,2.69,139.20,103.68,35.52,622.98,20.11,0.98,0.00,0.00
2009-12-29 20:00:00,0.00,0.00,0.00,0.00,0.00,0.00,0.00,0.00,18.41,0.36,1.00,0.00
2009-12-29 21:00:00,0.00,0.00,0.00,0.00,0.00,0.00,0.00,0.00,17.20,0.24,1.00,0.00
2009-12-29 22:00:00,0.00,0.00,0.00,0.00,0.00,0.00,0.00,0.00,15.93,0.46,1.00,0.00
2009-12-29 23:00:00,0.00,0.00,0.00,0.00,0.00,0.00,0.00,0.00,15.01,0.52,1.00,0.00
2009-12-30 00:00:00,0.00,0.00,0.00,0.00,0.00,0.00,0.00,0.00,14.09,0.55,1.00,0.00
2009-12-30 01:00:00,0.00,0.00,0.00,0.00,0.00,0.00,0.00,0.00,13.32,0.51,1.00,0.00
2009-12-30 02:00:00,0.00,0.00,0.00,0.00,0.00,0.00,0.00,0.00,12.53,0.58,1.00,0.00
2009-12-30 03:00:00,0.00,0.00,0.00,0.00,0.00,0.00,0.00,0.00,12.09,0.49,1.00,0.00
2009-12-30 04:00:00,0.00,0.00,0.00,0.00,0.00,0.00,0.00,0.00,11.22,0.53,1.00,0.00
2009-12-30 05:00:00,0.00,0.00,0.00,0.00,0.00,0.00,0.00,0.00,12.65,0.43,1.00,0.00
2009-12-30 06:00:00,17.05,0.00,16.70,0.35,18.16,0.00,18.16,0.00,14.18,0.32,1.00,0.00
2009-12-30 07:00:00,96.88,47.94,44.11,4.83,249.48,201.50,47.98,754.48,17.71,0.16,0.00,0.00
2009-12-30 08:00:00,332.21,261.55,61.52,9.15,472.38,405.46,66.92,875.16,20.62,0.64,0.00,0.00
2009-12-30 09:00:00,568.11,479.79,75.13,13.20,681.58,599.86,81.72,933.22,23.36,1.06,0.00,0.00
2009-12-30 10:00:00,773.01,670.62,85.76,16.63,859.16,765.88,93.28,965.50,25.94,1.54,0.00,0.00
2009-12-30 11:00:00,926.88,814.38,93.31,19.19,991.06,889.56,101.50,983.53,27.93,1.99,0.00,0.00
2009-12-30 12:00:00,1016.26,898.02,97.58,20.66,1067.24,961.10,106.14,992.01,29.16,2.47,0.00,0.00
2009-12-30 13:00:00,1033.84,914.49,98.41,20.95,1081.98,974.94,107.04,992.79,30.08,2.76,0.00,0.00
2009-12-30 14:00:00,978.35,862.59,95.74,20.03,1034.44,930.30,104.14,986.42,29.64,3.09,0.00,0.00
2009-12-30 15:00:00,853.71,746.09,89.67,17.95,927.34,829.80,97.54,970.83,28.77,3.00,0.00,0.00
2009-12-30 16:00:00,671.70,576.33,80.46,14.91,770.06,682.54,87.52,944.24,27.62,2.87,0.00,0.00
2009-12-30 17:00:00,448.71,369.28,68.31,11.12,574.36,500.06,74.30,898.44,26.04,2.64,0.00,0.00
2009-12-30 18:00:00,210.15,150.06,53.17,6.92,357.52,299.68,57.84,816.59,23.80,1.74,0.00,0.00
2009-12-30 19:00:00,35.46,0.00,32.75,2.71,140.06,104.44,35.62,624.32,21.10,0.86,0.00,0.00
2009-12-30 20:00:00,0.00,0.00,0.00,0.00,0.00,0.00,0.00,0.00,19.38,0.32,1.00,0.00
2009-12-30 21:00:00,0.00,0.00,0.00,0.00,0.00,0.00,0.00,0.00,18.35,0.21,1.00,0.00
2009-12-30 22:00:00,0.00,0.00,0.00,0.00,0.00,0.00,0.00,0.00,17.25,0.50,1.00,0.00
2009-12-30 23:00:00,0.00,0.00,0.00,0.00,0.00,0.00,0.00,0.00,16.24,0.54,1.00,0.00
2009-12-31 00:00:00,0.00,0.00,0.00,0.00,0.00,0.00,0.00,0.00,15.21,0.55,1.00,0.00
2009-12-31 01:00:00,0.00,0.00,0.00,0.00,0.00,0.00,0.00,0.00,14.47,0.51,1.00,0.00
2009-12-31 02:00:00,0.00,0.00,0.00,0.00,0.00,0.00,0.00,0.00,13.54,0.55,1.00,0.00
2009-12-31 03:00:00,0.00,0.00,0.00,0.00,0.00,0.00,0.00,0.00,12.84,0.53,1.00,0.00
2009-12-31 04:00:00,0.00,0.00,0.00,0.00,0.00,0.00,0.00,0.00,11.76,0.49,1.00,0.00
2009-12-31 05:00:00,0.00,0.00,0.00,0.00,0.00,0.00,0.00,0.00,12.73,0.41,1.00,0.00
2009-12-31 06:00:00,16.46,0.00,16.13,0.34,17.54,0.00,17.54,0.00,14.35,0.21,1.00,0.00
2009-12-31 07:00:00,93.88,45.52,43.65,4.71,243.28,195.80,47.48,739.66,17.35,0.29,0.00,0.00
2009-12-31 08:00:00,326.06,256.05,61.03,8.98,463.76,397.38,66.38,861.46,19.70,0.86,0.00,0.00
2009-12-31 09:00:00,559.64,472.09,74.56,12.99,671.22,590.12,81.10,920.75,22.23,1.32,0.00,0.00
2009-12-31 10:00:00,762.98,661.44,85.13,16.41,847.60,755.00,92.60,953.45,24.35,1.73,0.00,0.00
2009-12-31 11:00:00,915.98,804.36,92.67,18.95,978.90,878.10,100.80,971.90,26.18,2.30,0.00,0.00
2009-12-31 12:00:00,1005.30,887.94,96.93,20.43,1055.08,949.64,105.44,980.75,27.34,2.72,0.00,0.00
2009-12-31 13:00:00,1023.44,904.94,97.78,20.72,1070.34,963.98,106.36,981.76,27.86,3.03,0.00,0.00
2009-12-31 14:00:00,968.85,853.86,95.17,19.82,1023.54,920.02,103.52,975.22,27.15,3.28,0.00,0.00
2009-12-31 15:00:00,846.75,739.71,89.25,17.79,918.78,821.70,97.08,960.74,26.24,3.23,0.00,0.00
2009-12-31 16:00:00,667.01,572.06,80.17,14.78,763.46,676.26,87.20,934.46,24.87,2.87,0.00,0.00
2009-12-31 17:00:00,446.35,367.18,68.14,11.03,569.86,495.74,74.12,889.29,23.55,2.64,0.00,0.00
2009-12-31 18:00:00,210.07,150.15,53.05,6.88,355.16,297.46,57.70,808.40,21.42,1.96,0.00,0.00
2009-12-31 19:00:00,35.37,0.00,32.67,2.70,139.40,103.86,35.54,617.68,19.25,1.09,0.00,0.00
2009-12-31 20:00:00,0.00,0.00,0.00,0.00,0.00,0.00,0.00,0.00,9.60,2.58,1.00,0.00
2009-12-31 21:00:00,0.00,0.00,0.00,0.00,0.00,0.00,0.00,0.00,12.57,1.23,1.00,0.00
2009-12-31 22:00:00,0.00,0.00,0.00,0.00,0.00,0.00,0.00,0.00,10.86,0.83,1.00,0.00
2009-12-31 23:00:00,0.00,0.00,0.00,0.00,0.00,0.00,0.00,0.00,10.54,0.69,1.00,0.00
